TermékNév	Ár	TFT	CPU	RAM	HDD	GPU	ODD	Gar.	Akku	OS	Egyéb	Állapot	Szín	BT	USB	CR	Bill.	TV ki	Touchpad	WLAN	FW	LAN	Modem	PCMCIA	Portok	Család	Modell	Dokk	Kamera	Kategória	Bill. Num	HDMI	ExpressCard	Külső táskaméret	FP	3G kártyahely	eSata
Asus laptophoz +4 GB memória bővítés felára	7874 Ft										Egyéb	Új																										
HP Pavilion DV1000	44900 Ft	14.1ʺ WXGA	Pentium M-1600 (725)	1536 MB	160 GB	Intel integrált	DVDRW	3 nap	gyenge	Win XP home		Használt	szürke	van	3 db	4 in 1	magyar	S-Video	Touch pad	van	van	van	van	van	VGA													
ThinkPad X60s	69900 Ft	12ʺ TFT XGA	Core2 Duo T7100 (1800)	1024 MB	80 GB	Intel GMA 950	nincs optikai meghajtó	3 nap		WinXP Prof. Eng.		Használt	fekete		3 db	SD card	angol		Track point + Touch pad	b/g 54mbps	van	10/100	van	van	VGA	ThinkPad	ThinkPad X	van	van									
Asus X502CA-XX083D Black FD	62913 Ft	15.6ʺ HD LED (1366x768)	Celeron DC 1007U (1500)	2048 (DDR3) MB	320 GB	Intel HD Graphics	nincs optikai meghajtó	2 év	2 cellás	nincs (F)		Új	fekete		1x3.0.2x2.0	SD card	magyar		Touch pad	b/g/n 300mbps		10/100/1000			VGA				van	Első noteszgépem	van	van						
Acer AS E1-532-29552G50Mnkk Black LX	62913 Ft	15.6ʺ HD fényes	Celeron 2955U (1400)	2048 (DDR3) MB	500 GB	Intel HD Graphics	DVDRW SM	2 év	4 cellás	nincs (L)		Új	fekete	4.0	1x3.0.2x2.0	SD card	magyar		Touch pad	b/g/n 300mbps		10/100/1000			VGA	Aspire			van	Első noteszgépem	van	van						
Acer AS E1-530-21172G50Mnrr Red LX 2Y NVB	70787 Ft	15.6ʺ HD LED (1366x768)	Pentium 2117U (1800)	2048 (DDR3) MB	500 GB	Intel HD Graphics	DVDRW SM	2 év	4 cellás	nincs (L)		Új	piros	4.0	1x3.0.2x2.0	SD card	magyar		Touch pad	b/g/n 300mbps		10/100/1000			VGA	Aspire			van	Első noteszgépem	van	van						
Toshiba Satellite C50-A-14L Black NoOs	70787 Ft	15.6ʺ HD LED (1366x768)	Celeron 1005M (1900)	4096 (DDR3) MB	500 GB	Intel HD Graphics	nincs optikai meghajtó	2 év	4200 mAh (Li-ion)	nincs op. rsz.		Új	fekete	4.0	1x3.0.2x2.0	SD card	magyar		Touch pad	b/g/n 300mbps		10/100			VGA	Satellite			van	Első noteszgépem	van	van						
Acer AS E1-530-21172G50Mnkk Black LX 2Y NVB	70787 Ft	15.6ʺ HD LED (1366x768)	Pentium 2117U (1800)	2048 (DDR3) MB	500 GB	Intel HD Graphics	DVDRW SM	2 év	4 cellás	nincs (L)		Új	fekete	4.0	1x3.0.2x2.0	SD card	magyar		Touch pad	b/g/n 300mbps		10/100/1000			VGA				van	Első noteszgépem	van	van						
Asus X402CA-WX012D Black FD 2Y	70787 Ft	14ʺ HD LED (1366x768)	Pentium 987 (1500)	4096 (DDR3) MB	500 GB	Intel HD Graphics	nincs optikai meghajtó	2 év	2 cellás	nincs (F)		Új	fekete		1x3.0.2x2.0	SD card	magyar		Touch pad	b/g/n 300mbps		10/100/1000			VGA				van	Első noteszgépem		van						
ThinkPad T60	74900 Ft	14ʺ XGA	CoreDuo T2500 (2000)	1024 MB	60 GB	Intel	DVD+CDRW	3 nap		WinXP Prof. Eng.		Használt	fekete		3 db		angol		Track point + Touch pad	b/g 54mbps		10/100	van	van	VGA	ThinkPad	ThinkPad T	van					van					
Asus X550CA-XX190D Red FD	78661 Ft	15.6ʺ HD LED fényes	Pentium 2117U (1800)	4096 (DDR3) MB	500 GB	Intel HD Graphics	DVDRW SM	2 év	4 cellás	nincs (F)		Új	piros	4.0	1x3.0.1x2.0	SD card	magyar		Touch pad	b/g/n 300mbps		10/100/1000			VGA				van	Első noteszgépem	van	van						
HP 250 H6Q59EA LX HPNVB	78661 Ft	15.6ʺ HD LED matt	Pentium 2020M (2400)	4096 (DDR3) MB	750 GB	Intel HD Graphics	DVDRW +/- DL	2 év	6 cellás	nincs (L)		Új	ezüstszürke	4.0	3 db	2 in 1	magyar		Touch pad	b/g/n 300mbps		10/100/1000			VGA				van	Első noteszgépem		van		Ajándék táska				
HP 255 H6R17EA LX	78661 Ft	15.6ʺ HD LED matt	AMD E2-1800 (1700)	4096 (DDR3) MB	500 GB	AMD Radeon HD 7340	DVDRW +/- DL	2 év	6 cellás	nincs (L)		Új	ezüstszürke	4.0	3 db	2 in 1	magyar		Touch pad	b/g/n 300mbps		10/100/1000			VGA				van			van						
Lenovo B590 Black 59-374005 FD NAT	78661 Ft	15.6ʺ HD LED matt	Pentium 2020M (2400)	4096 (DDR3) MB	500 GB	Intel HD Graphics	DVDRW SM	2 év	6 cellás	nincs (F)		Új	fekete	4.0	1x3.0.2x2.0	2 in 1	magyar		Touch pad	b/g/n 300mbps		10/100/1000			VGA				van	Első noteszgépem	van	van						
Lenovo G505 Black 59-390261 FD LNVB1	78661 Ft	15.6ʺ HD LED (1366x768)	AMD A4-5000 (1500)	4096 (DDR3) MB	500 GB	AMD Radeon HD 8330M	DVDRW SM	1 év*	6 cellás	nincs (F)		Új	fekete	4.0	2x3.0.1x2.0	2 in 1	magyar		Touch pad	b/g/n 300mbps		10/100			VGA				van		van	van						
Fujitsu LifeBook A531 CL NoOs	78661 Ft	15.6ʺ HD (1366x768)	Celeron B815 (1600)	2048 (DDR3) MB	500 GB	Intel HD Graphics	DVDRW SM	3 év	4400 mAh (Li-ion)	nincs op. rsz.		Új	fekete	van	3 db	3 in 1	magyar		Touch pad	b/g/n 300mbps		10/100/1000			VGA	Lifebook	Lifebook A		van	Első noteszgépem	van	van	van					
Acer AS E1-532-29552G50Mnkk Blk Win8.1	78661 Ft	15.6ʺ HD fényes	Celeron 2955U (1400)	2048 (DDR3) MB	500 GB	Intel HD Graphics	DVDRW SM	2 év	4 cellás	Windows 8.1 32Bit		Új	fekete	4.0	1x3.0.2x2.0	SD card	magyar		Touch pad	b/g/n 300mbps		10/100/1000			VGA				van	Első noteszgépem	van	van						
Acer V5-431-987B4G50Mau Purple LX 2Y ACNVB	78661 Ft	14ʺ HD LED (1366x768)	Pentium 987 (1500)	4096 (DDR3) MB	500 GB	Intel HD Graphics	DVDRW SM	2 év	4 cellás	nincs (L)		Új	lila	4.0	1x3.0.2x2.0	2 in 1	magyar		Touch pad	b/g/n 300mbps		10/100/1000			VGA	Aspire			van	Első noteszgépem		van						
ThinkPad R61i	79900 Ft	15.4ʺ WXGA (matt)	Core2 Duo T5500 (1660)	2048 MB	60 GB	Intel 940GM integrált	DVDRW	3 nap		WinXP Prof. Eng.		Használt	fekete	van	3 db		angol		Track point	b/g 54mbps		10/100	van	van	VGA	ThinkPad	ThinkPad R											
Toshiba Satellite A200-1N2	79900 Ft	15.4ʺ WXGA	Core2 Duo T5250 (1500)	3072 MB	120 GB	128 MB Intel GMA X3100 osztott	DVDRW	3 nap		Win Vista Home Prem 64bit HUN		Használt	kék		4 db	3 in 1	magyar	S-Video	Touch pad	b/g 54mbps	van	10/100	van		VGA	Satellite	Satellite A		van				van					
ThinkPad X61s	79900 Ft	12ʺ TFT XGA	Core2 Duo L7500 (1600/FSB800)	2048 MB	120 GB	Intel GMA 950	nincs optikai meghajtó	3 nap		WinXP Prof. Eng.		Használt	fekete		3 db	SD card	angol		Track point + Touch pad	b/g 54mbps	van	10/100	van	van	VGA	ThinkPad	ThinkPad X	van	van						van			
Packard Bell TV11-HC-B964G75Mnks LX 8GB	80267 Ft	15.6ʺ HD LED (1366x768)	Pentium B960 (2200)	8192 (DDR3) MB	750 GB	Intel HD Graphics	DVDRW SM	2 év	4400 mAh (Li-ion)	nincs (L)		Új	fekete		3 db	5 in 1	magyar		Touch pad	b/g/n 300mbps		10/100/1000			VGA				van	Első noteszgépem	van	van						
Dell Inspiron 3521-HA1 Black LX	81811 Ft	15.6ʺ HD LED (1366x768)	Pentium 2127U (1900)	4096 (DDR3) MB	500 GB	Intel HD Graphics	DVDRW +/-	3 év	4 cellás	nincs (L)		Új	fekete	4.0	2x3.0.2x2.0	4 in 1	magyar		Touch pad	b/g/n 300mbps		10/100				Inspiron			van	Első noteszgépem	van	van						
HP Renew 630 A1E16EAR#ABZ	81890 Ft	15.6ʺ HD LED matt	Core i3 370M (2400)	4096 (DDR3) MB	500 GB	Intel HD Graphics 3000	DVDRW +/- DL	1 év	6 cellás	nincs (F)		Újracsomagolt	champagne	van	3 db	5 in 1	egyéb		Multi-touch	b/g/n 300mbps		10/100/1000			VGA				van	Első noteszgépem		van						
Fujitsu LifeBook A531 CL NoOs 4GB	82598 Ft	15.6ʺ HD (1366x768)	Celeron B815 (1600)	4096 (DDR3) MB	500 GB	Intel HD Graphics	DVDRW SM	3 év	4400 mAh (Li-ion)	nincs op. rsz.		Új	fekete	van	3 db	3 in 1	magyar		Touch pad	b/g/n 300mbps		10/100/1000			VGA	Lifebook	Lifebook A		van	Első noteszgépem	van	van	van					
Samsung NP270E5V-K02HU Black FD NVB	82598 Ft	15.6ʺ HD LED matt	Pentium 2117U (1800)	4096 (DDR3) MB	500 GB	Intel HD Graphics	DVDRW SM	2 év	4400 mAh (Li-ion)	nincs (F)		Új	fekete	4.0	3 db	SD card	magyar		Touch pad	b/g/n 300mbps		10/100			VGA	Samsung	Samsung N		van	Első noteszgépem	van	van						
Acer V5-431-987B4G50Mas SIL LX 2Y SW/XSR ACNVB	82598 Ft	14ʺ HD LED (1366x768)	Pentium 987 (1500)	4096 (DDR3) MB	500 GB	Intel HD Graphics	DVDRW SM	2 év	4 cellás	nincs (L)		Új	ezüst	4.0	1x3.0.2x2.0	2 in 1	magyar		Touch pad	b/g/n 300mbps		10/100/1000			VGA				van	Első noteszgépem		van						
Acer AS E1-530G-21174G50Mnkk Black LX 2Y	84173 Ft	15.6ʺ HD LED fényes	Pentium 2117U (1800)	4096 (DDR3) MB	500 GB	1024 MB NVIDIA GF GT 720M	DVDRW SM	2 év	4 cellás	nincs (L)		Új	fekete	4.0	1x3.0.2x2.0	SD card	magyar		Touch pad	b/g/n 300mbps		10/100/1000			VGA				van	Multimédia	van	van						
Asus A54H-SO203D	84900 Ft	15.6ʺ HD LED (1366x768)	Pentium B940 (2000)	2048 MB	320 GB	Intel HD 2000	DVDRW +/- DL/Ram	3 nap		nincs op. rsz.		Használt	fekete	van	1x3.0.1x2.0	van	magyar		Touch pad	van		van			VGA	Value	ASUS A		van		van	van						
Fujitsu LifeBook A512 DUK Black NoOs 2Y LH5	86535 Ft	15.6ʺ HD LED matt	Pentium B960 (2200)	4096 (DDR3) MB	500 GB	Intel HD Graphics	DVDRW SM	2 év	4400 mAh (Li-ion)	nincs op. rsz.		Új	fekete	3.0	3 db	4 in 1	magyar		Touch pad	b/g/n 300mbps		10/100/1000			VGA	Lifebook	Lifebook A		van	Első noteszgépem	van	van	van					
Acer V5-431-987B4G50Mau Purple LX 2Y 8GB	86535 Ft	14ʺ HD LED (1366x768)	Pentium 987 (1500)	8192 (DDR3) MB	500 GB	Intel HD Graphics	DVDRW SM	2 év	4 cellás	nincs (L)		Új	lila	4.0	1x3.0.2x2.0	2 in 1	magyar		Touch pad	b/g/n 300mbps		10/100/1000			VGA	Aspire			van	Első noteszgépem		van						
Acer AS E1-570-33214G50Dnkk Blk LX 2Y NVB	86535 Ft	15.6ʺ HD LED (1366x768)	Core i3 3217U (1800)	4096 (DDR3) MB	500 GB	Intel HD Graphics 4000	nincs optikai meghajtó	2 év	4 cellás	nincs (L)		Új	fekete	van	1x3.0.2x2.0	SD card	magyar		Touch pad	b/g/n 300mbps		10/100/1000			VGA	Aspire			van	Első noteszgépem	van	van						
Lenovo M490s Silver 59-363637 FD	86535 Ft	14ʺ HD LED AntiGlare	Pentium 987 (1500)	4096 (DDR3) MB	500 GB	1024 MB NVIDIA GF GT 710M	nincs optikai meghajtó	2 év	4 cellás	nincs (F)		Új	ezüstszürke	4.0	2x3.0.1x2.0	2 in 1	magyar		Touch pad	b/g/n 300mbps		10/100/1000							van	Első noteszgépem		van			van			
Fujitsu LifeBook A531 CL NoOs 6GB	86535 Ft	15.6ʺ HD (1366x768)	Celeron B815 (1600)	6144 (DDR3) MB	500 GB	Intel HD Graphics	DVDRW SM	3 év	4400 mAh (Li-ion)	nincs op. rsz.		Új	fekete	van	3 db	3 in 1	magyar		Touch pad	b/g/n 300mbps		10/100/1000			VGA	Lifebook	Lifebook A		van	Első noteszgépem	van	van	van					
Acer Aspire 5742Z-P622G32Mnkk Black LX	86535 Ft	15.6ʺ HD LED (1366x768)	Pentium P6200 (2130)	2048 (DDR3) MB	320 GB	Intel HD Graphics	DVDRW SM	1 év	6 cellás	nincs (L)		Új	fekete		3 db	2 in 1	magyar		Touch pad	b/g/n 300mbps		10/100/1000			VGA	Aspire	Aspire 5xxx		van	Első noteszgépem	van	van						
Lenovo ThinkPad Edge E335 13" Blue NZT36HV	86535 Ft	13.3ʺ HD (1366x768)	AMD E2-1800 (1700)	2048 (DDR3) MB	500 GB	AMD Radeon HD 7340	nincs optikai meghajtó	2 év	6 cellás	nincs op. rsz.		Új	kék	4.0	2x3.0.1x2.0	4 in 1	magyar		Track point + Touch pad	b/g/n 300mbps		10/100			VGA	ThinkPad	ThinkPad Edge		van			van						
Asus X550CC-XX282D Blue FD	88898 Ft	15.6ʺ HD LED (1366x768)	Pentium 2117U (1800)	4096 (DDR3) MB	500 GB	2048 MB NVIDIA GF GT720M	DVDRW SM	2 év	4 cellás	nincs (F)		Új	kék	4.0	1x3.0.1x2.0	SD card	magyar		Touch pad	b/g/n 300mbps		10/100/1000			VGA				van	Multimédia	van	van						
Asus X550CC-XX284D Red FD	88898 Ft	15.6ʺ HD LED (1366x768)	Pentium 2117U (1800)	4096 (DDR3) MB	500 GB	2048 MB NVIDIA GF GT720M	DVDRW SM	2 év	4 cellás	nincs (F)		Új	piros	4.0	1x3.0.1x2.0	SD card	magyar		Touch pad	b/g/n 300mbps		10/100/1000			VGA				van	Multimédia	van	van						
Acer E1-530-21172G50Mnkk Black Win8.1 2Y	90472 Ft	15.6ʺ HD LED (1366x768)	Pentium 2117U (1800)	2048 (DDR3) MB	500 GB	Intel HD Graphics	DVDRW SM	2 év	4 cellás	Windows 8.1 32Bit		Új	fekete	4.0	1x3.0.2x2.0	SD card	magyar		Touch pad	b/g/n 300mbps		10/100/1000			VGA				van	Első noteszgépem	van	van						
Lenovo ThinkPad Edge E335 13" Blue NZT36HV 4GB	90472 Ft	13.3ʺ HD (1366x768)	AMD E2-1800 (1700)	4096 (DDR3) MB	500 GB	AMD Radeon HD 7340	nincs optikai meghajtó	2 év	6 cellás	nincs op. rsz.		Új	kék	4.0	2x3.0.1x2.0	4 in 1	magyar		Track point + Touch pad	b/g/n 300mbps		10/100			VGA	ThinkPad	ThinkPad Edge		van			van						
Acer E1-530-21172G50Mnrr Red Win7 2Y	90472 Ft	15.6ʺ HD fényes	Pentium 2117U (1800)	2048 (DDR3) MB	500 GB	Intel HD Graphics	DVDRW SM	2 év	4 cellás	Windows7 HomePrem 64 HUN		Új	piros	4.0	1x3.0.2x2.0	SD card	magyar		Touch pad	b/g/n 300mbps		10/100/1000			VGA				van	Első noteszgépem	van	van						
Asus X550CC-XO028D Grey FD	90472 Ft	15.6ʺ HD LED matt	Pentium 2117U (1800)	4096 (DDR3) MB	500 GB	2048 MB NVIDIA GF GT720M	DVDRW SM	2 év	4 cellás	nincs (F)		Új	szürke	4.0	1x3.0.1x2.0	SD card	magyar		Touch pad	b/g/n 300mbps		10/100/1000			VGA				van	Multimédia	van	van						
Fujitsu LifeBook A512 DUK Black NoOs 3Y LH5	90472 Ft	15.6ʺ HD LED matt	Pentium B960 (2200)	4096 (DDR3) MB	500 GB	Intel HD Graphics	DVDRW SM	3 év	4400 mAh (Li-ion)	nincs op. rsz.		Új	fekete	3.0	3 db	4 in 1	magyar		Touch pad	b/g/n 300mbps		10/100/1000			VGA	Lifebook	Lifebook A		van	Első noteszgépem	van	van	van					
Asus X550CC-XO034D Grey FD	90472 Ft	15.6ʺ HD LED matt	Pentium 2117U (1800)	4096 (DDR3) MB	750 GB	2048 MB NVIDIA GF GT720M	DVDRW SM	2 év	4 cellás	nincs (F)		Új	szürke	4.0	1x3.0.1x2.0	SD card	magyar		Touch pad	b/g/n 300mbps		10/100/1000			VGA				van	Multimédia	van	van						
Dell Inspiron N5050 CE S Black 3113854 LX 2Y	90472 Ft	15.6ʺ HD (1366x768)	Celeron B710 (1600)	2048 (DDR3) MB	320 GB	Intel HD Graphics	DVDRW SM	2 év	6 cellás	nincs (L)		Új	fekete	3.0	3 db	3 in 1	magyar		Touch pad	b/g/n 300mbps		10/100			VGA	Inspiron			van	Első noteszgépem		van						
Fujitsu LifeBook A512 VUK SW NOS 3Y Clip19/R	90472 Ft	15.6ʺ HD LED matt	Pentium B960 (2200)	4096 (DDR3) MB	500 GB	Intel HD Graphics	DVDRW SM	3 év	4400 mAh (Li-ion)	nincs op. rsz.		Új	fekete	3.0	3 db	4 in 1	magyar		Touch pad	b/g/n 300mbps		10/100/1000			VGA	Lifebook	Lifebook A		van	Első noteszgépem	van	van	van					
Acer E1-530-21172G50Mnrr Red Win8.1 2Y	90472 Ft	15.6ʺ HD fényes	Pentium 2117U (1800)	2048 (DDR3) MB	500 GB	Intel HD Graphics	DVDRW SM	2 év	4 cellás	Windows 8.1 32Bit		Új	piros	4.0	1x3.0.2x2.0	SD card	magyar		Touch pad	b/g/n 300mbps		10/100/1000			VGA				van	Első noteszgépem	van	van						
Lenovo IdeaPad S400 Silver 59-367004 FD	92047 Ft	14ʺ HD LED (1366x768)	Pentium 2117U (1800)	4096 (DDR3) MB	500 GB	Intel HD Graphics	nincs optikai meghajtó	2 év	4 cellás	nincs (F)		Új	ezüst	4.0	1x3.0.2x2.0	2 in 1	magyar		Touch pad	b/g/n 300mbps		10/100				IdeaPad	IdeaPad S		van	Első noteszgépem		van						
Lenovo IdeaPad G575GC 59-324665 Black FD XT	92598 Ft	15.6ʺ HD LED (1366x768)	AMD DualCore E-450 (1650)	4096 (DDR3) MB	500 GB	AMD Radeon HD 6320	DVDRW SM	2 év	6 cellás	nincs (F)		Új	fekete		2 db		magyar		Touch pad	b/g/n 300mbps		10/100			VGA	IdeaPad	IdeaPad G		van		van							
Asus X550CA-XX207D Blue FD	92835 Ft	15.6ʺ HD LED (1366x768)	Core i3 3217U (1800)	4096 (DDR3) MB	500 GB	Intel HD Graphics 4000	DVDRW SM	2 év	4 cellás	nincs (F)		Új	kék	4.0	1x3.0.1x2.0	SD card	magyar		Touch pad	b/g/n 300mbps		10/100/1000			VGA				van	Első noteszgépem	van	van						
Asus X550CA-XO160D White FD	92835 Ft	15.6ʺ HD LED matt	Core i3 3217U (1800)	4096 (DDR3) MB	500 GB	Intel HD Graphics 4000	DVDRW SM	2 év	4 cellás	nincs (F)		Új	fehér	4.0	1x3.0.1x2.0	SD card	magyar		Touch pad	b/g/n 300mbps		10/100/1000			VGA				van	Első noteszgépem	van	van						
Acer AS E1-571-33114G75Mnks Blk LX 2Y	94409 Ft	15.6ʺ HD LED fényes	Core i3 3110M (2400)	4096 (DDR3) MB	750 GB	Intel HD Graphics 4000	DVDRW SM	2 év	4400 mAh (Li-ion)	nincs (L)		Új	fekete		3 db	5 in 1	magyar		Touch pad	b/g/n 300mbps		10/100/1000			VGA				van	Első noteszgépem	van	van						
HP 250 H6Q59EA Win8	94409 Ft	15.6ʺ HD LED matt	Pentium 2020M (2400)	4096 (DDR3) MB	750 GB	Intel HD Graphics	DVDRW +/- DL	2 év	6 cellás	Windows 8.1 64Bit		Új	ezüstszürke	4.0	3 db	2 in 1	magyar		Touch pad	b/g/n 300mbps		10/100/1000			VGA				van	Első noteszgépem		van		Ajándék táska				
Lenovo IdeaPad S400 Silver 59-350221 FD	94409 Ft	14ʺ HD LED (1366x768)	Pentium 997 (1600)	4096 (DDR3) MB	500 GB	1024 MB AMD Radeon HD 7450M	nincs optikai meghajtó	2 év	4 cellás	nincs (F)		Új	ezüst	van	1x3.0.2x2.0	2 in 1	magyar		Touch pad	b/g/n 300mbps		10/100				IdeaPad	IdeaPad S		van	Első noteszgépem		van						
Lenovo IdeaPad G500 Black 59-390525 FD	94409 Ft	15.6ʺ HD LED (1366x768)	Core i3 3110M (2400)	4096 (DDR3) MB	500 GB	Intel HD Graphics 4000	DVDRW SM	2 év	6 cellás	nincs (F)		Új	fekete	4.0	2x3.0.1x2.0	2 in 1	magyar		Touch pad	b/g/n 300mbps		10/100			VGA	IdeaPad	IdeaPad G		van	Első noteszgépem	van	van						
Toshiba Satellite C55-A-19D Black NoOs	94409 Ft	15.6ʺ HD LED fényes	Core i3 3110M (2400)	4096 (DDR3) MB	500 GB	Intel HD Graphics 4000	DVDRW SM	2 év	4200 mAh (Li-ion)	nincs op. rsz.		Új	fekete	4.0	1x3.0.2x2.0	SD card	magyar		Touch pad	b/g/n 300mbps		10/100			VGA				van	Első noteszgépem	van	van						
Acer AS E1-571G-33114G50Mnks Blk LX 2Y	94409 Ft	15.6ʺ HD LED fényes	Core i3 3110M (2400)	4096 (DDR3) MB	500 GB	1024 MB NVIDIA GF GT 710M	DVDRW SM	2 év	4400 mAh (Li-ion)	nincs (L)		Új	fekete		3 db	5 in 1	magyar		Touch pad	b/g/n 300mbps		10/100/1000			VGA				van	Multimédia	van	van						
Fujitsu LifeBook A512 VUK SW NOS 3Y Clip12/P	94409 Ft	15.6ʺ HD LED matt	Pentium B960 (2200)	4096 (DDR3) MB	500 GB	Intel HD Graphics	DVDRW SM	3 év	4400 mAh (Li-ion)	nincs op. rsz.		Új	fekete	3.0	3 db	4 in 1	magyar		Touch pad	b/g/n 300mbps		10/100/1000			VGA	Lifebook	Lifebook A		van	Első noteszgépem	van	van	van					
Acer Aspire 5742Z-P622G32Mnkk Black LX 6GB	94409 Ft	15.6ʺ HD LED (1366x768)	Pentium P6200 (2130)	6144 (DDR3) MB	320 GB	Intel HD Graphics	DVDRW SM	1 év	6 cellás	nincs (L)		Új	fekete		3 db	2 in 1	magyar		Touch pad	b/g/n 300mbps		10/100/1000			VGA	Aspire	Aspire 5xxx		van	Első noteszgépem	van	van						
HP 250 i3 H6Q77EA LX HPNVB	94409 Ft	15.6ʺ HD LED matt	Core i3 3110M (2400)	4096 (DDR3) MB	500 GB	Intel HD Graphics 4000	DVDRW +/- DL	2 év	6 cellás	nincs (L)		Új	ezüstszürke	4.0	3 db	2 in 1	magyar		Touch pad	b/g/n 300mbps		10/100/1000			VGA				van	Első noteszgépem		van						
Lenovo IdeaPad G500 Black 59-390091 FD	98346 Ft	15.6ʺ HD LED (1366x768)	Pentium 2020M (2400)	4096 (DDR3) MB	1000 GB	2048 MB AMD Radeon HD 8570M	DVDRW SM	1 év*	6 cellás	nincs (F)		Új	fekete	4.0	2x3.0.1x2.0	2 in 1	magyar		Touch pad	b/g/n 300mbps		10/100			VGA	IdeaPad	IdeaPad G		van	Első noteszgépem	van	van						
Asus X550CC-XX299D i3 Blue FD	98346 Ft	15.6ʺ HD LED fényes	Core i3 3217U (1800)	4096 (DDR3) MB	500 GB	2048 MB NVIDIA GF GT720M	DVDRW SM	2 év	4 cellás	nincs (F)		Új	kék	4.0	1x3.0.1x2.0	SD card	magyar		Touch pad	b/g/n 300mbps		10/100/1000			VGA				van	Multimédia	van	van						
HP 250 H6Q56EA W8	98346 Ft	15.6ʺ HD LED matt	Pentium 2020M (2400)	4096 (DDR3) MB	500 GB	Intel HD Graphics	DVDRW +/- DL	2 év	6 cellás	Windows 8 64Bit HUN		Új	ezüstszürke	4.0	3 db	2 in 1	magyar		Touch pad	b/g/n 300mbps		10/100/1000			VGA				van	Első noteszgépem		van						
Fujitsu LifeBook A512 i3 2Y NoOs	98346 Ft	15.6ʺ HD LED matt	Core i3 2348M (2300)	4096 (DDR3) MB	500 GB	Intel HD Graphics 3000	DVDRW SM	2 év	4400 mAh (Li-ion)	nincs op. rsz.		Új	fekete	4.0	3 db	4 in 1	magyar		Touch pad	b/g/n 300mbps		10/100/1000			VGA				van	Első noteszgépem	van	van	van					
Asus X550CC-XX191D i3 Red FD	98346 Ft	15.6ʺ HD fényes	Core i3 3217U (1800)	4096 (DDR3) MB	500 GB	2048 MB NVIDIA GF GT720M	DVDRW SM	2 év	4 cellás	nincs (F)		Új	piros	4.0	1x3.0.1x2.0	SD card	magyar		Touch pad	b/g/n 300mbps		10/100/1000			VGA				van	Multimédia	van	van						
Asus X550CC-XO072D i3 Grey FD	98346 Ft	15.6ʺ HD LED fényes	Core i3 3217U (1800)	4096 (DDR3) MB	500 GB	2048 MB NVIDIA GF GT720M	DVDRW SM	2 év	4 cellás	nincs (F)		Új	szürke	4.0	1x3.0.1x2.0	SD card	magyar		Touch pad	b/g/n 300mbps		10/100/1000			VGA				van	Multimédia	van	van						
Fujitsu LifeBook A512 VUK SW NOS 3Y Clip19/R 8GB	98346 Ft	15.6ʺ HD LED matt	Pentium B960 (2200)	8192 (DDR3) MB	500 GB	Intel HD Graphics	DVDRW SM	3 év	4400 mAh (Li-ion)	nincs op. rsz.		Új	fekete	3.0	3 db	4 in 1	magyar		Touch pad	b/g/n 300mbps		10/100/1000			VGA	Lifebook	Lifebook A		van	Első noteszgépem	van	van	van					
Asus X550CC-XX276D i3 White FD	98346 Ft	15.6ʺ HD LED (1366x768)	Core i3 3217U (1800)	4096 (DDR3) MB	500 GB	2048 MB NVIDIA GF GT720M	DVDRW SM	2 év	4 cellás	nincs (F)		Új	fehér	4.0	1x3.0.1x2.0	SD card	magyar		Touch pad	b/g/n 300mbps		10/100/1000			VGA				van	Multimédia	van	van						
Asus S200E-CT161H Grey W8	102283 Ft	11.6ʺ HD LED Multi Touch	Pentium 987 (1500)	4096 (DDR3) MB	500 GB	Intel HD Graphics 4000	No ODD	2 év	2 cellás	Windows 8 64Bit		Új	szürke	van	1x3.0.2x2.0	2 in 1	magyar		Touch pad	b/g/n 300mbps		10/100/1000			VGA				van	Első noteszgépem		van						
Fujitsu LifeBook A532 i3 2Y NoOs	102283 Ft	15.6ʺ HD LED matt	Core i3 2370M (2400)	4096 (DDR3) MB	320 GB	Intel HD Graphics 3000	DVDRW SM	2 év	4400 mAh (Li-ion)	nincs op. rsz.		Új	fekete	van	3x3.0.1x2.0	4 in 1	magyar		Touch pad	b/g/n 300mbps		10/100/1000			VGA	Lifebook	Lifebook A		van	Első noteszgépem	van	van	van			Előkészítés modem nélkül		
Dell Inspiron 3721-8 Black LX	102283 Ft	17.3ʺ HD+ TL (1600x900)	Pentium 2127U (1900)	4096 (DDR3) MB	500 GB	Intel HD Graphics	DVDRW +/-	3 év	4 cellás	nincs (L)		Új	fekete	4.0	2x3.0.2x2.0	4 in 1	magyar		Touch pad	b/g/n 300mbps		10/100				Inspiron			van	Első noteszgépem	van	van						
HP 250 H6Q59EA Win7	102283 Ft	15.6ʺ HD LED matt	Pentium 2020M (2400)	4096 (DDR3) MB	750 GB	Intel HD Graphics	DVDRW +/- DL	2 év	6 cellás	Windows7 HomePrem 64 HUN		Új	ezüstszürke	4.0	3 db	2 in 1	magyar		Touch pad	b/g/n 300mbps		10/100/1000			VGA				van	Első noteszgépem		van		Ajándék táska				
Asus S200E-CT206H Graphite W8 ASNVB	102283 Ft	11.6ʺ HD LED Multi Touch	Core i3 2365M (1400)	4096 (DDR3) MB	500 GB	Intel HD Graphics 3000	No ODD	2 év	2 cellás	Windows 8 64Bit		Új	fekete	van	1x3.0.2x2.0	2 in 1	magyar		Touch pad	b/g/n 300mbps		10/100/1000			VGA				van	Első noteszgépem		van						
Fujitsu LifeBook A512 VUK SW NOS 3Y Clip12/P 8GB	102283 Ft	15.6ʺ HD LED matt	Pentium B960 (2200)	8192 (DDR3) MB	500 GB	Intel HD Graphics	DVDRW SM	3 év	4400 mAh (Li-ion)	nincs op. rsz.		Új	fekete	3.0	3 db	4 in 1	magyar		Touch pad	b/g/n 300mbps		10/100/1000			VGA	Lifebook	Lifebook A		van	Első noteszgépem	van	van	van					
Lenovo IdeaPad U510 Grey 59-393097 FD LNVB2	102283 Ft	15.6ʺ HD LED (1366x768)	Core i3 3217U (1800)	4096 (DDR3) MB	1000 GB	Intel HD Graphics 4000	DVDRW SM	2 év	3 cellás (extended)	nincs (F)		Új	szürke	4.0	1x3.0.2x2.0	2 in 1	magyar		Touch pad	b/g/n 300mbps		10/100				IdeaPad	IdeaPad U		van	Első noteszgépem	van	van						
Lenovo B590 Black 59-389652 FD	102283 Ft	15.6ʺ HD LED matt	Core i3 3110M (2400)	4096 (DDR3) MB	1000 GB	1024 MB NVIDIA GF GT 720M	DVDRW SM	2 év	6 cellás	nincs (F)		Új	fekete	4.0	2x3.0.2x2.0	2 in 1	magyar		Touch pad	b/g/n 300mbps		10/100/1000			VGA				van	Multimédia	van	van			van			
Acer AS V5-122P-42154G50nbb Blue W8	102283 Ft	11.6ʺ HD LED Multi Touch	AMD A4-1250 (1000)	4096 (DDR3) MB	500 GB	AMD Radeon HD 8210	No ODD	2 év	3 cellás	Windows 8 64Bit HUN		Új	kék	4.0	1x3.0.2x2.0	SD card	magyar		Touch pad	b/g/n 300mbps		10/100/1000			VGA				van	Első noteszgépem								
Asus S200E-CT249H Pink W8 ASNVB	102283 Ft	11.6ʺ HD LED Multi Touch	Core i3 2365M (1400)	4096 (DDR3) MB	500 GB	Intel HD Graphics 3000	No ODD	2 év	2 cellás	Windows 8 64Bit		Új	rózsaszín	van	1x3.0.2x2.0	2 in 1	magyar		Touch pad	b/g/n 300mbps		10/100/1000			VGA				van	Első noteszgépem		van						
Dell Inspiron 3721-HA2L Black LX	102283 Ft	17.3ʺ HD+ TL (1600x900)	Pentium 2127U (1900)	4096 (DDR3) MB	500 GB	Intel HD Graphics	DVDRW +/-	3 év	4 cellás	nincs (L)		Új	fekete	4.0	2x3.0.2x2.0	4 in 1	magyar		Touch pad	b/g/n 300mbps		10/100							van	Első noteszgépem	van	van						
Dell Inspiron 3521-27 Black i3 LX +tok DNVB3	102283 Ft	15.6ʺ HD LED TL (1366x768)	Core i3 3217U (1800)	4096 (DDR3) MB	500 GB	1024 MB AMD Radeon HD 7670M	DVDRW +/-	3 év	6 cellás	nincs (L)		Új	fekete	4.0	2x3.0.2x2.0	4 in 1	magyar		Touch pad	b/g/n 300mbps		10/100				Inspiron			van	Multimédia	van	van						
Lenovo IdeaPad S300 Silver 59-350165 FD	102283 Ft	13.3ʺ HD LED (1366x768)	Pentium 997 (1600)	4096 (DDR3) MB	500 GB	Intel HD Graphics	nincs optikai meghajtó	2 év	2200 mAh (Li-ion)	nincs (F)		Új	ezüst	van	1x3.0.2x2.0	2 in 1	magyar		Touch pad	b/g/n 300mbps		10/100				IdeaPad	IdeaPad S		van	Első noteszgépem		van						
Toshiba Satellite C55-A-19E Black NoOs	102283 Ft	15.6ʺ HD LED (1366x768)	Core i3 3110M (2400)	4096 (DDR3) MB	750 GB	1024 MB NVIDIA GF GT 710M	DVDRW SM	2 év	4200 mAh (Li-ion)	nincs op. rsz.		Új	fekete	4.0	1x3.0.2x2.0	SD card	magyar		Touch pad	b/g/n 300mbps		10/100			VGA	Satellite			van	Multimédia	van	van						
Acer AS V5-122P-42154G50nss Silver W8	102283 Ft	11.6ʺ HD LED Multi Touch	AMD A4-1250 (1000)	4096 (DDR3) MB	500 GB	AMD Radeon HD 8210	No ODD	2 év	3 cellás	Windows 8 64Bit HUN		Új	ezüst	4.0	1x3.0.2x2.0	SD card	magyar		Touch pad	b/g/n 300mbps		10/100/1000			VGA				van	Első noteszgépem								
HP Pavilion SleekBook 15-B000SH i3 FD 2Y C0W66EA	102354 Ft	15.6ʺ HD LED (1366x768)	Core i3 3217U (1800)	4096 (DDR3) MB	500 GB	Intel HD Graphics 4000	nincs optikai meghajtó	2 év	4 cellás	nincs (F)		Új	fekete	van	2x3.0.1x2.0	2 in 1	magyar		Touch pad	b/g/n 300mbps		10/100							van	Első noteszgépem	van	van						
Toshiba Satellite M50D-A-10W Silver NoOs	103858 Ft	15.6ʺ HD LED fényes	AMD A4-5000 (1500)	4096 (DDR3) MB	500 GB	AMD Radeon HD 8330	No ODD	2 év	3 cellás	nincs op. rsz.		Új	ezüst	4.0	2x3.0.1x2.0	SD card	magyar		Touch pad	b/g/n 300mbps		10/100							van		van	van						
Asus X550CC-XX285D i3 Red FD	104646 Ft	15.6ʺ HD LED (1366x768)	Core i3 3217U (1800)	4096 (DDR3) MB	750 GB	2048 MB NVIDIA GF GT720M	DVDRW SM	2 év	4 cellás	nincs (F)		Új	piros	4.0	1x3.0.1x2.0	SD card	magyar		Touch pad	b/g/n 300mbps		10/100/1000			VGA				van	Multimédia	van	van						
Asus X550CC-XX283D i3 Blue FD	104646 Ft	15.6ʺ HD LED (1366x768)	Core i3 3217U (1800)	4096 (DDR3) MB	750 GB	2048 MB NVIDIA GF GT720M	DVDRW SM	2 év	4 cellás	nincs (F)		Új	kék	4.0	1x3.0.1x2.0	SD card	magyar		Touch pad	b/g/n 300mbps		10/100/1000			VGA				van	Multimédia	van	van						
Fujitsu LifeBook A532 M i3 2Y NoOs	106220 Ft	15.6ʺ HD LED matt	Core i3 3110M (2400)	4096 (DDR3) MB	500 GB	Intel HD Graphics 4000	DVDRW SM	2 év	4400 mAh (Li-ion)	nincs op. rsz.		Új	fekete	van	3x3.0.1x2.0	4 in 1	magyar		Touch pad	b/g/n 300mbps		10/100/1000			VGA	Lifebook	Lifebook A		van	Első noteszgépem	van	van	van			Előkészítés modem nélkül		
Asus X550CC-XO072D i3 Grey FD 8GB	106220 Ft	15.6ʺ HD LED matt	Core i3 3217U (1800)	8192 (DDR3) MB	500 GB	2048 MB NVIDIA GF GT720M	DVDRW SM	2 év	4 cellás	nincs (F)		Új	szürke	4.0	1x3.0.1x2.0	SD card	magyar		Touch pad	b/g/n 300mbps		10/100/1000			VGA				van	Multimédia	van	van						
Asus X550CC-XO106D i3 Grey FD	106220 Ft	15.6ʺ HD LED matt	Core i3 3217U (1800)	4096 (DDR3) MB	1000 GB	2048 MB NVIDIA GF GT720M	DVDRW SM	2 év	4 cellás	nincs (F)		Új	szürke	4.0	1x3.0.1x2.0	SD card	magyar		Touch pad	b/g/n 300mbps		10/100/1000			VGA				van	Multimédia	van	van						
Asus X550CC-XX497D i3 Red FD	108583 Ft	15.6ʺ HD LED (1366x768)	Core i3 3217U (1800)	4096 (DDR3) MB	1000 GB	2048 MB NVIDIA GF GT720M	DVDRW SM	2 év	4 cellás	nincs (F)		Új	piros	4.0	1x3.0.1x2.0	SD card	magyar		Touch pad	b/g/n 300mbps		10/100/1000			VGA				van	Multimédia	van	van						
Toshiba Portege R500-12P 3G+portreplikátor	109990 Ft	12ʺ WXGA Transflective	Core2Duo U7700 (1330)	2048 MB	128 GB SSD GB	128 Mb Intel GMA 950 integrált	DVDRW SM	3 nap		Win Vista Business HUN		Használt	ezüst	van	3 db	SD card	magyar		Touch pad	b/g/n 300mbps	van	10/100/1000		van	VGA	Portégé	Portégé R500	van							van			
Toshiba Satellite C55-A-19E Black NoOs 8GB TNVB	110157 Ft	15.6ʺ HD LED (1366x768)	Core i3 3110M (2400)	8192 (DDR3) MB	750 GB	1024 MB NVIDIA GF GT 710M	DVDRW SM	2 év	4200 mAh (Li-ion)	nincs op. rsz.		Új	fekete	4.0	1x3.0.2x2.0	SD card	magyar		Touch pad	b/g/n 300mbps		10/100			VGA	Satellite			van	Multimédia	van	van						
Dell Inspiron 3521-27 Black i3 LX 8GB	110157 Ft	15.6ʺ HD LED TL (1366x768)	Core i3 3217U (1800)	8192 (DDR3) MB	500 GB	1024 MB AMD Radeon HD 7670M	DVDRW +/-	3 év	6 cellás	nincs (L)		Új	fekete	4.0	2x3.0.2x2.0	4 in 1	magyar		Touch pad	b/g/n 300mbps		10/100							van	Multimédia	van	van						
Sony Vaio SVF1421L1EW White W8	110157 Ft	14ʺ HD LED (1366x768)	Pentium 987 (1500)	4096 (DDR3) MB	500 GB	Intel HD Graphics	DVDRW SM	2 év	2670 mAh	Windows 8 64Bit HUN		Új	fehér	4.0	2x3.0.2x2.0	SD card	magyar		Touch pad	b/g/n 300mbps		10/100/1000				VAIO			van	Első noteszgépem		van						
Asus X550CC-XO095D i3 Grey FD 8GB	110157 Ft	15.6ʺ HD LED matt	Core i3 3217U (1800)	8192 (DDR3) MB	750 GB	2048 MB NVIDIA GF GT720M	DVDRW SM	2 év	4 cellás	nincs (F)		Új	szürke	4.0	1x3.0.1x2.0	SD card	magyar		Touch pad	b/g/n 300mbps		10/100/1000			VGA				van	Multimédia	van	van						
Fujitsu LifeBook A532 i3 NoOs XT 8GB	110157 Ft	15.6ʺ HD LED matt	Core i3 2370M (2400)	8192 (DDR3) MB	320 GB	Intel HD Graphics 3000	DVDRW SM	2 év	4400 mAh (Li-ion)	nincs op. rsz.		Új	fekete	van	3x3.0.1x2.0	4 in 1	magyar		Touch pad	b/g/n 300mbps		10/100/1000			VGA	Lifebook	Lifebook A		van	Első noteszgépem	van	van	van			Előkészítés modem nélkül		
Lenovo IdeaPad G700 Black 59-390382 FD	110157 Ft	17.3ʺ HD+ TL (1600x900)	Pentium 2020M (2400)	4096 (DDR3) MB	1000 + 8 SSD GB	2048 MB NVIDIA GF GT720M	DVDRW SM	1 év*	6 cellás	nincs (F)		Új	fekete	4.0	1x3.0.2x2.0	2 in 1	magyar		Touch pad	b/g/n 300mbps		10/100			VGA	IdeaPad	IdeaPad G		van	Multimédia	van	van						
Lenovo B590 Black 59-352457 FD	110157 Ft	15.6ʺ HD LED matt	Core i5 3210M (2500)	4096 (DDR3) MB	500 GB	Intel HD Graphics 4000	DVDRW SM	2 év	6 cellás	nincs (F)		Új	fekete	4.0	2x3.0.2x2.0	4 in 1	magyar		Touch pad	b/g/n 300mbps		10/100/1000			VGA				van	Multimédia	van	van			van			
Lenovo IdeaPad G500 Black 59-390064 FD	110157 Ft	15.6ʺ HD LED (1366x768)	Core i3 3110M (2400)	4096 (DDR3) MB	1000 + 8 SSHD GB	2048 MB AMD Radeon HD 8570M	DVDRW SM	2 év	6 cellás	nincs (F)		Új	fekete	4.0	2x3.0.1x2.0	2 in 1	magyar		Touch pad	b/g/n 300mbps		10/100			VGA	IdeaPad	IdeaPad G		van	Multimédia	van	van						
HP ProBook 455 H0W65EA LX 3Y	110157 Ft	15.6ʺ HD LED matt	AMD A4-4300M (2500)	4096 (DDR3) MB	500 GB	2048 MB AMD Radeon HD 8750M	DVDRW +/-	3 év	6 cellás	nincs (L)		Új	szürke	4.0	2x3.0.2x2.0	2 in 1	magyar		Touch pad	b/g/n 300mbps		10/100/1000			VGA	ProBook	ProBook		van		van	van		Ajándék táska				
Fujitsu LifeBook LH532 M i3 Blue NoOs 3Y NVB	110157 Ft	14ʺ HD LED AntiGlare	Core i3 2348M (2300)	4096 (DDR3) MB	750 GB	2048 MB NVIDIA GF GT620M	DVDRW SM	3 év	4400 mAh (Li-ion)	nincs op. rsz.		Új	fekete	van	3x3.0.1x2.0	4 in 1	magyar		Touch pad	b/g/n 300mbps		10/100/1000			VGA	Lifebook			van	Multimédia		van				Előkészítés modem nélkül		
Samsung NP270E5V-X03HU Black FD	110157 Ft	15.6ʺ HD LED matt	Core i3 3120M (2500)	4096 (DDR3) MB	500 GB	1024 MB NVIDIA GF GT 710M	DVDRW SM	2 év	4400 mAh (Li-ion)	nincs (F)		Új	fekete	4.0	3 db	SD card	magyar		Touch pad	b/g/n 300mbps		10/100			VGA	Samsung	Samsung N		van	Multimédia	van	van						
Sony Vaio SVF1521B1EW White W8	110228 Ft	15.5ʺ HD (1366x768)	Pentium 987 (1500)	4096 (DDR3) MB	500 GB	1024 MB NVIDIA GF GT 740M	DVDRW SM	2 év	2670 mAh	Windows 8 64Bit HUN		Új	fehér	4.0	2x3.0.2x2.0	SD card	magyar		Touch pad	b/g/n 300mbps		10/100/1000				VAIO			van	Első noteszgépem	van	van						
Fujitsu LifeBook LH532 M i3 Blue NoOs 3Y 8GB NVB	114094 Ft	14ʺ HD LED AntiGlare	Core i3 2348M (2300)	8192 (DDR3) MB	750 GB	2048 MB NVIDIA GF GT620M	DVDRW SM	3 év	4400 mAh (Li-ion)	nincs op. rsz.		Új	kék	van	3x3.0.1x2.0	4 in 1	magyar		Touch pad	b/g/n 300mbps		10/100/1000			VGA	Lifebook			van	Multimédia		van				Előkészítés modem nélkül		
Fujitsu LifeBook AH552 i3 Black NoOs 3Y	114094 Ft	15.6ʺ HD LED (1366x768)	Core i3 3110M (2400)	4096 (DDR3) MB	500 GB	Intel HD Graphics 4000	DVDRW SM	3 év	6 cellás	nincs op. rsz.		Új	fekete	van	3x2.0.1x3.0	3 in 1	magyar		Touch pad	b/g/n 300mbps		10/100/1000			VGA	Lifebook	Lifebook AH		van	Első noteszgépem	van	van						
Fujitsu LifeBook SH531 i3 Black NoOs XT 3Y	114094 Ft	13.3ʺ HD LED (1366x768)	Core i3 2330M (2200)	4096 (DDR3) MB	320 GB	Intel HD Graphics	DVDRW SM	3 év	4400 mAh (Li-ion)	nincs op. rsz.		Új	fekete	van	2 db	4 in 1	magyar		Touch pad	b/g/n 300mbps		10/100/1000			VGA	Lifebook	Lifebook S		van	Első noteszgépem		van	van				e-SATA/USB	
Lenovo IdeaPad Z500 Brown 59-366644 FD	114094 Ft	15.6ʺ HD LED matt	Pentium 2020M (2400)	4096 MB	500 GB	2048 MB NVIDIA GF GT635M	DVDRW SM	3 év	4 cellás	nincs (F)		Új	barna	van	1x3.0.2x2.0	2 in 1	magyar		Touch pad	b/g/n 300mbps		10/100			VGA	IdeaPad			van	Első noteszgépem	van	van						
Dell Inspiron 3521-14C DAS Black i3 Win7	114094 Ft	15.6ʺ HD LED TL (1366x768)	Core i3 3217U (1800)	4096 (DDR3) MB	500 GB	Intel HD Graphics 4000	DVDRW +/-	3 év	4 cellás	Windows7 HomePrem 64 HUN		Új	fekete	4.0	2x3.0.2x2.0	4 in 1	magyar		Touch pad	b/g/n 300mbps		10/100							van	Első noteszgépem	van	van						
Dell Inspiron 3537-2 Black i5 LX	118031 Ft	15.6ʺ HD LED TL (1366x768)	Core i5 4200U (1600)	4096 (DDR3) MB	500 GB	1024 MB AMD Radeon HD 8670M	DVDRW +/-	3 év	6 cellás	nincs (L)		Új	fekete	van	2x3.0.2x2.0	4 in 1	magyar		Touch pad	b/g/n 300mbps		10/100				Inspiron			van	Multimédia	van	van						
Sony Vaio SVF1421L1EW White W8 8GB	118031 Ft	14ʺ HD LED (1366x768)	Pentium 987 (1500)	8192 (DDR3) MB	500 GB	Intel HD Graphics	DVDRW SM	2 év	2670 mAh	Windows 8 64Bit HUN		Új	fehér	4.0	2x3.0.2x2.0	SD card	magyar		Touch pad	b/g/n 300mbps		10/100/1000							van	Első noteszgépem		van						
Toshiba Tecra M11-15Z Black W7 Pro	118031 Ft	14ʺ HD+ LED AG (1600x900)	Core i3 370M (2400)	4096 (DDR3) MB	320 GB	Intel HD Graphics	DVDRW SM	2 év	6 cellás	Windows7 Prof 64Bit HUN		Új	fekete	van	2 db	3 in 1	magyar		Track point + Touch pad	b/g/n 300mbps		10/100			VGA	Tecra	Tecra M11	van	van	Első noteszgépem			van		van		e-SATA/USB	
Dell Inspiron 3537-AG2 Black i5 LX 4GB DNVB2	118031 Ft	15.6ʺ HD LED TL (1366x768)	Core i5 4200U (1600)	4096 (DDR3) MB	750 GB	Intel HD 4400	DVDRW +/-	3 év	4 cellás	nincs (L)		Új	fekete	4.0	2x3.0.2x2.0	4 in 1	magyar		Touch pad	b/g/n 300mbps		10/100							van	Multimédia	van	van						
Lenovo Ideapad G500 Black 59-390064 FD 8GB	118031 Ft	15.6ʺ HD LED (1366x768)	Core i3 3110M (2400)	8192 (DDR3) MB	1000 + 8 SSHD GB	2048 MB AMD Radeon HD 8570M	DVDRW SM	2 év	6 cellás	nincs (F)		Új	fekete	4.0	2x3.0.1x2.0	2 in 1	magyar		Touch pad	b/g/n 300mbps		10/100			VGA	IdeaPad	IdeaPad G		van	Multimédia	van	van						
Dell Inspiron 3737-1 Black i3 LX	118031 Ft	17.3ʺ HD+ TL (1600x900)	Core i3 4010U (1700)	4096 (DDR3) MB	500 GB	Intel HD 4400	DVDRW +/-	3 év	4 cellás	nincs (L)		Új	fekete	4.0	2x3.0.2x2.0	4 in 1	magyar		Touch pad	b/g/n 300mbps		10/100				Inspiron			van	Első noteszgépem	van	van						
Asus X75VB-TY047D Black FD	118031 Ft	17.3ʺ LED HD+ (1600x900)	Core i3 3120M (2500)	4096 (DDR3) MB	500 GB	2048 MB NVIDIA GF GT740M	DVDRW SM	2 év	6 cellás	nincs (F)		Új	fekete		1x3.0.2x2.0	SD card	magyar		Touch pad	b/g/n 300mbps		10/100/1000			VGA				van	Multimédia	van	van						
Sony Vaio SVF1521B1EW White W8 8GB	118031 Ft	15.5ʺ HD (1366x768)	Pentium 987 (1500)	8192 (DDR3) MB	500 GB	1024 MB NVIDIA GF GT 740M	DVDRW SM	2 év	2670 mAh	Windows 8 64Bit HUN		Új	fehér	4.0	2x3.0.2x2.0	SD card	magyar		Touch pad	b/g/n 300mbps		10/100/1000							van	Első noteszgépem	van	van						
Lenovo IdeaPad S210 Black 59-390806 W8	118031 Ft	11.6ʺ HD LED Multi Touch	Core i3 3217U (1800)	4096 (DDR3) MB	500 GB	Intel HD Graphics 4000	nincs optikai meghajtó	1 év*	3 cellás (extended)	Windows 8 64Bit HUN		Új	fekete	4.0	1x3.0.1x2.0	2 in 1	magyar		Touch pad	b/g/n 300mbps		10/100				IdeaPad	IdeaPad S		van	Első noteszgépem		van						
Fujitsu LifeBook AH552-B3 i3 Black NoOs 3Y	121969 Ft	15.6ʺ HD LED (1366x768)	Core i3 2350M (2300)	4096 (DDR3) MB	500 GB	Intel HD Graphics 3000	DVDRW SM	3 év	8 cellás	nincs op. rsz.		Új	fekete	van	3x2.0.1x3.0	3 in 1	magyar		Touch pad	b/g/n 300mbps		10/100/1000			VGA	Lifebook	Lifebook AH		van	Első noteszgépem	van	van						
Fujitsu Lifebook SW LH532 i3 Black NoOS 3Y Clip19/Red	121969 Ft	14ʺ HD LED AntiGlare	Core i3 2370M (2400)	4096 (DDR3) MB	320 GB	2048 MB NVIDIA GF GT620M	DVDRW SM	3 év	4400 mAh (Li-ion)	nincs op. rsz.		Új	fekete	van	3x3.0.1x2.0	4 in 1	magyar		Touch pad	b/g/n 300mbps		10/100/1000			VGA	Lifebook			van			van				Előkészítés modem nélkül		
Lenovo ThinkPad Edge E530c Black NZY6ZHV FD	121969 Ft	15.6ʺ HD LED matt	Core i3 3110M (2400)	4096 (DDR3) MB	500 GB	Intel HD Graphics	DVDRW +/-	2 év	6 cellás	nincs (F)		Új	fekete	4.0	3x3.0.1x2.0	4 in 1	magyar		Track point + Touch pad	b/g/n 300mbps		10/100/1000			VGA	ThinkPad	ThinkPad Edge		van	Első noteszgépem	van	van						
Samsung NP450R5V-X01HU White FD	121969 Ft	15.6ʺ HD LED matt	Core i3 3120M (2500)	4096 (DDR3) MB	500 GB	2048 MB NVIDIA GF GT 710M	nincs optikai meghajtó	2 év	3 cellás (extended)	nincs (F)		Új	fehér	4.0	1x3.0.2x2.0	SD card	magyar		Touch pad	b/g/n 300mbps		10/100/1000			VGA	Samsung	Samsung N		van	Multimédia	van	van						
Lenovo IdeaPad G500 Black 59-390489 FD	121969 Ft	15.6ʺ HD LED (1366x768)	Core i5 3230M (2600)	4096 (DDR3) MB	500 GB	2048 MB AMD Radeon HD 8570M	DVDRW SM	2 év	6 cellás	nincs (F)		Új	fekete	4.0	2x3.0.1x2.0	2 in 1	magyar		Touch pad	b/g/n 300mbps		10/100			VGA	IdeaPad	IdeaPad G		van	Szupergyors	van	van						
Fujitsu LifeBook SW LH532 i3 Black NoOs 3Y Clip12/P	125906 Ft	14ʺ HD LED AntiGlare	Core i3 2370M (2400)	4096 (DDR3) MB	320 GB	2048 MB NVIDIA GF GT620M	DVDRW SM	3 év	4400 mAh (Li-ion)	nincs op. rsz.		Új	fekete	van	3x3.0.1x2.0	4 in 1	magyar		Touch pad	b/g/n 300mbps		10/100/1000			VGA	Lifebook			van	Multimédia		van				Előkészítés modem nélkül		
Dell Inspiron 3521-AA1 Black i5 LX DNVB2	125906 Ft	15.6ʺ HD LED TL (1366x768)	Core i5 3317U (1700)	4096 (DDR3) MB	1000 GB	2048 MB AMD Radeon HD 8730M	DVDRW +/-	3 év	6 cellás	nincs (L)		Új	fekete	4.0	2x3.0.2x2.0	2 in 1	magyar		Touch pad	b/g/n 300mbps		10/100							van	Szupergyors	van	van						
Dell Inspiron 3521-8 Black i5 LX	125906 Ft	15.6ʺ HD LED TL (1366x768)	Core i5 3337U (1800)	4096 (DDR3) MB	750 GB	Intel HD Graphics 4000	DVDRW +/-	3 év	6 cellás	nincs (L)		Új	fekete	van	2x3.0.2x2.0	4 in 1	magyar		Touch pad	b/g/n 300mbps		10/100				Inspiron			van	Multimédia	van	van						
Toshiba Portege R700-177 Black W7	125906 Ft	13.3ʺ HD LED (1366x768)	Core i3 370M (2400)	4096 (DDR3) MB	320 SATA (7200 rpm) GB	Intel Media Accelerator HD	DVDRW SM	3 év	6 cellás	Windows7 Prof 64Bit HUN		Új	fekete	van	2 db	SD card	magyar		Touch pad	b/g/n 300mbps		10/100/1000			VGA			van	van	Első noteszgépem		van			van		e-SATA/USB	
Asus S200E-CT244H Grey W8	125906 Ft	11.6ʺ HD LED Multi Touch	Core i3 3217U (1800)	2048 (DDR3) MB	500 GB	Intel HD Graphics 4000	nincs optikai meghajtó	2 év	2 cellás	Windows 8 64Bit		Új	szürke	van	1x3.0.2x2.0	2 in 1	magyar		Touch pad	b/g/n 300mbps		10/100/1000			VGA				van	Első noteszgépem		van						
Fujitsu LifeBook LH532 i3 Red W8 3Y	125906 Ft	14ʺ HD LED AntiGlare	Core i3 2348M (2300)	4096 (DDR3) MB	500 GB	2048 MB NVIDIA GF GT620M	DVDRW SM	3 év	4400 mAh (Li-ion)	Windows 8 64Bit HUN		Új	piros	van	3x3.0.1x2.0	4 in 1	magyar		Touch pad	b/g/n 300mbps		10/100/1000			VGA	Lifebook			van	Multimédia		van				Előkészítés modem nélkül		
Samsung NP535U3C-K01HU Black W8	125906 Ft	13.3ʺ HD LED AntiGlare	AMD A4-4355M (1900)	4096 (DDR3) MB	500 GB	AMD Radeon HD 7400G	nincs optikai meghajtó	2 év	4 cellás	Windows 8 64Bit HUN		Új	fekete	4.0	1x3.0.2x2.0	SD card	magyar		Touch pad	b/g/n 300mbps		10/100/1000				Samsung	Samsung N		van			van						
Lenovo IdeaPad G710 i3 Black 59-390397 FD	125906 Ft	17.3ʺ HD+ TL (1600x900)	Core i3 4000M (2400)	4096 (DDR3) MB	1000 + 8 SSHD GB	Intel HD 4600	DVDRW SM	2 év	6 cellás	nincs (F)		Új	fekete	4.0	1x3.0.2x2.0	2 in 1	magyar		Touch pad	b/g/n 300mbps		10/100			VGA	IdeaPad	IdeaPad G		van	Első noteszgépem	van	van						
Dell Inspiron 3537-AG4L Black i5 LX	129843 Ft	15.6ʺ HD LED TL (1366x768)	Core i5 4200U (1600)	4096 (DDR3) MB	750 GB	2048 MB AMD Radeon HD 8670M	DVDRW +/-	3 év	6 cellás	nincs (L)		Új	fekete	van	2x3.0.2x2.0	4 in 1	magyar		Touch pad	b/g/n 300mbps		10/100							van	Multimédia	van	van						
Toshiba Satellite C55-A-1F5 White W8.1	129843 Ft	15.6ʺ HD LED fényes	Core i3 3110M (2400)	4096 (DDR3) MB	750 GB	1024 MB NVIDIA GF GT 710M	DVDRW SM	2 év	4200 mAh (Li-ion)			Új	fehér	4.0	1x3.0.2x2.0	SD card	magyar		Touch pad	b/g/n 300mbps		10/100			VGA				van	Multimédia	van	van						
Acer AS E1-570G-53334G1TMnkk Blk LX 2Y	129843 Ft	15.6ʺ HD LED fényes	Core i5 3337U (1800)	4096 (DDR3) MB	1000 GB	2048 MB NVIDIA GF GT740M	DVDRW SM	2 év	4 cellás	nincs (L)		Új	fekete	4.0	1x3.0.2x2.0	SD card	magyar		Touch pad	b/g/n 300mbps		10/100/1000			VGA				van	Szupergyors	van	van						
Dell Inspiron 3521-AG3L Black i5 LX	129843 Ft	15.6ʺ HD LED TL (1366x768)	Core i5 3337U (1800)	6144 MB	1000 GB	2048 MB AMD Radeon HD 8730M	DVDRW +/-	3 év	6 cellás	nincs (L)		Új	fekete	4.0	2x3.0.2x2.0	2 in 1	magyar		Touch pad	b/g/n 300mbps		10/100							van	Szupergyors	van	van						
Toshiba Satellite C55-A-132 Black NoOs	129913 Ft	15.6ʺ HD LED (1366x768)	Core i5 3230M (2600)	4096 (DDR3) MB	750 GB	2048 MB NVIDIA GF GT 710M	DVDRW SM	2 év	4200 mAh (Li-ion)	nincs op. rsz.		Új	fekete	4.0	1x3.0.2x2.0	SD card	magyar		Touch pad	b/g/n 300mbps		10/100			VGA	Satellite			van	Szupergyors	van	van						
Lenovo ThinkPad Edge E531 Black N4I7THV FD	130630 Ft	15.6ʺ HD LED matt	Core i3 3120M (2500)	4096 (DDR3) MB	500 GB	Intel HD Graphics	DVDRW +/-	2 év	6 cellás	nincs (F)		Új	fekete	4.0	2x3.0.1x2.0	4 in 1	magyar		Track point + Touch pad	b/g/n 300mbps		10/100/1000			VGA	ThinkPad	ThinkPad Edge		van	Multimédia	van	van			van			
Dell Inspiron 3521 i5 M LX	132205 Ft	15.6ʺ HD LED TL (1366x768)	Core i5 3317U (1700)	6144 (DDR3) MB	750 GB	1024 MB AMD Radeon HD 7670M	DVDRW +/-	3 év	6 cellás	nincs (L)		Új	fekete	4.0	2x3.0.2x2.0	3 in 1	magyar		Touch pad	b/g/n 300mbps		10/100			VGA	Inspiron			van	Multimédia	van	van						
Lenovo ThinkPad Edge E535 Black NZRELHV FD	132205 Ft	15.6ʺ HD LED anti-glare	AMD A8-4500M (1900)	4096 (DDR3) MB	500 (7200 rpm) GB	1024 MB AMD Radeon HD 7670M	DVDRW	2 év	6 cellás	nincs (F)		Új	fekete	4.0	3x3.0.1x2.0	4 in 1	magyar		Track point + Touch pad	b/g/n 300mbps		10/100/1000			VGA	ThinkPad	ThinkPad Edge		van		van	van						
Toshiba Satellite C55-A-132 Black NoOs 6GB TNVB	133780 Ft	15.6ʺ HD LED (1366x768)	Core i5 3230M (2600)	6144 (DDR3) MB	750 GB	2048 MB NVIDIA GF GT 710M	DVDRW SM	2 év	4200 mAh (Li-ion)	nincs op. rsz.		Új	fekete	4.0	1x3.0.2x2.0	SD card	magyar		Touch pad	b/g/n 300mbps		10/100			VGA	Satellite			van	Szupergyors	van	van						
Dell Inspiron 3521-8 Black i5 LX 8GB	133780 Ft	15.6ʺ HD LED TL (1366x768)	Core i5 3337U (1800)	8192 (DDR3) MB	750 GB	Intel HD Graphics 4000	DVDRW +/-	3 év	6 cellás	nincs (L)		Új	fekete	van	2x3.0.2x2.0	4 in 1	magyar		Touch pad	b/g/n 300mbps		10/100				Inspiron			van	Multimédia	van	van						
Fujitsu LifeBook LH532 i3 Red W8 3Y 8GB	133780 Ft	14ʺ HD LED AntiGlare	Core i3 2348M (2300)	8192 (DDR3) MB	500 GB	2048 MB NVIDIA GF GT620M	DVDRW SM	3 év	4400 mAh (Li-ion)	Windows 8 64Bit HUN		Új	piros	van	3x3.0.1x2.0	4 in 1	magyar		Touch pad	b/g/n 300mbps		10/100/1000			VGA	Lifebook			van	Multimédia		van				Előkészítés modem nélkül		
Lenovo IdeaPad G510 i5 Black 59-402665 FD	133780 Ft	15.6ʺ HD LED (1366x768)	Core i5 4200M (2500)	4096 (DDR3) MB	1000 GB	2048 MB AMD Radeon HD 8750M	DVDRW SM	2 év	6 cellás	nincs (F)		Új	fekete	4.0	2x3.0.1x2.0	2 in 1	magyar		Touch pad	b/g/n 300mbps		10/100			VGA	IdeaPad	IdeaPad G		van	Szupergyors	van	van						
Lenovo IdeaPad Z585 Grey 59-367221 FD	133780 Ft	15.6ʺ HD LED (1366x768)	AMD A8-4500M (1900)	4096 (DDR3) MB	1000 GB	2048 MB AMD Radeon HD 7670M	DVDRW SM	3 év	6 cellás	nincs (F)		Új	szürke	4.0	2x3.0.2x2.0	5 in 1	magyar		Touch pad	b/g/n 300mbps		10/100			VGA	IdeaPad			van		van	van						
Lenovo S510P Black 59-390195 FD	133780 Ft	15.6ʺ HD LED (1366x768)	Core i3 4010U (1700)	4096 (DDR3) MB	1000 + 8 SSD GB	2048 MB NVIDIA GF GT720M	DVDRW SM	1 év*	4 cellás	nincs (F)		Új	fekete	4.0	2x3.0.1x2.0	SD card	magyar		Touch pad	b/g/n 300mbps		10/100				IdeaPad	IdeaPad S		van	Multimédia	van	van						
Acer AS V5-132P-3322Y4G50nss Silver W8	133780 Ft	11.6ʺ HD LED Multi Touch	Core i3 3229Y (1400)	4096 (DDR3) MB	500 GB	Intel HD Graphics	nincs optikai meghajtó	2 év	3 cellás (extended)	Windows 8 64Bit HUN		Új	ezüst	van	1x3.0.1x2.0	SD card	magyar		Touch pad	b/g/n 300mbps		10/100/1000			VGA	Aspire			van	Első noteszgépem								
Dell Inspiron 3521-AA1 Black i5 LX 8GB DNVB2	133780 Ft	15.6ʺ HD LED TL (1366x768)	Core i5 3317U (1700)	8192 (DDR3) MB	1000 GB	2048 MB AMD Radeon HD 8730M	DVDRW +/-	3 év	6 cellás	nincs (L)		Új	fekete	4.0	2x3.0.2x2.0	2 in 1	magyar		Touch pad	b/g/n 300mbps		10/100							van	Szupergyors	van	van						
Asus X550CC-XO245D i5 White FD	133780 Ft	15.6ʺ HD LED matt	Core i5 3337U (1800)	8192 (DDR3) MB	1000 GB	2048 MB NVIDIA GF GT720M	DVDRW SM	2 év	4 cellás	nincs (F)		Új	fehér	4.0	1x3.0.1x2.0	SD card	magyar		Touch pad	b/g/n 300mbps		10/100/1000			VGA				van	Szupergyors	van	van		Ajándék táska+egér				
HP ProBook 450 Grey E9Y33EA 3Y FD	133780 Ft	15.6ʺ HD LED matt	Core i3 4000M (2400)	4096 (DDR3) MB	500 GB	1024 MB AMD Radeon HD 8750M	DVDRW SM	3 év	6 cellás	nincs (F)		Új	szürke	4.0	2x3.0.2x2.0	4 in 1	magyar		Touch pad	b/g/n 300mbps		10/100/1000			VGA	ProBook	ProBook		van	Multimédia	van	van						
Fujitsu Lifebook UH552 i5 Silver NoOs 2Y	133780 Ft	13.3ʺ HD LED AntiGlare	Intel Core i5-3317U upto 2600	4096 (DDR3) MB	500 GB	Intel HD Graphics 4000	nincs optikai meghajtó	2 év	4 cellás	nincs op. rsz.		Új	ezüst	4.0	2x3.0.1x2.0	4 in 1	magyar		Touch pad	b/g/n 300mbps						Lifebook			van	Multimédia		van				Előkészítés modem nélkül		
Fujitsu LifeBook A512 i3 3Y W8	133780 Ft	15.6ʺ HD LED matt	Core i3 2328M (2200)	4096 (DDR3) MB	500 GB	Intel HD Graphics 3000	DVDRW SM	3 év	4400 mAh (Li-ion)	Windows 8 Pro 64Bit HUN		Új	fekete	4.0	3 db	4 in 1	magyar		Touch pad	b/g/n 300mbps		10/100/1000			VGA				van	Első noteszgépem	van	van	van					
Fujitsu LifeBook SW LH532 i3 Black NoOs 3Y Clip12/P 8GB	133780 Ft	14ʺ HD LED AntiGlare	Core i3 2370M (2400)	8192 (DDR3) MB	320 GB	2048 MB NVIDIA GF GT620M	DVDRW SM	3 év	4400 mAh (Li-ion)	nincs op. rsz.		Új	fekete	van	3x3.0.1x2.0	4 in 1	magyar		Touch pad	b/g/n 300mbps		10/100/1000			VGA	Lifebook			van	Multimédia		van				Előkészítés modem nélkül		
Fujitsu Lifebook UH552 i3 Silver 2Y NoOs	133850 Ft	13.3ʺ HD LED AntiGlare	Core i3 3217U (1800)	4096 (DDR3) MB	500 GB	Intel HD Graphics	nincs optikai meghajtó	2 év	4 cellás	nincs op. rsz.		Új	ezüst	4.0	2x3.0.1x2.0	4 in 1	magyar		Touch pad	b/g/n 300mbps						Lifebook			van	Első noteszgépem		van				Előkészítés modem nélkül		
HP ProBook 430 H6P49EA LX 3Y	137717 Ft	13.3ʺ HD LED AntiGlare	Core i5 4200U (1600)	4096 (DDR3) MB	500 GB	Intel HD 4400	No ODD	3 év	4 cellás	nincs (L)		Új	szürke	4.0	2x3.0.1x2.0	2 in 1	magyar		Touch pad	b/g/n 300mbps		10/100/1000			VGA	ProBook	ProBook		van	Multimédia		van						
Dell Vostro 5470-AA1L Silver i3 LX	137717 Ft	14ʺ HD LED (1366x768)	Core i3 4010U (1700)	4096 (DDR3) MB	500 GB	Intel HD 4400	nincs optikai meghajtó	3 év helyszíni	3 cellás	nincs (L)		Új	ezüst	4.0	2x3.0.1x2.0	4 in 1	magyar		Touch pad	b/g/n 300mbps		10/100/1000				Vostro			van	Első noteszgépem		van			van			
HP ProBook 450 Grey E9Y54EA 3Y FD	137717 Ft	15.6ʺ HD LED matt	Core i5 4200M (2500)	4096 (DDR3) MB	500 GB	Intel HD 4400	DVDRW SM	3 év	6 cellás	nincs (F)		Új	szürke	4.0	2x3.0.2x2.0	4 in 1	magyar		Touch pad	b/g/n 300mbps		10/100/1000			VGA	ProBook	ProBook		van	Multimédia	van	van						
Dell Vostro 5470-AA7L Red i3 LX	137717 Ft	14ʺ HD LED Glossy	Core i3 4010U (1700)	4096 (DDR3) MB	500 GB	Intel HD 4400	No ODD	3 év	3 cellás	nincs (L)		Új	piros	4.0	2x3.0.1x2.0	4 in 1	magyar		Touch pad	b/g/n 300mbps		10/100/1000							van	Első noteszgépem		van			van			
Lenovo IdeaPad Z585 Grey 59-367221 FD 6GB	137717 Ft	15.6ʺ HD LED (1366x768)	AMD A8-4500M (1900)	6144 (DDR3) MB	1000 GB	2048 MB AMD Radeon HD 7670M	DVDRW SM	3 év	6 cellás	nincs (F)		Új	szürke	4.0	2x3.0.2x2.0	5 in 1	magyar		Touch pad	b/g/n 300mbps		10/100			VGA	IdeaPad			van		van	van						
Dell Inspiron 5520 Silver i5 M RD LX 3914423	137717 Ft	15.6ʺ HD LED (1366x768)	Core i5 3210M (2500)	4096 (DDR3) MB	1000 GB	1024 MB AMD Radeon HD 7670M	DVDRW +/-	3 év	6 cellás	nincs (L)		Új	ezüst	4.0	4 db USB 3.0	8 in 1	magyar		Touch pad	b/g/n 300mbps		10/100			VGA	Inspiron			van	Multimédia	nincs	van						
Sony Vaio VGN-FW31ZJ	139900 Ft	16.4ʺ Full HD XB (1920x1080)	Core2Duo T9550 (2660)	4096 MB	500 GB	512 MB ATI Mob.Radeon HD 3650	Blu-ray Disc (író/olvasó)	3 nap		Win Vista Home Prem 64bit HUN		Használt	ezüst	van	3 db	3 in 1	magyar		Touch pad	b/g/n 300mbps	van	10/100/1000	van		VGA	VAIO	VAIO F		van			van	van					
Lenovo ThinkPad Edge E531 Black N4I7VHV FD	140866 Ft	15.6ʺ HD LED matt	Core i3 3120M (2500)	4096 (DDR3) MB	500 GB	2048 MB NVIDIA GF GT730M	DVDRW +/-	2 év	6 cellás	nincs (F)		Új	fekete	4.0	2x3.0.1x2.0	4 in 1	magyar		Track point + Touch pad	b/g/n 300mbps		10/100/1000			VGA	ThinkPad	ThinkPad Edge		van	Multimédia	van	van			van			
Lenovo IdeaPad Z585 Grey 59-367221 FD 8GB	141654 Ft	15.6ʺ HD LED (1366x768)	AMD A8-4500M (1900)	8192 (DDR3) MB	1000 GB	2048 MB AMD Radeon HD 7670M	DVDRW SM	3 év	6 cellás	nincs (F)		Új	szürke	4.0	2x3.0.2x2.0	5 in 1	magyar		Touch pad	b/g/n 300mbps		10/100			VGA	IdeaPad			van		van	van						
Fujitsu LifeBook AH552-B3HP i3 Black Win7 3Y	141654 Ft	15.6ʺ HD LED (1366x768)	Core i3 2350M (2300)	4096 (DDR3) MB	500 GB	Intel HD Graphics 3000	DVDRW SM	3 év	8 cellás	Windows7 HomePrem 64 HUN		Új	fekete	van	3x2.0.1x3.0	3 in 1	magyar		Touch pad	b/g/n 300mbps		10/100/1000			VGA	Lifebook	Lifebook AH		van	Első noteszgépem	van	van						
Fujitsu Lifebook UH552 i5 Silver NoOs 3Y Intel	141654 Ft	13.3ʺ HD LED AntiGlare	Intel® Core™ i5-3317U processor	4096 (DDR3) MB	500 GB	Intel HD Graphics 4000	nincs optikai meghajtó	3 év	4 cellás	nincs op. rsz.		Új	ezüst	4.0	2x3.0.1x2.0	4 in 1	magyar		Touch pad	b/g/n 300mbps						Lifebook			van	Multimédia		van				Előkészítés modem nélkül		
Lenovo IdeaPad G510 i5 Black 59-390412 FD	141654 Ft	15.6ʺ HD LED (1366x768)	Core i5 4200M (2500)	6144 (DDR3) MB	1000 + 8 SSHD GB	2048 MB AMD Radeon HD 8750M	DVDRW SM	2 év	6 cellás	nincs (F)		Új	fekete	4.0	2x3.0.1x2.0	2 in 1	magyar		Touch pad	b/g/n 300mbps		10/100			VGA	IdeaPad	IdeaPad G		van	Szupergyors	van	van						
Dell Vostro 5470-AG2L Silver i3 LX	145591 Ft	14ʺ HD LED (1366x768)	Core i3 4010U (1700)	4096 (DDR3) MB	500 GB	2048 MB NVIDIA GF GT740M	nincs optikai meghajtó	3 év helyszíni	3 cellás	nincs (L)		Új	ezüst	4.0	2x3.0.1x2.0	4 in 1	magyar		Touch pad	b/g/n 300mbps		10/100/1000				Vostro			van	Multimédia		van			van			
Dell Inspiron 5520 Silver i5 M RD LX 3914423 8GB	145591 Ft	15.6ʺ HD LED (1366x768)	Core i5 3210M (2500)	8192 (DDR3) MB	1000 GB	1024 MB AMD Radeon HD 7670M	DVDRW +/-	3 év	6 cellás	nincs (L)		Új	ezüst	4.0	4 db USB 3.0	8 in 1	magyar		Touch pad	b/g/n 300mbps		10/100			VGA	Inspiron			van	Multimédia	nincs	van						
Toshiba Satellite C55-A-1NK Black W8.1	145591 Ft	15.6ʺ HD LED fényes	Core i5 4200M (2500)	4096 (DDR3) MB	750 GB	1024 MB NVIDIA GF GT 710M	DVDRW SM	2 év	4200 mAh (Li-ion)	Windows 8.1 64Bit		Új	fekete	4.0	1x3.0.2x2.0	SD card	magyar		Touch pad	b/g/n 300mbps		10/100			VGA				van	Multimédia	van	van						
Asus X550CC-XO249D i7 Grey FD	145591 Ft	15.6ʺ HD LED matt	Core i7 3537U (2000)	4096 (DDR3) MB	750 GB	2048 MB NVIDIA GF GT720M	DVDRW SM	2 év	4 cellás	nincs (F)		Új	szürke	4.0	1x3.0.1x2.0	SD card	magyar		Touch pad	b/g/n 300mbps		10/100/1000			VGA				van	Szupergyors	van	van						
Dell Inspiron 3721-9 Black i5 LX	145591 Ft	17.3ʺ HD+ TL (1600x900)	Core i5 3337U (1800)	6144 (DDR3) MB	1000 GB	1024 MB AMD Radeon HD 7670M	DVDRW +/-	3 év	6 cellás	nincs (L)		Új	fekete	van	2x3.0.2x2.0	4 in 1	magyar		Touch pad	b/g/n 300mbps		10/100				Inspiron			van	Multimédia	van	van						
Fujitsu LifeBook AH552 Black NoOs DBT 2Y	149528 Ft	15.6ʺ HD LED (1366x768)	Core i5 3210M (2500)	4096 (DDR3) MB	500 GB	Intel HD Graphics 3000	DVDRW SM	2 év	6 cellás	nincs op. rsz.		Új	fekete	van	3x2.0.1x3.0	3 in 1	magyar		Touch pad	b/g/n 300mbps		10/100/1000			VGA	Lifebook	Lifebook AH		van	Multimédia	van	van						
Dell Vostro 3360 Red i3 LX 3114198	149528 Ft	13.3ʺ HD LED AntiGlare	Core i3 2365M (1400)	4096 (DDR3) MB	320 (7200) GB	Intel HD Graphics 3000	nincs optikai meghajtó	3 év	4 cellás	nincs (L)		Új	piros	4.0	3 db USB 3.0	8 in 1	magyar		Touch pad	b/g/n 300mbps		10/100/1000			VGA	Vostro	Vostro 33xx		van	Első noteszgépem		van			van			
HP ProBook 450 Grey E9Y39EA 3Y FD	149528 Ft	15.6ʺ HD LED matt	Core i5 4200M (2500)	4096 (DDR3) MB	750 GB	2048 MB AMD Radeon HD 8750M	DVDRW SM	3 év	6 cellás	nincs (F)		Új	szürke	4.0	2x3.0.2x2.0	4 in 1	magyar		Touch pad	b/g/n 300mbps		10/100/1000			VGA	ProBook	ProBook		van	Szupergyors	van	van						
Dell Inspiron 3537-AG3L Black i7 LX EGT	149528 Ft	15.6ʺ HD LED TL (1366x768)	Core i7 4500U (1800)	8192 (DDR3) MB	1000 GB	2048 MB AMD Radeon HD 8850M	DVDRW +/-	3 év	6 cellás	nincs (L)		Új	fekete	4.0	2x3.0.2x2.0	4 in 1	magyar		Touch pad	b/g/n 300mbps		10/100				Inspiron			van	Szupergyors	van	van						
Dell Vostro 3360 Silver i3 M LX	152677 Ft	13.3ʺ HD LED AntiGlare	Core i3 2375M (1500)	4096 (DDR3) MB	320 (7200) GB	Intel HD Graphics 3000	nincs optikai meghajtó	3 év	4 cellás	nincs (L)		Új	ezüst	4.0	3 db USB 3.0	8 in 1	magyar		Touch pad	b/g/n 300mbps		10/100/1000			VGA	Vostro	Vostro 33xx		van	Első noteszgépem		van			van			
Dell Vostro 5470-AA3L Silver i3 LX	153465 Ft	14ʺ HD Multi-Touch	Core i3 4010U (1700)	4096 (DDR3) MB	500 GB	Intel HD 4400	nincs optikai meghajtó	3 év helyszíni	3 cellás	nincs (L)		Új	ezüst	4.0	2x3.0.1x2.0	4 in 1	magyar		Touch pad	b/g/n 300mbps		10/100/1000				Vostro			van	Első noteszgépem		van			van			
Samsung NP905S3G-K01HU White W8	153465 Ft	13.3ʺ HD LED AntiGlare	QuadCore 4x1000	4096 (DDR3) MB	128 GB SSD GB	AMD Radeon HD 8250	nincs optikai meghajtó	2 év	2 cellás	Windows 8 64Bit HUN		Új	fehér	4.0	1x3.0.1x2.0	3 in 1	magyar		Touch pad	b/g/n 300mbps		10/100/1000				Samsung	Samsung N		van			van						
Acer AS V5-573G-54204G1Taii Silver LX 2Y	153465 Ft	15.6ʺ HD LED matt	Core i5 4200U (1600)	4096 (DDR3) MB	1000 GB		No ODD	2 év	4 cellás	nincs (L)		Új	ezüst	4.0	1x3.0.2x2.0	SD card	magyar		Touch pad	b/g/n 300mbps		10/100/1000			VGA				van	Szupergyors	van	van						
Fujitsu LifeBook AH552 i3 Red NoOs XT 2Y	153465 Ft	15.6ʺ HD LED (1366x768)	Core i3 2350M (2300)	4096 (DDR3) MB	500 GB	Intel HD Graphics 3000	DVDRW SM	2 év	8 cellás	nincs op. rsz.		Új	piros	van	3x2.0.1x3.0	3 in 1	magyar		Touch pad	b/g/n 300mbps		10/100/1000			VGA	Lifebook	Lifebook AH		van	Első noteszgépem	van	van						
Dell Vostro 5470-AA8L Red i3 LX	153465 Ft	14ʺ HD Multi-Touch	Core i3 4010U (1700)	4096 (DDR3) MB	500 GB	Intel HD 4400	No ODD	3 év helyszíni	3 cellás	nincs (L)		Új	piros	4.0	2x3.0.1x2.0	4 in 1	magyar		Touch pad	b/g/n 300mbps		10/100/1000							van	Első noteszgépem		van			van			
Dell Vostro 3360-HA1L Coffee i3 LX	153465 Ft	13.3ʺ HD LED AntiGlare	Core i3 3227U (1900)	4096 (DDR3) MB	320 GB	Intel HD Graphics 4000	No ODD	3 év helyszíni	4 cellás	nincs (L)		Új	barna	4.0	3 db USB 3.0	8 in 1	magyar		Touch pad	b/g/n 300mbps		10/100/1000			VGA				van	Első noteszgépem		van			van			
Asus X550CC-XO726D i7 Grey FD	153465 Ft	15.6ʺ HD LED matt	Core i7 3537U (2000)	4096 (DDR3) MB	1000 GB	2048 MB NVIDIA GF GT720M	DVDRW SM	2 év	4 cellás	nincs (F)		Új	szürke	4.0	1x3.0.1x2.0	SD card	magyar		Touch pad	b/g/n 300mbps		10/100/1000			VGA				van	Szupergyors	van	van		Ajándék táska+egér				
Fujitsu LifeBook AH552 i3 Black NoOs XT 2Y	153465 Ft	15.6ʺ HD LED (1366x768)	Core i3 2350M (2300)	4096 (DDR3) MB	500 GB	Intel HD Graphics 3000	DVDRW SM	2 év	8 cellás	nincs op. rsz.		Új	ezüst	van	3x2.0.1x3.0	3 in 1	magyar		Touch pad	b/g/n 300mbps		10/100/1000			VGA	Lifebook	Lifebook AH		van	Első noteszgépem	van	van						
Dell Vostro 3360-HA6L Silver i3 LX	153465 Ft	13.3ʺ HD LED AntiGlare	Core i3 3227U (1900)	4096 (DDR3) MB	320 GB	Intel HD Graphics 4000	nincs optikai meghajtó	3 év helyszíni	4 cellás	nincs (L)		Új	ezüst	4.0	3 db USB 3.0	8 in 1	magyar		Touch pad	b/g/n 300mbps		10/100/1000			VGA	Vostro	Vostro 33xx		van	Első noteszgépem		van			van			
Samsung NP530U3C-K01HU Black W8 ULB	157402 Ft	13.3ʺ HD LED AntiGlare	Core i3 3227U (1900)	4096 (DDR3) MB	500 + 24 SSD GB	Intel HD Graphics 4000	nincs optikai meghajtó	2 év	4 cellás	Windows 8 64Bit HUN		Új	fekete	4.0	1x3.0.2x2.0	SD card	magyar		Touch pad	b/g/n 300mbps		10/100/1000				Samsung	Samsung N		van	Ultrabook		van						
Lenovo U330P Grey 59-390441 W8	157402 Ft	13.3ʺ HD LED AntiGlare	Core i3 4010U (1700)	4096 (DDR3) MB	500 + 8 SSHD GB	Intel HD 4400	No ODD	2 év	4 cellás	Windows 8 64Bit HUN		Új	szürke	4.0	1x3.0.2x2.0	2 in 1	magyar		Touch pad	b/g/n 300mbps									van	Első noteszgépem		van						
Dell Inspiron 3737-AG2L Black i7 LX	157402 Ft	17.3ʺ HD+ TL (1600x900)	Core i7 4500U (1800)	8192 (DDR3) MB	1000 GB	2048 MB AMD Radeon HD 8870M	DVDRW +/-	3 év	6 cellás	nincs (L)		Új	fekete	4.0	2x3.0.2x2.0	4 in 1	magyar		Touch pad	b/g/n 300mbps		10/100				Inspiron			van	Szupergyors	van	van						
Dell Vostro 3560-HA1L Silver i5 LX	157402 Ft	15.6ʺ HD LED anti-glare	Core i5 3230M (2600)	4096 (DDR3) MB	500 GB	Intel HD Graphics 4000	DVDRW +/- DL	3 év helyszíni	6 cellás	nincs (L)		Új	ezüst	4.0	4 db USB 3.0	8 in 1	magyar		Touch pad	b/g/n 300mbps		10/100/1000			VGA	Vostro	Vostro 35xx		van	Multimédia		van	van		van			
Dell Vostro 3560-35 Red i5 LX	157402 Ft	15.6ʺ HD LED anti-glare	Core i5 3230M (2600)	4096 (DDR3) MB	500 GB	Intel HD Graphics 4000	DVDRW +/- DL	3 év helyszíni	6 cellás	nincs (L)		Új	piros	4.0	4 db USB 3.0	8 in 1	magyar		Touch pad	b/g/n 300mbps		10/100/1000			VGA	Vostro	Vostro 35xx		van	Multimédia		van	van		van			
Dell Vostro 5470-AG12L Silver i5 LX	157402 Ft	14ʺ HD LED (1366x768)	Core i5 4200U (1600)	4096 (DDR3) MB	500 GB	2048 MB NVIDIA GF GT740M	No ODD	3 év	3 cellás	nincs (L)		Új	ezüst	4.0	2x3.0.1x2.0	4 in 1	magyar		Touch pad	b/g/n 300mbps		10/100/1000							van	Szupergyors		van			van			
Fujitsu LifeBook E753 i3 Silver NoOs 3Y	157402 Ft	15.6ʺ HD LED anti-glare	Core i3 3120M (2500)	4096 (DDR3) MB	320 GB	Intel HD Graphics 4000	nincs optikai meghajtó	3 év	5400 mAh (Li-ion)	nincs op. rsz.		Új	ezüstszürke	4.0	3 db USB 3.0	SD card	magyar		Touch pad	b/g/n 300mbps		10/100/1000			VGA	Lifebook	Lifebook E	van	van	Első noteszgépem	van				van			
Fujitsu LifeBook E733 Silver NoOs 3Y Intel	157402 Ft	13.3ʺ HD LED AntiGlare	Intel® Core™ i3-3110M Processor	4096 (DDR3) MB	500 GB	Intel HD Graphics 4000	nincs optikai meghajtó	3 év	5400 mAh (Li-ion)	nincs op. rsz.		Új	ezüstszürke	4.0	3 db USB 3.0	SD card	magyar		Touch pad	b/g/n 300mbps		10/100/1000			VGA	Lifebook	Lifebook E	van	van	Első noteszgépem								
Dell Vostro 3560-33 Silver i5 LX	157402 Ft	15.6ʺ HD LED anti-glare	Core i5 3230M (2600)	4096 (DDR3) MB	500 GB	Intel HD Graphics 4000	DVDRW +/- DL	3 év helyszíni	6 cellás	nincs (L)		Új	ezüst	4.0	4 db USB 3.0	8 in 1	magyar		Touch pad	b/g/n 300mbps		10/100/1000			VGA	Vostro	Vostro 35xx		van	Multimédia		van	van		van			
Lenovo U430P Red 59-390461 W8	157402 Ft	14ʺ HD LED AntiGlare	Core i3 4010U (1700)	4096 (DDR3) MB	500 + 8 SSHD GB	Intel HD 4400	No ODD	2 év	4 cellás	Windows 8 64Bit HUN		Új	piros	4.0	1x3.0.2x2.0	2 in 1	magyar		Touch pad	b/g/n 300mbps		10/100/1000							van	Első noteszgépem		van						
Dell Vostro 3560-HA3L Red i5 LX	157402 Ft	15.6ʺ HD LED anti-glare	Core i5 3230M (2600)	4096 (DDR3) MB	500 GB	Intel HD Graphics 4000	DVDRW +/- DL	3 év helyszíni	6 cellás	nincs (L)		Új	piros	4.0	4 db USB 3.0	8 in 1	magyar		Touch pad	b/g/n 300mbps		10/100/1000			VGA	Vostro	Vostro 35xx		van	Multimédia		van	van		van			
Dell Vostro 3460 Silver i3 LX 3314199	157402 Ft	14ʺ HD LED AntiGlare	Core i3 2370M (2400)	4096 (DDR3) MB	500 (7200 rpm) GB	1024 MB NVIDIA GF GT630M	DVDRW +/-	3 év	6 cellás	nincs (L)		Új	ezüst	4.0	3 db USB 3.0	8 in 1	magyar		Touch pad	b/g/n 300mbps		10/100/1000			VGA	Vostro			van	Multimédia		van			van			
Lenovo IdeaPad G500 Black 59-390049 FD	157402 Ft	15.6ʺ HD LED (1366x768)	Core i7 3612QM (2100)	4096 (DDR3) MB	1000 + 8 SSHD GB	2048 MB AMD Radeon HD 8750M	DVDRW SM	2 év	6 cellás	nincs (F)		Új	fekete	4.0	2x3.0.1x2.0	2 in 1	magyar		Touch pad	b/g/n 300mbps		10/100			VGA	IdeaPad	IdeaPad G		van	Szupergyors	van	van						
Dell Vostro 3360-31 Coffee i3 LX	161339 Ft	13.3ʺ HD LED AntiGlare	Core i3 3227U (1900)	4096 (DDR3) MB	500 GB	Intel HD Graphics 4000	nincs optikai meghajtó	3 év	4 cellás	nincs (L)		Új	barna	4.0	3 db USB 3.0	8 in 1	magyar		Touch pad	b/g/n 300mbps		10/100/1000			VGA	Vostro	Vostro 33xx		van	Első noteszgépem		van			van			
Fujitsu LifeBook E743 Silver NoOs 3Y	165276 Ft	14ʺ HD+ LED AG (1600x900)	Core i3 3120M (2500)	4096 (DDR3) MB	320 GB	Intel HD Graphics 4000	nincs optikai meghajtó	3 év	5400 mAh (Li-ion)	nincs op. rsz.		Új	ezüstszürke	4.0	3 db USB 3.0	SD card	magyar		Touch pad	b/g/n 300mbps		10/100/1000			VGA	Lifebook	Lifebook E	van	van	Első noteszgépem					van			
Dell Vostro 3360 Coffee i5 LX	165276 Ft	13.3ʺ HD LED AntiGlare	Core i5 3337U (1800)	4096 (DDR3) MB	500 GB	Intel HD Graphics 4000	nincs optikai meghajtó	3 év helyszíni	4 cellás	nincs (L)		Új	barna	4.0	3 db USB 3.0	4 in 1	magyar		Touch pad	b/g/n 300mbps		10/100/1000			VGA	Vostro	Vostro 33xx		van	Multimédia		van			van			
Dell Vostro 5470-AG4L Silver i3 LX	165276 Ft	14ʺ HD Multi-Touch	Core i3 4010U (1700)	4096 (DDR3) MB	500 GB	2048 MB NVIDIA GF GT740M	nincs optikai meghajtó	3 év helyszíni	3 cellás	nincs (L)		Új	ezüst	4.0	2x3.0.1x2.0	4 in 1	magyar		Touch pad	b/g/n 300mbps		10/100/1000				Vostro			van	Multimédia		van			van			
Dell Vostro 3360 Silver i5 LX	165276 Ft	13.3ʺ HD LED AntiGlare	Core i5 3337U (1800)	4096 (DDR3) MB	500 GB	Intel HD Graphics 4000	nincs optikai meghajtó	3 év helyszíni	4 cellás	nincs (L)		Új	ezüst	4.0	3 db USB 3.0	4 in 1	magyar		Touch pad	b/g/n 300mbps		10/100/1000			VGA	Vostro	Vostro 33xx		van	Multimédia		van			van			
Fujitsu Lifebook UH552 i5 Silver W8 2Y ULB	165276 Ft	13.3ʺ HD LED AntiGlare	Intel Core i5-3317U upto 2600	4096 (DDR3) MB	128 GB SSD GB	Intel HD Graphics 4000	nincs optikai meghajtó	2 év	4 cellás	Windows 8 64Bit HUN		Új	ezüst	4.0	2x3.0.1x2.0	4 in 1	magyar		Touch pad	b/g/n 300mbps						Lifebook			van	Ultrabook		van				Előkészítés modem nélkül		
Dell Inspiron 5721-2 Silver i5 LX	169213 Ft	17.3ʺ HD+ TL (1600x900)	Core i5 3337U (1800)	8192 (DDR3) MB	1000 GB	2048 MB AMD Radeon HD 8730M	DVDRW +/-	3 év	6 cellás	nincs (L)		Új	ezüst	van	2x3.0.2x2.0	4 in 1	magyar		Touch pad	b/g/n 300mbps		10/100				Inspiron			van	Szupergyors	van	van						
Fujitsu LifeBook AH552-B5 i5 Black NoOs 2Y	169213 Ft	15.6ʺ HD LED (1366x768)	Core i5 3210M (2500)	4096 (DDR3) MB	500 (7200 rpm) GB	Intel HD Graphics	DVDRW SM	2 év	8 cellás	nincs op. rsz.		Új	fekete	van	3x2.0.1x3.0	3 in 1	magyar		Touch pad	b/g/n 300mbps		10/100/1000			VGA	Lifebook	Lifebook AH		van	Multimédia	van	van						
Fujitsu Lifebook UH552 3G Silver	169900 Ft	13.3ʺ HD LED AntiGlare	Core i3 3217U (1800)	8192 MB	120 GB SSD GB	Intel HD Graphics 4000	nincs optikai meghajtó	3 nap		Windows7 HomePrem 64 HUN		Használt	ezüst	van	2x3.0.1x2.0	SD card	magyar		Touch pad							Lifebook			van			van				Beépített 3G/HSDPA modem	van	
Dell Vostro 3360-20 Silver i5 LX	173150 Ft	13.3ʺ HD LED AntiGlare	Core i5 3337U (1800)	4096 (DDR3) MB	500 GB	Intel HD Graphics 4000	nincs optikai meghajtó	3 év	4 cellás	nincs (L)		Új	ezüst	4.0	3 db USB 3.0	4 in 1	magyar		Touch pad	b/g/n 300mbps		10/100/1000			VGA	Vostro	Vostro 33xx		van	Multimédia		van			van			
Dell Vostro 3560-HG7L Red i5 LX	173150 Ft	15.6ʺ HD LED anti-glare	Core i5 3230M (2600)	6144 (DDR3) MB	500 GB	1024 MB AMD Radeon HD 7670M	DVDRW +/- DL	3 év helyszíni	6 cellás	nincs (L)		Új	piros	4.0	4 db USB 3.0	8 in 1	magyar		Touch pad	b/g/n 300mbps		10/100/1000			VGA	Vostro	Vostro 35xx		van	Multimédia		van	van		van			
Fujitsu Lifebook UH552 i5 Silver W8 3Y ULB	173150 Ft	13.3ʺ HD LED AntiGlare	Intel Core i5-3317U upto 2600	4096 (DDR3) MB	128 GB SSD GB	Intel HD Graphics 4000	nincs optikai meghajtó	3 év	4 cellás	Windows 8 64Bit HUN		Új	ezüst	4.0	2x3.0.1x2.0	4 in 1	magyar		Touch pad	b/g/n 300mbps						Lifebook			van	Ultrabook		van				Előkészítés modem nélkül		
Dell Vostro 3360-35 Red i3 W8	173150 Ft	13.3ʺ HD LED AntiGlare	Core i3 3227U (1900)	4096 (DDR3) MB	320 GB	Intel HD Graphics 4000	nincs optikai meghajtó	3 év helyszíni	4 cellás	Windows 8 64Bit HUN		Új	piros	4.0	3 db USB 3.0	4 in 1	magyar		Touch pad	b/g/n 300mbps		10/100/1000			VGA	Vostro	Vostro 33xx		van	Első noteszgépem		van			van			
Dell Vostro 3360-21 Coffee i5 LX	173150 Ft	13.3ʺ HD LED AntiGlare	Core i5 3337U (1800)	4096 (DDR3) MB	500 GB	Intel HD Graphics 4000	nincs optikai meghajtó	3 év	4 cellás	nincs (L)		Új	barna	4.0	3 db USB 3.0	4 in 1	magyar		Touch pad	b/g/n 300mbps		10/100/1000			VGA	Vostro	Vostro 33xx		van	Multimédia		van			van			
Dell Vostro 3360-33 Silver i3 W8	173150 Ft	13.3ʺ HD LED AntiGlare	Core i3 3227U (1900)	4096 (DDR3) MB	320 GB	Intel HD Graphics 4000	nincs optikai meghajtó	3 év helyszíni	4 cellás	Windows 8 64Bit HUN		Új	ezüst	4.0	3 db USB 3.0	8 in 1	magyar		Touch pad	b/g/n 300mbps		10/100/1000			VGA	Vostro	Vostro 33xx		van	Első noteszgépem		van			van			
Dell Inspiron 3537-AG1 Black i7 W8	173150 Ft	15.6ʺ HD LED TL (1366x768)	Core i7 4500U (1800)	8192 (DDR3) MB	1000 GB	2048 MB AMD Radeon HD 8850M	DVDRW +/-	3 év	6 cellás	Windows 8 64Bit		Új	fekete	4.0	2x3.0.2x2.0	4 in 1	magyar		Touch pad	b/g/n 300mbps		10/100				Inspiron			van	Szupergyors	van	van						
Dell Vostro 3560-HG6L Coffee i5 LX	173150 Ft	15.6ʺ HD LED anti-glare	Core i5 3230M (2600)	6144 (DDR3) MB	500 GB	1024 MB AMD Radeon HD 7670M	DVDRW +/- DL	3 év helyszíni	6 cellás	nincs (L)		Új	barna	4.0	4 db USB 3.0	8 in 1	magyar		Touch pad	b/g/n 300mbps		10/100/1000			VGA	Vostro	Vostro 35xx		van	Multimédia		van	van		van			
Dell Vostro 3360-34 Coffee i3 W8	173150 Ft	13.3ʺ HD LED AntiGlare	Core i3 3227U (1900)	4096 (DDR3) MB	320 GB	Intel HD Graphics 4000	nincs optikai meghajtó	3 év helyszíni	4 cellás	Windows 8 64Bit HUN		Új	barna	4.0	3 db USB 3.0	4 in 1	magyar		Touch pad	b/g/n 300mbps		10/100/1000			VGA	Vostro	Vostro 33xx		van	Első noteszgépem		van			van			
Dell Vostro 3560-AG1 Silver i5 LX	173150 Ft	15.6ʺ HD LED anti-glare	Core i5 3230M (2600)	6144 (DDR3) MB	500 (7200 rpm) GB	1024 MB AMD Radeon HD 7670M	DVDRW +/-	3 év helyszíni	6 cellás	nincs (L)		Új	ezüst	4.0	4 db USB 3.0	4 in 1	magyar		Touch pad	b/g/n 300mbps		10/100/1000			VGA	Vostro	Vostro 35xx		van	Multimédia		van	van		van			
Dell Vostro 3460-HG15L Red i5 LX	175512 Ft	14ʺ HD LED AntiGlare	Core i5 3230M (2600)	6144 (DDR3) MB	500 GB	1024 MB NVIDIA GF GT630M	DVDRW +/- DL	3 év helyszíni	6 cellás	nincs (L)		Új	piros	4.0	4 db USB 3.0	4 in 1	magyar		Touch pad	b/g/n 300mbps		10/100/1000			VGA	Vostro			van	Multimédia		van			van			
Fujitsu LifeBook AH552-B5 i5 Black NoOs 2Y 8GB	177087 Ft	15.6ʺ HD LED (1366x768)	Core i5 3210M (2500)	8192 (DDR3) MB	500 (7200 rpm) GB	Intel HD Graphics	DVDRW SM	2 év	8 cellás	nincs op. rsz.		Új	fekete	van	3x2.0.1x3.0	3 in 1	magyar		Touch pad	b/g/n 300mbps		10/100/1000			VGA	Lifebook	Lifebook AH		van	Multimédia	van	van						
Dell Vostro 5470-AG6L Silver i5 LX	177087 Ft	14ʺ HD Multi-Touch	Core i5 4200U (1600)	4096 (DDR3) MB	500 GB	2048 MB NVIDIA GF GT740M	nincs optikai meghajtó	3 év helyszíni	3 cellás	nincs (L)		Új	ezüst	4.0	2x3.0.1x2.0	4 in 1	magyar		Touch pad	b/g/n 300mbps		10/100/1000				Vostro			van	Szupergyors		van			van			
Dell Vostro 5470-AG14L Red i5 LX	177087 Ft	14ʺ HD Multi-Touch	Core i5 4200U (1600)	4096 (DDR3) MB	500 GB	2048 MB NVIDIA GF GT740M	No ODD	3 év helyszíni	3 cellás	nincs (L)		Új	piros	4.0	2x3.0.1x2.0	4 in 1	magyar		Touch pad	b/g/n 300mbps		10/100/1000							van	Szupergyors		van			van			
Samsung NP200B5B-A01HU i3 W7 Black B	181024 Ft	15.6ʺ HD LED (1366x768)	Core i3 2350M (2300)	4096 (DDR3) MB	500 GB	Intel HD Graphics 3000	DVDRW SM	2 év	4400 mAh (Li-ion)	Windows7 Prof 64Bit HUN		Új	fekete	3.0	2x3.0.1x2.0	7 in 1	magyar		Touch pad	b/g/n 300mbps		10/100/1000			VGA	Samsung	Samsung N	van	van	Első noteszgépem	van	van	van		van		e-SATA/USB	
Lenovo IdeaPad G700 i7 Black 59-390380 FD	181024 Ft	17.3ʺ HD+ TL (1600x900)	Core i7 3612QM (2100)	8192 (DDR3) MB	1000 + 8 SSHD GB	2048 MB NVIDIA GF GT720M	DVDRW SM	2 év	6 cellás	nincs (F)		Új	fekete	4.0	1x3.0.2x2.0	2 in 1	magyar		Touch pad	b/g/n 300mbps		10/100			VGA	IdeaPad	IdeaPad G		van	Szupergyors	van	van						
Dell Inspiron 5537-AG1L Silver LX	181024 Ft	15.6ʺ Full HD LED AntiGlare	Core i7 4500U (1800)	8192 (DDR3) MB	1000 GB	2048 MB AMD Radeon HD 8850M	DVDRW +/-	3 év	6 cellás	nincs (L)		Új	ezüst	4.0	2x3.0.2x2.0	4 in 1	magyar		Touch pad	b/g/n 300mbps		10/100							van	Szupergyors	van	van						
HP ProBook 470 E9Y79EA W8 3Y	184961 Ft	17.3ʺ LED HD+ AntiGlare	Core i5 4200M (2500)	4096 (DDR3) MB	1000 GB	2048 MB AMD Radeon HD 8750M	DVDRW +/-	3 év	6 cellás	Windows 8 64Bit HUN		Új	szürke	4.0	2x3.0.2x2.0	2 in 1	magyar		Touch pad	b/g/n 300mbps		10/100/1000			VGA	ProBook	ProBook		van	Szupergyors	van	van		Ajándék táska				
Acer AS V5-573G-74508G1Taii Silver LX 2Y	184961 Ft	15.6ʺ HD LED matt	Core i7 4500U (1800)	8192 MB	1000 GB	4096 MB NVIDIA GF GT 750M	No ODD	2 év	4 cellás	nincs (L)		Új	ezüst	4.0	1x3.0.2x2.0	SD card	magyar		Touch pad	b/g/n 300mbps		10/100/1000			VGA				van	Szupergyors	van	van						
HP Renew Spectre XT B8W13AAR#ABB	188189 Ft	13.3ʺ HD LED (1366x768)	Core i5 3317U (1700)	4096 (DDR3) MB	128 GB SSD GB	Intel HD Graphics 4000	nincs optikai meghajtó	1 év	4 cellás	Windows7 Professional		Újracsomagolt	ezüst	van	1x3.0.1x2.0	10 in 1	angol		Touch pad	b/g/n 300mbps		10/100/1000							van	Ultrabook		van						
Samsung NP400B2B-A01HU i5 W7 Black B	188898 Ft	12.5ʺ HD LED	Core i5 2450M (2500)	4096 (DDR3) MB	500 GB	Intel HD Graphics 3000	nincs optikai meghajtó	2 év	4400 mAh (Li-ion)	Windows7 Prof 64Bit HUN		Új	fekete	3.0	1x3.0.1x2.0	3 in 1	magyar		Track point + Touch pad	b/g/n 300mbps		10/100/1000			VGA	Samsung	Samsung N	van	van	Multimédia		van	van		van		e-SATA/USB	
Lenovo IdeaPad G710 i7 Black 59-390402 FD	188898 Ft	17.3ʺ HD+ TL (1600x900)	Core i7 4702MQ (2200)	8192 (DDR3) MB	1000 + 8 SSHD GB	2048 MB NVIDIA GF GT720M	DVDRW SM	2 év	6 cellás	nincs (F)		Új	fekete	4.0	1x3.0.2x2.0	2 in 1	magyar		Touch pad	b/g/n 300mbps		10/100			VGA	IdeaPad	IdeaPad G		van	Szupergyors	van	van						
Dell Vostro 3460-23 Red i5 W8	188898 Ft	14ʺ HD LED AntiGlare	Core i5 3230M (2600)	6144 (DDR3) MB	500 GB	Intel HD Graphics 4000	DVDRW +/- DL	3 év helyszíni	6 cellás	Windows 8 64Bit HUN		Új	piros	4.0	4 db USB 3.0	4 in 1	magyar		Touch pad	b/g/n 300mbps		10/100/1000			VGA	Vostro			van	Multimédia		van			van			
Dell Vostro 3360-37 Coffee i5 W8	188898 Ft	13.3ʺ HD LED AntiGlare	Core i5 3337U (1800)	4096 (DDR3) MB	500 GB	Intel HD Graphics 4000	nincs optikai meghajtó	3 év helyszíni	4 cellás	Windows 8 64Bit HUN		Új	barna	4.0	3 db USB 3.0	4 in 1	magyar		Touch pad	b/g/n 300mbps		10/100/1000			VGA	Vostro	Vostro 33xx		van	Multimédia		van			van			
Dell Vostro 3550 i5 S Red 3913830 W7	188898 Ft	15.6ʺ HD (1366x768)	Core i5 2450M (2500)	2048 (DDR3) MB	500 (7200 rpm) GB	Intel Media Accelerator HD	DVDRW SM	3 év	6 cellás	Windows7 HomePrem 64 HUN		Új	piros	van	2x3.0.1x2.0	3 in 1	magyar		Touch pad	b/g/n 300mbps		10/100/1000			VGA	Vostro	Vostro 35xx		van	Multimédia		van	van		van		van	
Samsung NP915S3G-K01HU White W8	188898 Ft	13.3ʺ HD LED Touch	QuadCore 4x1000	4096 (DDR3) MB	128 GB SSD GB	AMD Radeon HD 8250	nincs optikai meghajtó	2 év	2 cellás	Windows 8 64Bit HUN		Új	fehér	4.0	1x3.0.1x2.0	SD card	magyar		Touch pad	b/g/n 300mbps		10/100/1000				Samsung	Samsung N		van			van						
Dell Vostro 3360 Silver i7 LX 3714198	188898 Ft	13.3ʺ HD LED AntiGlare	Core i7 3517U (1900)	4096 (DDR3) MB	320 (7200) GB	Intel HD Graphics 4000	nincs optikai meghajtó	3 év	4 cellás	nincs (L)		Új	ezüst	4.0	3 db USB 3.0	8 in 1	magyar		Touch pad	b/g/n 300mbps		10/100/1000			VGA	Vostro	Vostro 33xx		van			van			van			
Fujitsu Lifebook UH572 i5 Red W7 3Y ULB	188898 Ft	13.3ʺ HD LED AntiGlare	Intel® Core™ i5-3317U processor	4096 (DDR3) MB	500 + 32 SSD GB	Intel HD Graphics	nincs optikai meghajtó	3 év	4 cellás	Windows7 Prof 64Bit HUN		Új	piros	4.0	2x3.0.1x2.0	4 in 1	magyar		Touch pad	b/g/n 300mbps						Lifebook			van	Ultrabook		van						
Dell Vostro 3360-36 Silver i5 W8	188898 Ft	13.3ʺ HD LED AntiGlare	Core i5 3337U (1800)	4096 (DDR3) MB	500 GB	Intel HD Graphics 4000	nincs optikai meghajtó	3 év helyszíni	4 cellás	Windows 8 64Bit HUN		Új	ezüst	4.0	3 db USB 3.0	4 in 1	magyar		Touch pad	b/g/n 300mbps		10/100/1000			VGA	Vostro	Vostro 33xx		van	Multimédia		van			van			
Dell Vostro 3460-19 Coffee i5 LX	188898 Ft	14ʺ HD LED AntiGlare	Core i5 3230M (2600)	4096 (DDR3) MB	750 (7200 rpm) GB	1024 MB NVIDIA GF GT630M	DVDRW +/- DL	3 év	6 cellás	nincs (L)		Új	barna	4.0	4 db USB 3.0	8 in 1	magyar		Touch pad	b/g/n 300mbps		10/100/1000			VGA	Vostro			van	Multimédia		van			van			
Asus U32VJ-RO015P Silver W8 BIM	196772 Ft	13.3ʺ HD LED (1366x768)	Core i5 3210M (2500)	4096 (DDR3) MB	750 GB	2048 MB NVIDIA GF GT635M	nincs optikai meghajtó	2 év	5800 mAh (Li-ion)	Windows 8 Pro 64Bit HUN		Új	ezüst	4.0	3 db USB 3.0	4 in 1	magyar		Touch pad	b/g/n 300mbps		10/100/1000			VGA	Mobility	ASUS U		van	Szupergyors		van		Ajándék táska+egér				
HP EliteBook 2570p A1L17AV W7 3Y	196772 Ft	12.5ʺ HD LED	Core i5 3210M (2500)	4096 (DDR3) MB	320 (7200) GB	Intel HD Graphics 4000	nincs optikai meghajtó	3 év	6 cellás	Windows7 Prof 32Bit HUN		Új	ezüst		1x3.0.2x2.0	2 in 1	magyar		Track point + Touch pad	b/g/n 300mbps		10/100/1000			GPS	EliteBook	EliteBook 25xx		van	Multimédia			van	Ajándék táska+egér		Beépített 3G/HSDPA modem	e-SATA/USB	
Toshiba Satellite P845T-10C Silver W8	196772 Ft	14ʺ HD Multi-Touch	Core i5 3337U (1800)	8192 (DDR3) MB	750 GB	2048 MB NVIDIA GF GT630M	DVDRW SM	2 év	4200 mAh (Li-ion)	Windows 8 Pro 64Bit HUN		Új	ezüst	4.0	3 db USB 3.0	SD card	magyar		Touch pad	b/g/n 300mbps		10/100/1000			VGA	Satellite	Satellite P		van	Szupergyors		van						
HP EliteBook 8460p W7 Pro	199900 Ft	14.1ʺ LED (1600x900)	Core i7 2620M (2700)	4096 (DDR3) MB	320 GB	Intel HD Graphics 3000	DVDRW SM	3 nap		Windows7 Prof 32Bit HUN		Használt	ezüst	van	2x3.0.1x2.0	2 in 1	magyar		Track point + Touch pad	b/g/n 300mbps	van	10/100/1000	van		VGA	EliteBook	EliteBook 84xx	van	van	Szupergyors			van		van	Előkészítés modem nélkül	e-SATA/USB	
HP Renew ENVY 14 Spectre B3S46EAR#A2N	203937 Ft	14ʺ LED (1600x900)	Core i5 3317U (1700)	4096 (DDR3) MB	128 GB SSD GB	Intel HD Graphics 4000	nincs optikai meghajtó	1 év	4 cellás	Windows7 HomePrem 64Bit		Újracsomagolt	fekete	van	1x3.0.1x2.0	2 in 1	egyéb		Touch pad	b/g/n 300mbps		10/100/1000							van	Ultrabook		van						
Fujitsu Lifebook UH572 i5 Red W7 XT ULB	204646 Ft	13.3ʺ HD LED AntiGlare	Intel Core i5-3317U upto 2600	4096 (DDR3) MB	500 + 32 SSD GB	Intel HD Graphics	nincs optikai meghajtó	2 év	4 cellás	Windows7 Prof 64Bit HUN		Új	piros	4.0	2x3.0.1x2.0	4 in 1	magyar		Touch pad	b/g/n 300mbps						Lifebook			van	Ultrabook		van				Előkészítés modem nélkül		
Dell Vostro 3360-HA2W Coffee i5 W8	204646 Ft	13.3ʺ HD LED AntiGlare	Core i5 3337U (1800)	6144 (DDR3) MB	128 GB SSD GB	Intel HD Graphics 4000	nincs optikai meghajtó	3 év helyszíni	4 cellás	Windows 8 64Bit HUN		Új	barna	4.0	3 db USB 3.0	4 in 1	magyar		Touch pad	b/g/n 300mbps		10/100/1000			VGA	Vostro	Vostro 33xx		van	Multimédia		van			van			
Dell Vostro 3560-38 Red i5 W8 Pro	204646 Ft	15.6ʺ HD LED anti-glare	Core i5 3230M (2600)	6144 (DDR3) MB	500 GB	1024 MB AMD Radeon HD 7670M	DVDRW +/- DL	3 év helyszíni	6 cellás	Windows 8 Pro 64Bit HUN		Új	piros	4.0	4 db USB 3.0	8 in 1	magyar		Touch pad	b/g/n 300mbps		10/100/1000			VGA	Vostro	Vostro 35xx		van	Multimédia		van	van		van			
Dell Vostro 3460-27 Red i5 W8	204646 Ft	14ʺ HD LED AntiGlare	Core i5 3230M (2600)	6144 (DDR3) MB	500 GB	1024 MB NVIDIA GF GT630M	DVDRW +/- DL	3 év helyszíni	6 cellás	Windows 8 64Bit HUN		Új	piros	4.0	4 db USB 3.0	4 in 1	magyar		Touch pad	b/g/n 300mbps		10/100/1000			VGA	Vostro			van	Multimédia		van			van			
Dell Vostro 3560-36 Silver i5 W8 Pro	204646 Ft	15.6ʺ HD LED anti-glare	Core i5 3230M (2600)	6144 (DDR3) MB	500 GB	1024 MB AMD Radeon HD 7670M	DVDRW +/- DL	3 év helyszíni	6 cellás	Windows 8 Pro 64Bit HUN		Új	ezüst	4.0	4 db USB 3.0	8 in 1	magyar		Touch pad	b/g/n 300mbps		10/100/1000			VGA	Vostro	Vostro 35xx		van	Multimédia		van	van		van			
Dell Vostro 3360-41 Red i5 W8	212520 Ft	13.3ʺ HD LED AntiGlare	Core i5 3337U (1800)	6144 (DDR3) MB	128 GB SSD GB	Intel HD Graphics 4000	nincs optikai meghajtó	3 év helyszíni	4 cellás	Windows 8 64Bit HUN		Új	piros	4.0	3 db USB 3.0	4 in 1	magyar		Touch pad	b/g/n 300mbps		10/100/1000			VGA	Vostro	Vostro 33xx		van	Multimédia		van			van			
Dell Vostro 3360-39 Silver i5 W8	212520 Ft	13.3ʺ HD LED AntiGlare	Core i5 3337U (1800)	6144 (DDR3) MB	128 GB SSD GB	Intel HD Graphics 4000	nincs optikai meghajtó	3 év helyszíni	4 cellás	Windows 8 64Bit HUN		Új	ezüst	4.0	3 db USB 3.0	4 in 1	magyar		Touch pad	b/g/n 300mbps		10/100/1000			VGA	Vostro	Vostro 33xx		van	Multimédia		van			van			
Toshiba Tecra R840-13T i5 Black W7	216457 Ft	14ʺ HD LED (1366x768)	Core i5 2520M (2500)	4096 (DDR3) MB	500 (7200 rpm) GB	1024 MB AMD Radeon HD 6450M	DVDRW SM	3 év	6 cellás	Windows7 Prof 64Bit HUN		Új	fekete	van	1x3.0.1x2.0	SD card	magyar		Track point + Touch pad	b/g/n 300mbps		10/100/1000			VGA	Tecra		van	van	Multimédia			van		van		e-SATA/USB	
Lenovo IdeaPad Y510p Black 59-390561 FD	220394 Ft	15.6ʺ Full HD LED AntiGlare	Core i5 4200M (2500)	4096 (DDR3) MB	1000 + 8 SSHD GB	2048 MB NVIDIA GF GT750M SLI	nincs optikai meghajtó	3 év	6 cellás	nincs (F)		Új	fekete	4.0	2x3.0.1x2.0	2 in 1	magyar		Touch pad	b/g/n 300mbps		10/100/1000			VGA	IdeaPad	IdeaPad Y		van	Szupergyors	van	van						
Toshiba Satellite P50-A-11U Silver W8	220394 Ft	15.6ʺ Full HD TL (1920x1080)	Core i7 3630QM (2400)	8192 (DDR3) MB	1000 GB	2048 MB NVIDIA GF GT740M	DVDRW SM	2 év	4 cellás	Windows 8 64Bit HUN		Új	ezüst	4.0	2x3.0.2x2.0	SD card	magyar		Touch pad	b/g/n 300mbps		10/100/1000			VGA				van	Szupergyors	van	van						
Toshiba Satellite U920T-104 i5 Silver W8 2Y ULB	220394 Ft	12.5ʺ HD LED Touch	Core i5 3317U (1700)	4096 (DDR3) MB	128 GB SSD GB	Intel HD Graphics 4000	nincs optikai meghajtó	2 év	3 cellás (extended)	Windows 8 64Bit HUN		Új	ezüst	4.0	2 db USB 3.0	SD card	magyar		Touch pad	b/g/n 300mbps						Satellite	Satellite U		Dual Webcamera	Ultrabook		van						
Fujitsu Lifebook UH572 i5 3G Red W7 ULB	224331 Ft	13.3ʺ HD LED AntiGlare	Core i5 3317U (1700)	4096 (DDR3) MB	128 GB SSD GB	Intel HD Graphics	nincs optikai meghajtó	2 év	4 cellás	Windows7 Prof 64Bit HUN		Új	piros	4.0	2x3.0.1x2.0	4 in 1	magyar		Touch pad	b/g/n 300mbps						Lifebook			van	Ultrabook		van				Beépített 3G/HSDPA modem		
Lenovo ThinkPad T430i Black N1TCZHV W8	224331 Ft	14ʺ HD+ LED AG (1600x900)	Core i3 3120M (2500)	4096 (DDR3) MB	500 (7200 rpm) GB	Intel HD Graphics 4000	DVDRW	3 év	5200 mAh (Li-ion)	Windows 8 Pro 64Bit HUN		Új	fekete	4.0	2x3.0.2x2.0	4 in 1	magyar		Track point + Touch pad	b/g/n 300mbps		10/100/1000			VGA	ThinkPad	ThinkPad T	van	van	Első noteszgépem			van		van	Előkészítés modem nélkül		
Asus UX31A-R4005H Silver W8 BIM ULB	228268 Ft	13.3ʺ FHD LED	Core i5 3317U (1700)	4096 (DDR3) MB	128 GB SSD GB	Intel HD Graphics 4000	nincs optikai meghajtó	2 év	4 cellás	Windows 8 64Bit HUN		Új	ezüst	4.0	2 db USB 3.0	2 in 1	magyar		Touch pad	b/g/n 300mbps		10/100			VGA	Mobility	ASUS U		van	Ultrabook		van		Ajándék tok				
Dell Inspiron 7737-AG4L Silver i7 LX	228268 Ft	17.3ʺ HD+ Touch (1600x900)	Core i7 4500U (1800)	8192 (DDR3) MB	1000 GB	Intel HD 4400	DVDRW +/-	3 év	4 cellás	nincs (L)		Új	ezüst	4.0	3x3.0.1x2.0	4 in 1	magyar		Touch pad	b/g/n 300mbps		10/100/1000				Inspiron			van	Szupergyors	van	van						
Dell Vostro 3360-HA8W Silver i7 W8	228268 Ft	13.3ʺ HD LED AntiGlare	Core i7 3537U (2000)	8192 (DDR3) MB	500 + 32 mSATA GB	Intel HD Graphics 4000	nincs optikai meghajtó	3 év helyszíni	4 cellás	Windows 8 64Bit HUN		Új	ezüst	4.0	3 db USB 3.0	4 in 1	magyar		Touch pad	b/g/n 300mbps		10/100/1000			VGA	Vostro	Vostro 33xx		van	Szupergyors		van			van			
Dell Vostro 3360-42 Silver i7 W8	228268 Ft	13.3ʺ HD LED AntiGlare	Core i7 3537U (2000)	8192 (DDR3) MB	500 + 32 SSD GB	Intel HD Graphics 4000	nincs optikai meghajtó	3 év helyszíni	4 cellás	Windows 8 64Bit HUN		Új	ezüst	4.0	3 db USB 3.0	4 in 1	magyar		Touch pad	b/g/n 300mbps		10/100/1000			VGA	Vostro	Vostro 33xx		van	Szupergyors		van			van			
Dell Inspiron 7737-AG2L Silver i5 LX	228268 Ft	17.3ʺ HD+ Touch (1600x900)	Core i5 4200U (1600)	6144 (DDR3) MB	1000 GB	2048 MB NVIDIA GF GT750M	DVDRW +/-	3 év	4 cellás	nincs (L)		Új	ezüst	4.0	3x3.0.1x2.0	4 in 1	magyar		Touch pad	b/g/n 300mbps		10/100/1000				Inspiron			van	Szupergyors	van	van						
Dell Inspiron 7537-AG4L Silver i7 LX	236142 Ft	15.6ʺ FHD Touch (1920x1080)	Core i7 4500U (1800)	8192 (DDR3) MB	1000 GB	2048 MB NVIDIA GF GT750M	nincs optikai meghajtó	3 év	4 cellás	nincs (L)		Új	ezüst	4.0	4 db USB 3.0	8 in 1	magyar		Touch pad	b/g/n 300mbps		10/100/1000				Inspiron			van	Szupergyors	van	van						
ThinkPad T530 3G W7	236142 Ft	15.6ʺ HD LED matt	Core i5 3320M (2600)	4096 (DDR3) MB	320 (7200) GB	Intel HD Graphics 4000	DVDRW	3 év	5200 mAh (Li-ion)	Windows7 Prof 64Bit HUN		Új	fekete	4.0	2x3.0.2x2.0	4 in 1	magyar		Track point + Touch pad	b/g/n 300mbps		10/100/1000			VGA	ThinkPad	ThinkPad T	van	van	Multimédia			van		van	Beépített 3G/HSDPA modem		
Lenovo ThinkPad EDGE Twist S230U i5 W8 ULB 2Y	236142 Ft	12.5ʺ HD LED Touch	Core i5 3317U (1700)	4096 (DDR3) MB	500 + 24 SSD GB	Intel HD Graphics 4000	nincs optikai meghajtó	2 év	4 cellás	Windows 8 Pro 64Bit HUN		Új	fekete	4.0	2 db USB 3.0	4 in 1	magyar		Track point + Touch pad	b/g/n 300mbps						ThinkPad	ThinkPad Edge		van	Ultrabook		van						
Lenovo IdeaPad Y510p Black 59-404688 FD	236142 Ft	15.6ʺ Full HD LED AntiGlare	Core i7 4700MQ (2400)	4096 (DDR3) MB	1000 + 8 SSHD GB	2048 MB NVIDIA GF GT755M SLI	nincs optikai meghajtó	3 év	6 cellás	nincs (F)		Új	fekete	4.0	2x3.0.1x2.0	2 in 1	magyar		Touch pad	b/g/n 300mbps		10/100/1000			VGA	IdeaPad	IdeaPad Y		van	Szupergyors	van	van						
Toshiba Portege Z930-14C 3G W7 3Y ULB	236142 Ft	13.3ʺ HD LED (1366x768)	Core i5 3437U (1900)	6144 (DDR3) MB	128 GB SSD GB	Intel HD Graphics 4000	nincs optikai meghajtó	3 év	8 cellás	Windows7 Prof 64Bit HUN		Új	szürke	4.0	1x3.0.2x2.0	SD card	magyar		Touch pad	b/g/n 300mbps		10/100/1000			VGA	Portégé			van	Ultrabook		van			van	Beépített 3G/HSDPA modem		
Lenovo IdeaPad Y510p Black 59-390564 FD	236142 Ft	15.6ʺ Full HD LED AntiGlare	Core i7 4700MQ (2400)	4096 (DDR3) MB	1000 + 8 SSHD GB	2048 MB NVIDIA GF GT750M SLI	nincs optikai meghajtó	3 év	6 cellás	nincs (F)		Új	fekete	4.0	2x3.0.1x2.0	2 in 1	magyar		Touch pad	b/g/n 300mbps		10/100/1000			VGA	IdeaPad	IdeaPad Y		van	Szupergyors	van	van						
Toshiba Satellite P855-33U Silver W8	236142 Ft	15.6ʺ HD LED fényes	Core i7 3630QM (2400)	8192 (DDR3) MB	1000 GB	2048 MB NVIDIA GF GT640M	Blu-ray Disc (író/olvasó)	3 év	4200 mAh (Li-ion)	Windows 8 64Bit HUN		Új	ezüst	4.0	4 db USB 3.0	SD card	magyar		Touch pad	b/g/n 300mbps		10/100/1000			VGA	Satellite	Satellite P		van	Szupergyors	van	van						
HP Folio B0N00AA i5 W7 Pro	240079 Ft	13.3ʺ HD LED (1366x768)	Core i5 2467M (1600)	4096 (DDR3) MB	128 GB SSD GB	Intel HD Graphics 3000	nincs optikai meghajtó	3 év	6 cellás	Windows7 Prof 64Bit ENG		Új	ezüst	3.0	1x3.0.1x2.0	4 in 1	angol		Touch pad	b/g/n 300mbps		10/100/1000							van			van						
Dell Inspiron 7737-AA1 Silver i7 W8	244016 Ft	17.3ʺ HD+ Touch (1600x900)	Core i7 4500U (1800)	8192 (DDR3) MB	1000 GB	Intel HD 4400	DVDRW +/-	3 év	4 cellás	Windows 8 64Bit		Új	ezüst	4.0	3x3.0.1x2.0	4 in 1	magyar		Touch pad	b/g/n 300mbps		10/100/1000				Inspiron			van	Szupergyors	van	van						
Dell Inspiron 7537-AG5 Silver i7 W8	251890 Ft	15.6ʺ FHD Touch (1920x1080)	Core i7 4500U (1800)	8192 (DDR3) MB	1000 GB	2048 MB NVIDIA GF GT750M	No ODD	3 év	4 cellás	Windows 8 64Bit HUN		Új	ezüst	4.0	4 db USB 3.0	8 in 1	magyar		Touch pad	b/g/n 300mbps		10/100/1000				Inspiron			van	Szupergyors	van	van						
Lenovo ThinkPad T430 W7	251890 Ft	14ʺ HD+ LED	Core i5 3320M (2600)	8192 (DDR3) MB	240 SSD GB	Intel HD Graphics 4000	DVDRW	3 év	5200 mAh (Li-ion)	Windows7 Prof 64Bit HUN		Új	fekete	4.0	2x3.0.2x2.0	4 in 1	magyar		Track point + Touch pad	b/g/n 300mbps		10/100/1000			VGA	ThinkPad	ThinkPad T	van	van	Multimédia			van					
Lenovo YOGA Silver 59-356588 i5 W8 3Y ULB	275512 Ft	13.3 HD+ Multi Touch	Core i5 3317U (1700)	4096 (DDR3) MB	128 GB SSD GB	Intel HD Graphics 4000	nincs optikai meghajtó	3 év	4 cellás	Windows 8 64Bit HUN		Új	ezüst	4.0	1x3.0.1x2.0	2 in 1	magyar		Touch pad	b/g/n 300mbps									van	Ultrabook		van						
Fujitsu Lifebook U772 i5 3G Red W7 ULB	299134 Ft	14ʺ HD LED (1366x768)	Intel Core i5-3317U upto 2600	4096 (DDR3) MB	500 + 32 SSD GB	Intel HD Graphics 4000	nincs optikai meghajtó	3 év	4 cellás	Windows7 Prof 64Bit HUN		Új	piros	4.0	2x3.0.1x2.0	4 in 1	magyar		Touch pad	b/g/n 300mbps		10/100/1000				Lifebook		van	van	Ultrabook		van			van	Beépített 3G/HSDPA modem		
Fujitsu Lifebook U772 i5 3G Red W7 D ULB	299134 Ft	14ʺ HD LED (1366x768)	Intel Core i5-3317U upto 2600	8192 (DDR3) MB	128 GB SSD GB	Intel HD Graphics 4000	nincs optikai meghajtó	3 év	4 cellás	Windows7 Prof 64Bit HUN		Új	piros	4.0	2x3.0.1x2.0	4 in 1	magyar		Touch pad	b/g/n 300mbps		10/100/1000				Lifebook		van	van	Ultrabook		van			van	Beépített 3G/HSDPA modem		
Fujitsu Lifebook U772 i5 3G Silver W7 ULB	299134 Ft	14ʺ HD LED (1366x768)	Intel Core i5-3317U upto 2600	4096 (DDR3) MB	500 + 32 SSD GB	Intel HD Graphics 4000	nincs optikai meghajtó	3 év	4 cellás	Windows7 Prof 64Bit HUN		Új	ezüst	4.0	2x3.0.1x2.0	4 in 1	magyar		Touch pad	b/g/n 300mbps		10/100/1000				Lifebook		van	van	Ultrabook		van			van	Beépített 3G/HSDPA modem		
Fujitsu Lifebook U772 i5 3G Silver W7 D ULB	299134 Ft	14ʺ HD LED (1366x768)	Intel Core i5-3317U upto 2600	8192 (DDR3) MB	128 GB SSD GB	Intel HD Graphics 4000	nincs optikai meghajtó	3 év	4 cellás	Windows7 Prof 64Bit HUN		Új	ezüst	4.0	2x3.0.1x2.0	4 in 1	magyar		Touch pad	b/g/n 300mbps		10/100/1000				Lifebook		van	van	Ultrabook		van			van	Beépített 3G/HSDPA modem		
Lenovo YOGA Silver 59-356582 i7 W8 3Y ULB	314882 Ft	13.3 HD+ Multi Touch	Core i7 3517U (1900)	4096 (DDR3) MB	256 SSD GB	Intel HD Graphics 4000	nincs optikai meghajtó	3 év	4 cellás	Windows 8 64Bit HUN		Új	ezüst	4.0	1x3.0.1x2.0	2 in 1	magyar		Touch pad	b/g/n 300mbps									van	Ultrabook		van						
Asus UX31A-C4027H Silver W8 BIM ULB	354252 Ft	13.3ʺ FHD Touch (1920x1080)	Core i7 3517U (1900)	4096 (DDR3) MB	256 SSD GB	Intel HD Graphics 4000	nincs optikai meghajtó	2 év	4 cellás	Windows 8 64Bit HUN		Új	ezüst	4.0	2 db USB 3.0	2 in 1	magyar		Touch pad	b/g/n 300mbps		10/100			VGA	Mobility	ASUS U		van	Ultrabook		van		Ajándék tok				
Sony Vaio SVD1321L2EW White W8 ULB	377945 Ft	13.3ʺ FHD Touch (1920x1080)	Core i5 4200U (1600)	4096 (DDR3) MB	128 GB SSD GB	Intel HD 4400	nincs optikai meghajtó	2 év		Windows 8 64Bit		Új	fehér	4.0	2 db USB 3.0	2 in 1	magyar		Touch pad	b/g/n 300mbps		10/100/1000			GPS	VAIO			Dual Webcamera	Ultrabook		van				Beépített 3G/HSDPA modem		
Lenovo ThinkPad X1 Carbon i7 3G N3K58HV i7 W8 D ULB	472362 Ft	14ʺ LED (1600x900)	Core i7 3667U (2000)	4096 (DDR3) MB	256 SSD GB	Intel HD Graphics 4000	nincs optikai meghajtó	3 év	4 cellás	Windows 8 Pro 64Bit HUN		Új	fekete	4.0	1x3.0.1x2.0	4 in 1	magyar		Track point + Touch pad	b/g/n 300mbps						ThinkPad	ThinkPad X		van	Ultrabook					van	Beépített 3G/HSDPA modem		
Toshiba Qosmio X70-A-11l Silver W8	472362 Ft	17.3ʺ LED FHD (1920x1080)	Core i7 4700MQ (2400)	32768 (DDR3) MB	1000 + 1000 + 256 SSD GB	3072 MB NVIDIA GF GTX770M	Blu-ray Disc (író/olvasó)	3 év	3000 mAh	Windows 8 Pro 64Bit HUN		Új	ezüst	4.0	4 db USB 3.0	SD card	magyar		Touch pad	b/g/n 300mbps		10/100/1000			VGA				van	Szupergyors	van	van						
