TermékNév	Ár	TFT	CPU	RAM	HDD	GPU	Súly	Gar.	Akku	ODD	OS	Chipset	Méret	Audio	LAN	WLAN	BT	HSDPA	Kamera	CR	HDMI	VGA ki	USB	TV ki	DP	FP	ExpressCard	FW	eSata	Egyéb	Tárhely	Tárhely bővítés	Interfészek
ACER V5-121-C72G32akk	0 Ft	11.6" WXGA HD-LED AntiGlare (matt kijelző) 1366x768 pixel	AMD® C-70 Dual-Core™ (1.00 - 1.33 GHz, 1024 KB)	2GB DDR3/1333 MHz	320GB 5400RPM SATA	AMD Radeon™ HD 7290M	1.2kg	24 hónap	2500 mAh (Lithium-ion)	USB DVD-RW (vásárolható)	Linux	Intel® HM70 Express	285 x 202 x 25.4mm	HD Audio	10/100mbps LAN	Wireless 802.11b/g/n	Bluetooth 4.0	Nincs	Acer Crystal Eye webkamera 1280 x 1024 felbontás, továbbfejlesztett Acer PrimaLite technológia™	4in1 Card reader	Van	Van	2db USB 2.0 - 1db USB 3.0	Nem										
Acer V5-431-10074G50Mabb Blue	0 Ft	14.1" WXGA HD-LED GlareType 1366x768 pixel	Intel® Celeron® Processor 1007U (2M Cache, 1.50 GHz)	4GB DDR3/1333 MHz	500GB 5400RPM SATA	Intel® Graphics Media Accelerator HD	2.1 kg	24 hónap	2500 mAh (Lithium-ion)	8x DVD+-RW DL drive	Linux	Intel® HM77 Express	285 x 202 x 20.95-27.35 mm	HD Audio	Gigabit LAN	Wireless 802.11b/g/n	Bluetooth 4.0	Nincs	Acer Crystal Eye HD webcam with	2in1 Card reader	Van	Van	2db USB 2.0 - 1db USB 3.0	http://www.youtube.com/watch?feature=player_embedded&v=u6ID7yHo74Y	Nincs	Nincs	Nincs	Nincs	Nincs	Nem				
HP Pavilion Sleekbook 15-B105SH D4Z61EA	0 Ft	15.6" WXGA HD-LED GlareType 1366x768 pixel	Intel® Pentium® 2117U Processor (2M Cache, 1.80 GHz)	4GB DDR3/1333 MHz	500GB 5400RPM SATA	Intel® Graphics Media Accelerator HD	2.1kg	24 hónap	4400 mAh (Lithium-ion)	USB DVD-RW (vásárolható)	FreeDos	Intel® HM70 Express	385.7 x 259 x 21 mm	Altec Lansing® hangszórók - Dolby Advanced Audio	10/100mbps LAN	Wireless 802.11b/g/n	Bluetooth 2.1	Nincs	HP TrueVision HD webkamera beépített digitális mikrofonnal	2in1 Card reader	Van	Nem	1db USB 2.0 - 2db USB 3.0	Nem	Nincs	Nincs	Nincs	Nincs	Nincs	Nem				
ASUS X550CA-XO145D fehér	0 Ft	15.6" WXGA HD-LED AntiGlare (matt kijelző) 1366x768 pixel	Intel® Celeron® Processor 1007U (2M Cache, 1.50 GHz)	4GB DDR3/1600 MHz	500GB 5400RPM SATA	Intel® HD Graphics	2.3kg	24 hónap	3700 mAh (Lithium Polymer)	USB DVD-RW (vásárolható)	FreeDos	Intel® HM76 Express	38.0 x 2.51 x 2.48 ~3.17 cm	Beépített hangszóró és mikrofon	Gigabit LAN	Wireless 802.11b/g/n	Bluetooth 4.0	Nem	HD webkamera (720p)	3in1 Card reader	Van	Van	1db USB 2.0 - 1db USB 3.0	Nem	Nincs	Nincs	Nincs	Nincs	Nem	Nem				
TOSHIBA Satellite C55-A-163 fehér	0 Ft	15.6" WXGA HD-LED GlareType 1366x768 pixel	Intel® Celeron® Processor 1005U (2M Cache, 1.9 GHz)	4GB DDR3/1600 MHz	750GB 5400RPM SATA	Intel® HD Graphics	2.3 Kg	24 hónap	4400 mAh (Lithium-ion)	8x DVD+-RW DL drive	FreeDos	Mobile Intel® HM70 Express Chipset	380 x 242 x 30,8 - 33,35 mm	Realtek ALC269Q-VB5-GR beépített sztereó hangszórók	10/100mbps LAN	Wireless 802.11b/g/n	Bluetooth 4.0	Nincs	beépített 1 megapixeles HD webkamera (1280 x 800) beépített mikrofonnal	5in1 Card reader	Van	Van	2db USB 2.0 - 1db USB 3.0	Nem	Nincs	Nincs	Nincs	Nincs	Nincs	Nem				
ASUS X401A-WX530D Pink	0 Ft	14" WXGA HD LED GlareType 1366x768 pixel	Intel® Pentium® 2020M Processor (2M Cache, 2.40 GHz)	4GB DDR3/1333 MHz	500GB 5400RPM SATA	Intel® Graphics Media Accelerator HD	1,85 kg	24 hónap	47WHr (Lithium-ion)	USB DVD-RW (vásárolható)	FreeDos	Intel® HM70 Express	344x 241 x 26,5 mm	Altec Lansing® hangszórók	Gigabit LAN	Wireless 802.11b/g/n	Bluetooth 4.0	Nincs	0.3 megapixeles rögzített webkamera	3in1 Card reader	Van	Van	1db USB 2.0 - 1db USB 3.0	Nem	Nincs	Nincs	Nincs	Nincs	Nincs	Nem				
HP Compaq CQ58-351SH D4Y04EA	0 Ft	15.6" WXGA HD-LED GlareType 1366x768 pixel	AMD® E1-1200 Dual-Core (1.4Ghz, 1MB L2)	4GB DDR3/1333 MHz	750GB 5400RPM SATA	AMD Radeon™ HD 7310M	2.45kg	24 hónap	4400 mAh (Lithium-ion)	8x DVD+-RW DL drive	FreeDos	AMD A68M	376 x 247 x 31.3 cm	Altec Lansing® hangszórók	10/100mbps LAN	Wireless 802.11b/g/n	Bluetooth 2.1	Nincs	HP TrueVision HD webkamera beépített digitális mikrofonnal	2in1 Card reader	Van	Van	3db USB 2.0	Nem	Nincs	Nincs	Nincs	Nincs	Nincs	Nem				
LENOVO IdeaPad B590 59-374005	0 Ft	15.6" WXGA HD-LED AntiGlare (matt kijelző) 1366x768 pixel	Intel® Pentium® 2020M Processor (2M Cache, 2.40 GHz)	4GB DDR3/1600 MHz	500GB 5400RPM SATA	Intel® Graphics Media Accelerator HD	2.5kg	24 hónap	4400 mAh (Lithium-ion)	8x DVD+-RW DL drive	FreeDos	Intel® HM70 Express	378 x 252 x 33.4 mm	Nem	Gigabit LAN	Wireless 802.11b/g/n	Nincs	Nincs	0.3MPixel webkamera	4in1 Card reader	Van	Van	2db USB 2.0 - 1db USB 3.0	Nem	Nincs	Nincs	Nincs	Nincs	Nincs	Nincs				
Asus X200CA-KX052H	0 Ft	11.6" WXGA HD-LED Multi-Touch 1366x768 pixel	Intel® Celeron® Processor 1007U (2M Cache, 1.50 GHz)	2GB DDR3/1333 MHz	500GB 5400RPM SATA	Intel® HD Graphics	1.24 Kg	24 hónap	3260 mAh (Lithium Polymer)	USB DVD-RW (vásárolható)	Windows 8	Intel® HM70 Express	30.2 x 20.0 x 2.56 cm	SonicMaster	10/100mbps LAN	Wireless 802.11b/g/n	Bluetooth 4.0	Nincs	HD webkamera	2in1 Card reader	Van	Van	2db USB 2.0 - 1db USB 3.0	Nem	Nincs	Nincs	Nincs	Nincs	Nincs	Nem				
Acer Aspire E1-530-21174G75Mnkk	0 Ft	15.6" WXGA HD-LED GlareType 1366x768 pixel	Intel® Pentium® 2117U Processor (2M Cache, 1.80 GHz)	4GB DDR3/1600 MHz	750GB 5400RPM SATA	Intel® HD Graphics	2.35kg	24 hónap	2500 mAh (Lithium-ion)	8x DVD+-RW DL drive	Linux	Nem	Nem	Nem	Gigabit LAN	Wireless 802.11b/g/n	Bluetooth 4.0	Nincs	HD felbontású webkamera	SD Card reader	Van	Van	3db USB 2.0	Nem	Nincs	Nincs	Nincs	Nincs	Nincs	Nem				
SAMSUNG Ativ Book 2 NP270E5V-K02HU	0 Ft	15.6" WXGA HD-LED AntiGlare (matt kijelző) 1366x768 pixel	Intel® Pentium® 2117U Processor (2M Cache, 1.80 GHz)	4GB DDR3/1600 MHz	500GB 5400RPM SATA	Intel® Graphics Media Accelerator HD	2.2kg	24 hónap	4400 mAh (Lithium-ion)	8x DVD+-RW DL drive	FreeDos	Mobile Intel® HM65 Express	376.0 x 248.0 x 25.2 ~ 31.8mm	HD Audio	10/100mbps LAN	Wireless 802.11b/g/n	Bluetooth 4.0	Nincs	720p HD felbontású webkamera	3in1 Card reader	Van	Van	3db USB 2.0	Nem	Nincs	Nincs	Nincs	Nincs	Nincs	Nem				
LENOVO IdeaPad G505 59-390258	0 Ft	15.6" WXGA HD GlareType 1366x768 pixel	AMD® A4-5000M (2M Cache, 1.5GHz)	4GB DDR3/1600 MHz	1TB 5400RPM SATA	AMD Radeon™ HD 8570M 1024MB	2.6kg	24 hónap	2900 mAh (Lithium-ion)	8x DVD+-RW DL drive	FreeDos	AMD® A76M Fusion™	377 x 250 x 34 mm	Dolby® Advanced Audio™ v2	10/100mbps LAN	Wireless 802.11b/g/n	Bluetooth 4.0	Nincs	1MP HD Webkamera	2in1 Card reader	Van	Van	1db USB 2.0 - 2db USB 3.0	Nem	Nincs	Nincs	Nincs	Nincs	Nem	Nem				
HP 2000-2D03SH F2T63EA	0 Ft	15.6" WXGA HD-LED GlareType 1366x768 pixel	Intel® Core™ i3-3110M Processor (3M Cache, 2.40 GHz)	4GB DDR3/1600 MHz	750GB 5400RPM SATA	Intel® GMA HD 4000	2.45kg	24 hónap	47WHr (Lithium-ion)	8x DVD+-RW DL drive	FreeDos	Intel HM75 Express	376 x 247 x 35.8 mm	Altec Lansing hangszórók	10/100mbps LAN	Wireless 802.11b/g/n	Bluetooth 2.1	Nincs	HP TrueVision HD webkamera LED-es működésjelző fénnyel	2in1 Card reader	Van	Van	3db USB 2.0	Nem	Nincs	Nincs	Nincs	Nincs	Nincs	Nem				
ASUS X550CC-XX156D fehér	0 Ft	15.6" WXGA HD GlareType 1366x768 pixel	Intel® Pentium® 2117U Processor (2M Cache, 1.80 GHz)	4GB DDR3/1600 MHz	500GB 5400RPM SATA	NVIDIA® GeForce® GT 720M 2048MB	2.3kg	24 hónap	2600 mAh (Lithium-ion)	8x DVD+-RW DL drive	FreeDos	Intel® HM76 Express	380 x 251 x 24,8-31,7 mm	SonicMaster technológia	Gigabit LAN	Wireless 802.11b/g/n	Bluetooth 4.0	Nem	HD webkamera (720p)	3in1 Card reader	Van	Van	1db USB 2.0 - 1db USB 3.0	http://www.youtube.com/watch?v=3Q2_gXq7GG0	Nincs	Nincs	Nincs	Nincs	Nem	Nem				
LENOVO IdeaPad G500 Texture 59-390525	0 Ft	15.6" WXGA HD GlareType 1366x768 pixel	Intel® Core™ i3-3110M Processor (3M Cache, 2.40 GHz)	4GB DDR3/1600 MHz	500GB 5400RPM SATA	Intel® GMA HD 4000	2.6kg	24 hónap	2900 mAh (Lithium-ion)	8x DVD+-RW DL drive	FreeDos	Intel® HM76 Express	380 x 260 x 25.8mm	Dolby® Home Theatre™ v4	10/100mbps LAN	Wireless 802.11b/g/n	Bluetooth 4.0	Nincs	1.0MP 720p HD Webkamera	2in1 Card reader	Van	Van	1db USB 2.0 - 2db USB 3.0	http://www.youtube.com/watch?v=VyzvEWA7tNk	Nincs	Nincs	Nincs	Nincs	Van	Nem				
DELL Inspiron 3521 157793	0 Ft	15.6" WXGA HD-LED GlareType 1366x768 pixel	Intel® Core™ i3-3217U Processor (3M Cache, 1.80 GHz)	4GB DDR3/1600 MHz	500GB 5400RPM SATA	Intel® GMA HD 4000	2.35kg	36 hónap	40 Wh (Lithium-ion)	8x DVD+-RW DL drive	Linux	Intel HM76 Express	376 x 260 x 24,9 - 31,3 mm	Sztereó hangszóró Waves MaxxAudio® 3 feldolgozási technológiával	10/100mbps LAN	Wireless 802.11b/g/n	Bluetooth 4.0	Nincs	1,0 MP HD integrált webkamera beépített analóg mikrofonnal	3in1 Card reader	Van	Nincs	USB 2.0 (2db) • USB 3.0 (2db)	Nem	Nincs	Nincs	Nincs	Nincs	Nincs	Nem				
TOSHIBA Satellite C55-A-19D	0 Ft	15.6" WXGA HD-LED GlareType 1366x768 pixel	Intel® Core™ i3-3110M Processor (3M Cache, 2.40 GHz)	4GB DDR3/1600 MHz	500GB 5400RPM SATA	Intel® GMA HD 4000	2.3 Kg	24 hónap	4400 mAh (Lithium-ion)	8x DVD+-RW DL drive	FreeDos	Mobile Intel® HM76 Express Chipset	380 x 242 x 30,8 - 33,35 mm	Realtek ALC269Q-VB5-GR beépített sztereó hangszórók	10/100mbps LAN	Wireless 802.11b/g/n	Bluetooth 4.0	Nincs	beépített 1 megapixeles HD webkamera (1280 x 800) beépített mikrofonnal	5in1 Card reader	Van	Van	2db USB 2.0 - 1db USB 3.0	Nem	Nincs	Nincs	Nincs	Nincs	Nincs	Nem				
LENOVO IdeaPad G500 Texture 59-377047	0 Ft	15.6" WXGA HD GlareType 1366x768 pixel	Intel® Pentium® 2020M Processor (2M Cache, 2.40 GHz)	4GB DDR3/1600 MHz	500GB 5400RPM SATA	Intel® HD Graphics	2.6kg	24 hónap	2900 mAh (Lithium-ion)	8x DVD+-RW DL drive	Windows 8	Intel® HM76 Express	380 x 260 x 25.8mm	Nem	10/100mbps LAN	Wireless 802.11b/g/n	Bluetooth 4.0	Nincs	1.0MP 720p HD Webkamera	2in1 Card reader	Van	Van	1db USB 2.0 - 2db USB 3.0	Nem	Nincs	Nincs	Nincs	Nincs	Van	Nem				
HP Pavilion 17-E050SH E6A88EA	0 Ft	17.3" WXGA HD-LED GlareType 1600x900 pixel	AMD® A4-5000M (2M Cache, 1.5GHz)	4GB DDR3/1600 MHz	750GB 5400RPM SATA	AMD Radeon™ HD 8330G	2.9kg	24 hónap	47WHr (Lithium-ion)	8x DVD+-RW DL drive	FreeDos	Nem	420 x 267 x 32.8 mm	DTS hang + két hangszóróval	10/100mbps LAN	Wireless 802.11b/g/n	Bluetooth 4.0	Nincs	HP TrueVision HD webkamera tevékenységérzékelő LED-del és beépített digitális mikrofonnal	2in1 Card reader	Van	Van	1db USB 2.0 - 2db USB 3.0	Nem	Nincs	Nincs	Nincs	Nincs	Nincs	Nem				
Acer Aspire E1-571G-33114G50Makss	0 Ft	15.6" WXGA HD GlareType 1366x768 pixel	Intel® Core™ i3-3110M Processor (3M Cache, 2.40 GHz)	4GB DDR3/1600 MHz	500GB 5400RPM SATA	NVIDIA® GeForce® GT 710M 2048MB	2.4kg	24 hónap	48WHr (Lithium-ion)	8x DVD+-RW DL drive	Linux	Intel® HM77 Express	378 x 259 x 24.8 - 29.7 mm	HD Audio	10/100mbps LAN	Wireless 802.11b/g/n	Bluetooth 4.0	Nincs	1.3MP HD CrystalEye Webkamera	5in1 Card reader	Van	Van	3db USB 2.0	Nem	Nincs	Nincs	Nincs	Nincs	Nincs	Nem				
FUJITSU Lifebook A512-0M53A5HU	0 Ft	15.6" WXGA HD-LED AntiGlare (matt kijelző) 1366x768 pixel	Intel® Core™ i3-2328M Processor (3M Cache, 2.20 GHz)	4GB DDR3/1600 MHz	500GB 5400RPM SATA	Intel® GMA HD 3000	2,5kg	24 hónap	48WHr (Lithium-ion)	8x DVD+-RW DL drive	FreeDos	Mobile Intel® HM75 Express Chipset	378 x 252 x 36,5 mm	Nagy felbontású hangszolgáltatás támogatása, 2x beépített hangszóró (sztereó)	Gigabit LAN	Wireless 802.11b/g/n	Bluetooth 4.0	Nincs	beépített HD	4in1 Card reader	Van	Van	3db USB 2.0	Nem	Nincs	Nincs	Van	Nincs	Nincs	Nincs				
DELL Inspiron 3521 157795	0 Ft	15.6" WXGA HD-LED GlareType 1366x768 pixel	Intel® Core™ i3-3217U Processor (3M Cache, 1.80 GHz)	4GB DDR3/1600 MHz	500GB 5400RPM SATA	AMD Radeon™ HD 7670M 1024MB	2.35kg	36 hónap	65WHr (Lithium-ion)	8x DVD+-RW DL drive	Linux	Intel HM76 Express	376 x 260 x 24,9 - 31,3 mm	Sztereó hangszóró Waves MaxxAudio® 3 feldolgozási technológiával	10/100mbps LAN	Wireless 802.11b/g/n	Bluetooth 4.0	Nincs	1,0 MP HD integrált webkamera beépített analóg mikrofonnal	3in1 Card reader	Van	Nincs	USB 2.0 (2db) • USB 3.0 (2db)	Nem	Nincs	Nincs	Nincs	Nincs	Nincs	Nem				
ASUS X550CC-XX299D Kék	0 Ft	15.6" WXGA HD-LED AntiGlare (matt kijelző) 1366x768 pixel	Intel® Core™ i3-3217U Processor (3M Cache, 1.80 GHz)	4GB DDR3/1600 MHz	500GB 5400RPM SATA	NVIDIA® GeForce® GT 720M 2048MB	2.3kg	24 hónap	Nem	8x DVD+-RW DL drive	FreeDos	Intel® HM76 Express	380 x 251 x 24,8-31,7 mm	SonicMaster technológia	Gigabit LAN	Wireless 802.11b/g/n	Bluetooth 4.0	Nem	HD webkamera (720p)	2in1 Card reader	Van	Van	1db USB 2.0 - 1db USB 3.0	Nem	Nincs	Nincs	Nincs	Nincs	Nem	Nem				
ASUS X550CC-XX276D Fehér	0 Ft	15.6" WXGA HD-LED AntiGlare (matt kijelző) 1366x768 pixel	Intel® Core™ i3-3217U Processor (3M Cache, 1.80 GHz)	4GB DDR3/1600 MHz	500GB 5400RPM SATA	NVIDIA® GeForce® GT 720M 2048MB	2.3kg	24 hónap	2600 mAh (Lithium-ion)	8x DVD+-RW DL drive	FreeDos	Intel® HM76 Express	380 x 251 x 24,8-31,7 mm	SonicMaster technológia	Gigabit LAN	Wireless 802.11b/g/n	Bluetooth 4.0	Nem	HD webkamera (720p)	2in1 Card reader	Van	Van	1db USB 2.0 - 1db USB 3.0	Nem	Nincs	Nincs	Nincs	Nincs	Nem	Nem				
LENOVO IdeaPad G500s piros 59-390142	0 Ft	15.6" WXGA HD GlareType 1366x768 pixel	Intel® Pentium® 2020M Processor (2M Cache, 2.40 GHz)	4GB DDR3/1600 MHz	1TB 5400RPM SATA + 8GB ExpressCache	NVIDIA® GeForce® GT 720M 2048MB	2.7kg	24 hónap	Nem	8x DVD+-RW DL drive	FreeDos	Intel® HM76 Express	380 x 260 x 26.9mm	Nem	10/100mbps LAN	Wireless 802.11b/g/n	Bluetooth 4.0	Nincs	1.0MP 720p HD Webkamera	2in1 Card reader	Van	Van	1db USB 2.0 - 2db USB 3.0	Nem	Nincs	Nincs	Nincs	Nincs	Van	Nem				
ASUS X550CC-XO110D	0 Ft	15.6" WXGA HD-LED AntiGlare (matt kijelző) 1366x768 pixel	Intel® Core™ i3-3217U Processor (3M Cache, 1.80 GHz)	4GB DDR3/1600 MHz	750GB 5400RPM SATA	NVIDIA® GeForce® GT 720M 2048MB	2.3kg	24 hónap	2600 mAh (Lithium-ion)	8x DVD+-RW DL drive	FreeDos	Intel® HM76 Express	380 x 251 x 24,8-31,7 mm	SonicMaster technológia	Gigabit LAN	Wireless 802.11b/g/n	Bluetooth 4.0	Nem	HD webkamera (720p)	3in1 Card reader	Van	Van	1db USB 2.0 - 1db USB 3.0	http://www.youtube.com/watch?v=3Q2_gXq7GG0	Nincs	Nincs	Nincs	Nincs	Nem	Nem				
TOSHIBA Satellite C55-A-19N	0 Ft	15.6" WXGA HD-LED GlareType 1366x768 pixel	Intel® Core™ i3-3110M Processor (3M Cache, 2.40 GHz)	4GB DDR3/1600 MHz	750GB 5400RPM SATA	NVIDIA® GeForce® GT 710M 2048MB	2.3 Kg	24 hónap	4400 mAh (Lithium-ion)	8x DVD+-RW DL drive	FreeDos	Mobile Intel® HM76 Express Chipset	380 x 242 x 30,8 - 33,35 mm	Realtek ALC269Q-VB5-GR beépített sztereó hangszórók	10/100mbps LAN	Wireless 802.11b/g/n	Bluetooth 4.0	Nincs	beépített 1 megapixeles HD webkamera (1280 x 800) beépített mikrofonnal	5in1 Card reader	Van	Van	2db USB 2.0 - 1db USB 3.0	Nem	Nincs	Nincs	Nincs	Nincs	Nincs	Nem				
ASUS X550CC-XX204D Fehér	0 Ft	15.6" WXGA HD-LED AntiGlare (matt kijelző) 1366x768 pixel	Intel® Core™ i3-3217U Processor (3M Cache, 1.80 GHz)	4GB DDR3/1600 MHz	750GB 5400RPM SATA	NVIDIA® GeForce® GT 720M 2048MB	2.3kg	24 hónap	2600 mAh (Lithium-ion)	8x DVD+-RW DL drive	FreeDos	Intel® HM76 Express	380 x 251 x 24,8-31,7 mm	SonicMaster technológia	Gigabit LAN	Wireless 802.11b/g/n	Bluetooth 4.0	Nem	HD webkamera (720p)	2in1 Card reader	Van	Van	1db USB 2.0 - 1db USB 3.0	Nem	Nincs	Nincs	Nincs	Nincs	Nem	Nem				
LENOVO IdeaPad B590 59-352455	0 Ft	15.6" WXGA HD-LED AntiGlare (matt kijelző) 1366x768 pixel	Intel® Core™ i3-3120M Processor (3M Cache, 2.50 GHz)	4GB DDR3/1600 MHz	500GB 5400RPM SATA	Intel® HD Graphics	2.5kg	24 hónap	48WHr (Lithium-ion)	8x DVD+-RW DL drive	FreeDos	Intel® HM77 Express	378 x 252 x 33.4 mm	Nem	Gigabit LAN	Intel® Centrino® Wireless-N 2230	Nincs	Nincs	720p webkamera	4in1 Card reader	Van	Van	1db USB 2.0 - 2db USB 3.0	Nem	Nincs	Nincs	Nincs	Nincs	Nincs	Nincs				
FUJITSU Lifebook AH552-MPZB5HU	0 Ft	15.6" WXGA HD-LED GlareType 1366x768 pixel	Intel® Core™ i3-3110M Processor (3M Cache, 2.40 GHz)	4GB DDR3/1600 MHz	500GB 5400RPM SATA	Intel® GMA HD 4000	2.2 kg	24 hónap	4400 mAh (Lithium-ion)	8x DVD+-RW DL drive	Nem	Mobile Intel® HM76	378 x 252 x 25,4 mm	Realtek ALC269 VC2 HD	Gigabit LAN	Intel® Centrino® Wireless-N 2230	Bluetooth 4.0	Nincs	HD type (30fps@720p)	4in1 Card reader	Van	Van	3db USB 2.0, 1 db USB 3.0	Nem	Nincs	Nincs	Nincs	Nincs	Nincs	Nincs				
	0 Ft																																	
LENOVO IdeaPad G500 Metal 59-402605	0 Ft	15.6" WXGA HD GlareType 1366x768 pixel	Intel® Core™ i3-3110M Processor (3M Cache, 2.40 GHz)	4GB DDR3/1600 MHz	1TB 5400RPM SATA	AMD Radeon™ HD 8570M 2048MB	2.6kg	24 hónap	2900 mAh (Lithium-ion)	8x DVD+-RW DL drive	FreeDos	Intel® HM76 Express	380 x 260 x 25.8mm	Nem	10/100mbps LAN	Wireless 802.11b/g/n	Bluetooth 4.0	Nincs	1.0MP 720p HD Webkamera	2in1 Card reader	Van	Van	1db USB 2.0 - 2db USB 3.0	Nem	Nincs	Nincs	Nincs	Nincs	Van	Nem				
HP Pavilion 15-N050SH F2T48EA fehér	0 Ft	15.6" WXGA HD-LED GlareType 1366x768 pixel	AMD® A4-5000M (2M Cache, 1.5GHz)	4GB DDR3/1600 MHz	750GB 5400RPM SATA	AMD Radeon™ HD 8330G	2.28kg	24 hónap	41 Wh (Lithium-ion)	8x DVD+-RW DL drive	Windows 8	AMD® A76M Fusion™	385,6 x 258 x 22,6 mm	Beépített DTS® sztereó hangszórók	10/100mbps LAN	Wireless 802.11b/g/n	Bluetooth 4.0	Nincs	HP TrueVision HD webkamera	2in1 Card reader	Van	Nincs	1db USB 2.0 - 2db USB 3.0	Nem	Nincs	Nincs	Nincs	Nincs	Nincs	Nem				
TOSHIBA C55-A-19D + Brother nyomtató	0 Ft	15.6" WXGA HD-LED GlareType 1366x768 pixel	Intel® Core™ i3-3110M Processor (3M Cache, 2.40 GHz)	4GB DDR3/1600 MHz	500GB 5400RPM SATA	Intel® GMA HD 4000	2.3 Kg	24 hónap	4400 mAh (Lithium-ion)	8x DVD+-RW DL drive	FreeDos	Mobile Intel® HM76 Express Chipset	380 x 242 x 30,8 - 33,35 mm	Realtek ALC269Q-VB5-GR beépített sztereó hangszórók	10/100mbps LAN	Wireless 802.11b/g/n	Bluetooth 4.0	Nincs	beépített 1 megapixeles HD webkamera (1280 x 800) beépített mikrofonnal	5in1 Card reader	Van	Van	2db USB 2.0 - 1db USB 3.0	Nem	Nincs	Nincs	Nincs	Nincs	Nincs	Nem				
LENOVO IdeaPad B590 59-352457	0 Ft	15.6" WXGA HD-LED AntiGlare (matt kijelző) 1366x768 pixel	Intel® Core™ i5-3210M Processor (3M Cache, up to 3.10 GHz	4GB DDR3/1600 MHz	500GB 5400RPM SATA	Intel® GMA HD 4000	2.5kg	24 hónap	48WHr (Lithium-ion)	8x DVD+-RW DL drive	FreeDos	Intel® HM77 Express	378 x 252 x 33.4 mm	Nem	Gigabit LAN	Intel® Centrino® Wireless-N 2230	Nincs	Nincs	720p webkamera	4in1 Card reader	Van	Van	1db USB 2.0 - 2db USB 3.0	Nem	Nincs	Nincs	Nincs	Nincs	Nincs	Nincs				
DELL Inspiron 3537 157808	0 Ft	15.6" WXGA HD-LED GlareType 1366x768 pixel	Intel® Core™ i5-4200U Processor (3M Cache, up to 2.60 GHz)	4GB DDR3/1600 MHz	500GB 5400RPM SATA	AMD Radeon™ HD 8670M 1024MB	2.37kg	36 hónap	4400 mAh (Lithium-ion)	8x DVD+-RW DL drive	Linux	Mobile Intel® HM76 Express	259 x 376 x 25.3 mm	Sztereó hangszóró Waves MaxxAudio® 3 feldolgozási technológiával	10/100mbps LAN	Dell™ Wireless 1705 802.11b/g/n	Bluetooth 4.0	Nincs	1,0 MP HD integrált webkamera beépített analóg mikrofonnal	3in1 Card reader	Van	Nincs	USB 2.0 (2db) • USB 3.0 (2db)	Nem	Nincs	Nincs	Nincs	Nincs	Nincs	Nem				
SAMSUNG Ativ Book 2 NP270E5V-X03HU	0 Ft	15.6" WXGA HD-LED AntiGlare (matt kijelző) 1366x768 pixel	Intel® Core™ i3-3120M Processor (3M Cache, 2.50 GHz)	4GB DDR3/1600 MHz	500GB 5400RPM SATA	NVIDIA® GeForce® GT 710M 1024MB	2.2kg	24 hónap	48WHr (Lithium-ion)	8x DVD+-RW DL drive	FreeDos	Mobile Intel® HM75 Express Chipset	376.0 x 248.0 x 25.2 ~ 31.8mm	HD Audio	10/100mbps LAN	Wireless 802.11b/g/n	Bluetooth 4.0	Nincs	720p HD felbontású webkamera	3in1 Card reader	Van	Van	3db USB 2.0	Nem	Nincs	Nincs	Nincs	Nincs	Nincs	Nem				
HP Pavilion 17-E051SH E6A89EA	0 Ft	17.3" WXGA HD-LED GlareType 1600x900 pixel	AMD® A4-5150M (1M Cache, 2.7 - 3.3 GHz) (1M Cache, 1.9 - 2.4 GHz)	8GB DDR3/1600 MHz	1TB 5400RPM SATA	AMD Radeon™ HD 8670M 1024MB	2.9kg	24 hónap	4400 mAh (Lithium-ion)	8x DVD+-RW DL drive	FreeDos	AMD® A70M FCH	420 x 267 x 32.8 mm	DTS hang + két hangszóróval	10/100mbps LAN	Wireless 802.11b/g/n	Bluetooth 4.0	Nincs	HP TrueVision HD webkamera tevékenységérzékelő LED-del és beépített digitális mikrofonnal	2in1 Card reader	Van	Van	1db USB 2.0 - 2db USB 3.0	Nem	Nincs	Nincs	Nincs	Nincs	Nincs	Nem				
Lenovo IdeaPad™ Yoga 11 Orange 59-361324	0 Ft	11.6" WXGA HD-LED Multi-Touch 1366x768 pixel	nVidia® Tegra® 3 Quad-Core (1.5GHz, 1MB)	2GB DDR3/1600 MHz	32GB Solid State Drive (SSD)	NVIDIA® ULP GeForce®	1.24kg	36 hónap	2900 mAh (Lithium Polymer)	USB DVD-RW (vásárolható)	Windows RT		298 x 204 x 15.6 mm	Realtek® ALC5642 codec	Nincs	Wireless 802.11b/g/n	Bluetooth 4.0	Nincs	720p HD webcam	SD Card reader	Van	Nincs	2db USB 2.0	http://www.youtube.com/watch?v=pOLyyHRLYps	Nincs	Nincs	Nincs	Nincs	Nincs	Fényérzékelő, Gyursulásmérő, Giroszkóp, Digitális iránytű				
LENOVO IdeaPad G500 Texture 59-390489	0 Ft	15.6" WXGA HD GlareType 1366x768 pixel	Intel® Core™ i5-3230M Processor (3M Cache, up to 3.20 GHz)	4GB DDR3/1600 MHz	500GB 5400RPM SATA	AMD Radeon™ HD 8570M 2048MB	2.6kg	24 hónap	2900 mAh (Lithium-ion)	8x DVD+-RW DL drive	FreeDos	Intel® HM76 Express	380 x 260 x 25.8mm	Dolby® Home Theatre™ v4	10/100mbps LAN	Wireless 802.11b/g/n	Bluetooth 4.0	Nincs	1.0MP 720p HD Webkamera	2in1 Card reader	Van	Van	1db USB 2.0 - 2db USB 3.0	http://www.youtube.com/watch?v=VyzvEWA7tNk	Nincs	Nincs	Nincs	Nincs	Van	Nem				
LENOVO ThinkPad Edge E530c NZY6ZHV_TS	0 Ft	15.6" WXGA HD-LED AntiGlare (matt kijelző) 1366x768 pixel	Intel® Core™ i3-3110M Processor (3M Cache, 2.40 GHz)	4GB DDR3/1600 MHz	500GB 5400RPM SATA	Intel® GMA HD 4000	2.45kg	24 hónap	48WHr (Lithium-ion)	8x DVD+-RW DL drive	FreeDos	Intel® Mobile HM77 Express	377.0 x 245.0 x 29.5-35.3 mm	Nem	Gigabit LAN	Wireless 802.11b/g/n	Bluetooth 4.0	Nincs	HD720p webkamera	4in1 Card reader	Van	Van	1db USB 2.0 - 3db USB 3.0	Nem	Nincs	Nincs	Nincs	Nincs	Nincs	Nincs				
TOSHIBA Satellite C55-A-10F	0 Ft	15.6" WXGA HD-LED GlareType 1366x768 pixel	Intel® Core™ i5-3230M Processor (3M Cache, up to 3.20 GHz)	4GB DDR3/1600 MHz	750GB 5400RPM SATA	Intel® GMA HD 4000	2.3 Kg	24 hónap	4400 mAh (Lithium-ion)	8x DVD+-RW DL drive	FreeDos	Mobile Intel® HM76 Express Chipset	380 x 242 x 30,8 - 33,35 mm	Realtek ALC269Q-VB5-GR beépített sztereó hangszórók	10/100mbps LAN	Wireless 802.11b/g/n	Bluetooth 4.0	Nincs	beépített 1 megapixeles HD webkamera (1280 x 800) beépített mikrofonnal	5in1 Card reader	Van	Van	2db USB 2.0 - 1db USB 3.0	Nem	Nincs	Nincs	Nincs	Nincs	Nincs	Nem				
ASUS X550CC-XX724D Piros	0 Ft	15.6" WXGA HD-LED AntiGlare (matt kijelző) 1366x768 pixel	Intel® Core™ i5-3337U Processor (3M Cache, up to 2.70 GHz)	4GB DDR3/1600 MHz	1TB 5400RPM SATA	NVIDIA® GeForce® GT 720M 2048MB	2.3kg	24 hónap	Nem	8x DVD+-RW DL drive	FreeDos	Intel® HM76 Express	380 x 251 x 24,8-31,7 mm	SonicMaster technológia	Gigabit LAN	Wireless 802.11b/g/n	Bluetooth 4.0	Nem	HD webkamera (720p)	2in1 Card reader	Van	Van	1db USB 2.0 - 1db USB 3.0	Nem	Nincs	Nincs	Nincs	Nincs	Nem	Nem				
DELL Inspiron 5521 154741 Ezüst	0 Ft	15.6" WXGA HD GlareType 1366x768 pixel	Intel® Core™ i5-3337U Processor (3M Cache, up to 2.70 GHz)	4GB DDR3/1600 MHz	750GB 5400RPM SATA	AMD Radeon™ HD 8730M 2048MB	2.35kg	36 hónap	6500 mAh (Lithium-ion)	8x DVD+-RW DL drive	Linux	Mobile Intel® HM76	376 x 259 x 24,9 - 25,4 mm	Sztereó hangszóró Waves MaxxAudio® 3 feldolgozási technológiával	10/100mbps LAN	Intel® Centrino® Wireless-N 2230	Bluetooth 4.0	Nincs	Natív HD 1,0 megapixel felbontású webkamera digitális mikrofonnal	8in1 Card reader	Van	Van	2db USB 2.0 - 2db USB 3.0	Nem	Nincs	Nincs	Nincs	Nincs	Nincs	Nem				
DELL Inspiron 3537 157848	0 Ft	15.6" WXGA HD-LED GlareType 1366x768 pixel	Intel® Core™ i5-4200U Processor (3M Cache, up to 2.60 GHz)	4GB DDR3/1600 MHz	750GB 5400RPM SATA	AMD Radeon™ HD 8670M 2048MB	2.37kg	36 hónap	4400 mAh (Lithium-ion)	8x DVD+-RW DL drive	Linux	Mobile Intel® HM76 Express	259 x 376 x 25.3 mm	Sztereó hangszóró Waves MaxxAudio® 3 feldolgozási technológiával	10/100mbps LAN	Dell™ Wireless 1705 802.11b/g/n	Bluetooth 4.0	Nincs	1,0 MP HD integrált webkamera beépített analóg mikrofonnal	3in1 Card reader	Van	Nincs	USB 2.0 (2db) • USB 3.0 (2db)	Nem	Nincs	Nincs	Nincs	Nincs	Nincs	Nem				
Fujitsu Lifebook UH552-MPZF5HU	0 Ft	13.3" WXGA HD-LED AntiGlare (matt kijelző) 1366x768 pixel	Intel® Core™ i5-3317U Processor (3M Cache, up to 2.60 GHz)	4GB DDR3/1600 MHz	500GB 5400RPM SATA	Intel® GMA HD 4000	1.57kg	24 hónap	2840 mAh (Lithium Polymer)	USB DVD-RW (vásárolható)	Nem	Intel® HM76 Express	323 x 234 x 18 mm	DTS Boost™ - Nagy felbontású hangszolgáltatás támogatása	Nincs	Wireless 802.11b/g/n	Bluetooth 4.0	Nem	HD webcam	4in1 Card reader	Van	Nincs	2db USB 3.0, 1db USB 2.0	Nem	Nincs	Nincs	Nincs	Nincs	Nem	Nem				
SAMSUNG NP535U3C-K01HU	0 Ft	13.3" WXGA HD-LED AntiGlare (matt kijelző) 1366x768 pixel	AMD® Llano A4-4355M (1M Cache, 1.9 - 2.4 GHz)	4GB DDR3/1333 MHz	500GB 5400RPM SATA	AMD Radeon™ HD 7400G	1.52kg	24 hónap	45,3WHr (Lithium Polymer)	USB DVD-RW (vásárolható)	Windows 8	AMD® A70M	315.1 x 218.9 x 14.9-17.6 mm	SoundAlive™	Gigabit LAN	Wireless 802.11b/g/n	Bluetooth 4.0	Nincs	1.3 megapixel HD Webcam	3in1 Card reader	Van	Van	1db USB 3.0 - 2db USB 2.0	Nem	Nincs	Nincs	Nincs	Nincs	Nincs	Nem				
ASUS X550CC-XO093D	0 Ft	15.6" WXGA HD-LED AntiGlare (matt kijelző) 1366x768 pixel	Intel® Core™ i5-3337U Processor (3M Cache, up to 2.70 GHz)	4GB DDR3/1600 MHz	1TB 5400RPM SATA	NVIDIA® GeForce® GT 720M 2048MB	2.3kg	24 hónap	3700 mAh (Lithium Polymer)	8x DVD+-RW SM	FreeDos	Mobile Intel® HM76 Express	380 x 251 x 24,8-31,7 mm	SonicMaster beépített hangszóró és mikrofon	Gigabit LAN	Wireless 802.11b/g/n	Bluetooth 4.0	Nem	HD webkamera (720p)	3in1 Card reader	Van	Van	1db USB 2.0 - 1db USB 3.0	Nem	Nincs	Nincs	Nincs	Nincs	Nem	Nem				
LENOVO IdeaPad G500s 59-376721	0 Ft	15.6" WXGA HD GlareType 1366x768 pixel	Intel® Core™ i5-3230M Processor (3M Cache, up to 3.20 GHz)	4GB DDR3/1600 MHz	1TB 5400RPM SATA	NVIDIA® GeForce® GT 720M 2048MB	2.5kg	24 hónap	2900 mAh (Lithium-ion)	8x DVD+-RW DL drive	FreeDos	Intel® HM76 Express	380 x 260 x 25.8mm	Nem	10/100mbps LAN	Wireless 802.11b/g/n	Bluetooth 4.0	Nincs	1.0MP 720p HD Webkamera	2in1 Card reader	Van	Van	1db USB 2.0 - 2db USB 3.0	Nem	Nincs	Nincs	Nincs	Nincs	Van	Nem				
Acer S3-371-33224G50add_Lin	0 Ft	13.3" WXGA HD-LED GlareType 1366x768 pixel	Intel® Core™ i3-3227U Processor (3M Cache, up to 1.90 GHz)	4GB DDR3/1600 MHz	500GB 5400RPM SATA	Intel® GMA HD 4000	1.36kg	24 hónap	3200 mAh (Lithium-ion)	USB DVD-RW (vásárolható)	Linux	Intel® HM77 Express	323 x 218 x 13.1-17.5 mm	HD Audio	Nincs	Wireless 802.11b/g/n	Bluetooth 4.0	Nincs	1.3MP HD CrystalEye Webkamera	2in1 Card reader	Van	Nincs	2db USB 3.0	Nem	Nincs	Nincs	Nincs	Nincs	Nincs	Nem				
SAMSUNG Ativ Book 2 NP270E5E-X05HU	0 Ft	15.6" WXGA HD-LED AntiGlare (matt kijelző) 1366x768 pixel	Intel® Core™ i3-3120M Processor (3M Cache, 2.50 GHz)	4GB DDR3/1600 MHz	500GB 5400RPM SATA	NVIDIA® GeForce® GT 710M 1024MB	2.2kg	24 hónap	48WHr (Lithium-ion)	8x DVD+-RW DL drive	Windows 8	Mobile Intel® HM70 Express	376.0 x 248.0 x 25.2 ~ 31.8mm	HD Audio	10/100mbps LAN	Wireless 802.11b/g/n	Bluetooth 4.0	Nincs	720p HD felbontású webkamera	3in1 Card reader	Van	Van	3db USB 2.0	Nem	Nincs	Nincs	Nincs	Nincs	Nincs	Nem				
SAMSUNG Ativ Book 4 NP450R5E-X03HU	0 Ft	15.6" WXGA HD-LED AntiGlare (matt kijelző) 1366x768 pixel	Intel® Core™ i3-3120M Processor (3M Cache, 2.50 GHz)	4GB DDR3/1600 MHz	500GB 5400RPM SATA	NVIDIA® GeForce® GT 710M 2048MB	1.99kg	24 hónap	3700 mAh (Lithium Polymer)	USB DVD-RW (vásárolható)	Windows 8	Mobile Intel® HM76 Express	376 x 248 x 22.9 mm	HD Audio	Gigabit LAN	Intel® Centrino® Advanced-N 6235, 2 x 2 802.11abg/n (up to 300 Mbps), Widi Support	Bluetooth 4.0	Nincs	720p HD Webkamera	3in1 Card reader	Van	Van	2db USB 2.0 - 1db USB 3.0	Nem	Nincs	Nincs	Nincs	Nincs	Nincs	Nem				
SAMSUNG Ativ Book 4 NP450R5E-X02HU	0 Ft	15.6" WXGA HD-LED AntiGlare (matt kijelző) 1366x768 pixel	Intel® Core™ i3-3120M Processor (3M Cache, 2.50 GHz)	4GB DDR3/1600 MHz	500GB 5400RPM SATA	NVIDIA® GeForce® GT 710M 2048MB	1.99kg	24 hónap	3700 mAh (Lithium Polymer)	USB DVD-RW (vásárolható)	Windows 8	Mobile Intel® HM76 Express	376 x 248 x 22.9 mm	HD Audio	Gigabit LAN	Intel® Centrino® Advanced-N 6235, 2 x 2 802.11abg/n (up to 300 Mbps), Widi Support	Bluetooth 4.0	Nincs	720p HD Webkamera	3in1 Card reader	Van	Van	2db USB 2.0 - 1db USB 3.0	Nem	Nincs	Nincs	Nincs	Nincs	Nincs	Nem				
TOSHIBA Satellite C55-A-1NK	0 Ft	15.6" WXGA HD-LED GlareType 1366x768 pixel	Intel® Core™ i5-4200M Processor (3M Cache, up to 3.10 GHz)	4GB DDR3/1600 MHz	750GB 5400RPM SATA	NVIDIA® GeForce® GT 710M 2048MB	2.3 Kg	24 hónap	4400 mAh (Lithium-ion)	8x DVD+-RW DL drive	Windows 8.1	Mobile Intel® HM76 Express Chipset	380 x 242 x 30,8 - 33,35 mm	beépített sztereó hangszórók DTS® Sound™ hangzásjavító technológiával	10/100mbps LAN	Wireless 802.11b/g/n	Bluetooth 4.0	Nincs	beépített 1 megapixeles HD webkamera (1280 x 800) beépített mikrofonnal	5in1 Card reader	Van	Van	2db USB 2.0 - 1db USB 3.0	Nem	Nincs	Nincs	Nincs	Nincs	Nincs	Nem				
Dell Latitude E5430 153323	0 Ft	14" WXGA HD LED AntiGlare 1366x768 pixel	Intel® Core™ i3-3120M Processor (3M Cache, 2.50 GHz)	4GB DDR3/1600 MHz	500GB 7200RPM SATA	Intel® GMA HD 4000	2.04kg	36 hónap helyszíni garancia	5200 mAh (Lithium-ion)	8x DVD+-RW DL drive	Linux	Mobil Intel® HM77 Express	350 x 240 x 29.9-32.5 cm	Beépített sztereó hangszórók	Gigabit LAN	Intel® Centrino® 6205 802.11 a/b/g/n	Bluetooth 4.0	Nincs	2.0MPixel HD	SD/SDHC/SDXC kártyahely	Van	Van	1db USB 2.0 - 2db USB 3.0	Nem	Nincs	Van	Van	Van	Van	Billentyűzet világítás, Dokkolható				
SAMSUNG NP370R5E-S03HU Red	0 Ft	15.6" WXGA HD-LED AntiGlare (matt kijelző) 1366x768 pixel	Intel® Core™ i3-3110M Processor (3M Cache, 2.40 GHz)	8GB DDR3/1600 MHz	1TB 5400RPM SATA	AMD Radeon™ HD 8750M 1024MB	1.99kg	24 hónap	3700 mAh (Lithium Polymer)	USB DVD-RW (vásárolható)	Windows 8	Mobile Intel® HM77 Express	376 x 248 x 22.9 mm	HD Audio	Gigabit LAN	Wireless 802.11b/g/n	Bluetooth 4.0	Nincs	1,3 megapixel felbontású webkamera	3in1 Card reader	Van	Van	2db USB 2.0 - 1db USB 3.0	Nem	Nincs	Nincs	Nincs	Nincs	Nincs	Nem				
DELL Vostro 5470 158239	0 Ft	14" WXGA HD LED GlareType 1366x768 pixel	Intel® Core™ i3-4010U Processor (3M Cache, 1.7 GHz)	4GB DDR3/1600 MHz	500GB 5400RPM SATA	Intel® GMA HD 4400	1,53 kg	36 hónap helyszíni garancia	51,2 Wh (Lithium-ion)	USB DVD-RW (vásárolható)	Linux	Mobile Intel® HM86 Express Chipset	337,6 x 233,5 x 18,3 mm	Beépített sztereó hangszórók mélysugárzóval	Gigabit LAN	Dell Wireless 1704 802.11n	Bluetooth 4.0	Nincs	beépített HD webkamera	8in1 Card reader	Van	Nem	1db USB 3.0, 2db USB 2.0	Nem	Nincs	Nem	Nincs	Nincs	Nincs	Nem				
HP ProBook 4340s H4R70EA	0 Ft	13.3" WXGA HD-LED AntiGlare (matt kijelző) 1366x768 pixel	Intel® Core™ i3-3120M Processor (3M Cache, 2.50 GHz)	4GB DDR3/1333 MHz	500GB 5400RPM SATA	AMD Radeon™ HD 7570M 1024MB	1.84kg	36 hónap	4700 mAh (Lithium-ion)	8x DVD+-RW DL drive	Linux	Intel® HM76 Express	326 x 229 x 24 mm	SRS Premium Surround Sound PRO	Gigabit LAN	Wireless 802.11b/g/n	Bluetooth 4.0	Nincs	720p HD webkamera	SD/MMC Slot	Van	Van	1db USB 2.0 - 3db USB 3.0	Nem	Nincs	Nincs	Nincs	Nincs	Nincs	Intel® Anti-Theft támogatás				
TOSHIBA Satellite C55-A-10Q fehér	0 Ft	15.6" WXGA HD-LED GlareType 1366x768 pixel	Intel® Core™ i5-3230M Processor (3M Cache, up to 3.20 GHz)	4GB DDR3/1600 MHz	750GB 5400RPM SATA	NVIDIA® GeForce® GT 710M 1024MB	2.3 Kg	24 hónap	4400 mAh (Lithium-ion)	8x DVD+-RW DL drive	Windows 8	Mobile Intel® HM76 Express Chipset	380 x 242 x 30,8 - 33,35 mm	Realtek ALC269Q-VB5-GR beépített sztereó hangszórók	10/100mbps LAN	Wireless 802.11b/g/n	Bluetooth 4.0	Nincs	beépített 1 megapixeles HD webkamera (1280 x 800) beépített mikrofonnal	5in1 Card reader	Van	Van	2db USB 2.0 - 1db USB 3.0	Nem	Nincs	Nincs	Nincs	Nincs	Nincs	Nem				
FUJITSU Lifebook AH552-MPZA2	0 Ft	15.6" WXGA HD-LED GlareType 1366x768 pixel	Intel® Core™ i5-3210M Processor (3M Cache, up to 3.10 GHz	4GB DDR3/1600 MHz	500GB 5400RPM SATA	Intel® GMA HD 4000	2.2 kg	24 hónap	4400 mAh (Lithium-ion)	8x DVD+-RW DL drive	Windows 8	Mobile Intel® HM76	378 x 252 x 25,4 mm	Realtek ALC269 VC2 HD	Gigabit LAN	Wireless 802.11b/g/n	Bluetooth 2.1	Nincs	HD	4in1 Card reader	Van	Van	3db USB 2.0, 1 db USB 3.0	Nem	Nincs	Nincs	Nincs	Nincs	Nincs	Nincs				
DELL Inspiron 17 3737 157877	0 Ft	17.3" WXGA HD-LED GlareType 1600x900 pixel	Intel® Core™ i5-4200U Processor (3M Cache, up to 2.60 GHz)	6GB DDR3/1600 MHz	1TB 5400RPM SATA	AMD Radeon™ HD 8670M 1024MB	2.64kg	36 hónap	65WHr (Lithium-ion)	8x DVD+-RW DL drive	Linux	Mobile Intel® HM76 Express	412 x 270 x 28.34 - 35.6 mm	Nem	10/100mbps LAN	Wireless 802.11b/g/n	Bluetooth 4.0	Nincs	Natív HD 1,0 megapixeles webkamera digitális mikrofonnal	8in1 Card reader	Van	Nincs	USB 2.0 (2db) • USB 3.0 (2db)	Nem	Nincs	Nincs	Nincs	Nincs	Nincs	Nem				
ASUS X550CC-XO249D	0 Ft	15.6" WXGA HD-LED AntiGlare (matt kijelző) 1366x768 pixel	Intel® Core™ i7-3537U Processor (4M Cache, up to 3.10 GHz)	4GB DDR3/1600 MHz	750GB 5400RPM SATA	NVIDIA® GeForce® GT 720M 2048MB	2.3kg	24 hónap	2600 mAh (Lithium-ion)	8x DVD+-RW DL drive	FreeDos	Intel® HM76 Express	380 x 251 x 24,8-31,7 mm	SonicMaster technológia	Gigabit LAN	Wireless 802.11b/g/n	Bluetooth 4.0	Nem	HD webkamera (720p)	3in1 Card reader	Van	Van	1db USB 2.0 - 1db USB 3.0	http://www.youtube.com/watch?v=3Q2_gXq7GG0	Nincs	Nincs	Nincs	Nincs	Nem	Nem				
LENOVO IdeaPad G710 59-390399	0 Ft	17.3" WXGA HD-LED GlareType 1600x900 pixel	Intel® Core™ i5-4200M Processor (3M Cache, up to 3.10 GHz)	4GB DDR3/1600 MHz	1TB 5400RPM SATA + 8GB ExpressCache	NVIDIA® GeForce® GT 720M 2048MB	2.9kg	12 hónap	4400 mAh (Lithium-ion)	8x DVD+-RW DL drive	FreeDos	Intel® HM76 Express	418 x 278 x 36.8 mm	Dolby® Advanced Audio v2	10/100mbps LAN	Wireless 802.11b/g/n	Bluetooth 4.0	Nincs	720p HD webkamera	SD/MMC Slot	Van	Van	2db USB 2.0 - 1db USB 3.0	Nem	Nincs	Nincs	Nincs	Nincs	Nincs	Nem				
HP Pavilion 15-N002SH F2T42EA	0 Ft	15.6" WXGA HD-LED GlareType 1366x768 pixel	Intel® Core™ i5-4200U Processor (3M Cache, up to 2.60 GHz)	8GB DDR3/1600 MHz	1TB 5400RPM SATA	AMD Radeon™ HD 8670M 1024MB	2.28kg	24 hónap	41 Wh (Lithium-ion)	8x DVD+-RW DL drive	Windows 8	Mobile Intel® HM86 Express Chipset	385,6 x 258 x 22,6 mm	Beépített DTS® sztereó hangszórók	10/100mbps LAN	Wireless 802.11b/g/n	Bluetooth 4.0	Nincs	HP TrueVision HD webkamera	2in1 Card reader	Van	Nincs	1db USB 2.0 - 2db USB 3.0	Nem	Nincs	Nincs	Nincs	Nincs	Nincs	Nem				
HP Pavilion 15-N004EH F6R77EA	0 Ft	15.6" WXGA HD-LED GlareType 1366x768 pixel	Intel® Core™ i5-4200U Processor (3M Cache, up to 2.60 GHz)	8GB DDR3/1600 MHz	1TB 5400RPM SATA	NVIDIA® GeForce® GT 740M 2048MB	2.28kg	24 hónap	47WHr (Lithium-ion)	8x DVD+-RW DL drive	FreeDos	Mobile Intel® HM86 Express Chipset	385,6 x 258 x 22,6 mm	Beépített DTS® sztereó hangszórók	10/100mbps LAN	Wireless 802.11b/g/n	Bluetooth 4.0	Nincs	HP TrueVision HD webkamera	2in1 Card reader	Van	Nincs	1db USB 2.0 - 2db USB 3.0	Nem	Nincs	Nincs	Nincs	Nincs	Nincs	Nem				
DELL Inspiron 5537 157827 lila	0 Ft	15.6" WXGA HD-LED GlareType 1366x768 pixel	Intel® Core™ i5-4200U Processor (3M Cache, up to 2.60 GHz)	8GB DDR3/1600 MHz	1TB 5400RPM SATA	AMD Radeon™ HD 8850M 2048MB	2.32kg	36 hónap	65WHr (Lithium-ion)	8x DVD+-RW DL drive	Linux	Mobile Intel® HM76 Express	376 x 259 x 24.9 mm	Waves MaxxAudio® 4.0	10/100mbps LAN	Dell Wireless-N 170x	Bluetooth 4.0	Nincs	1,0 MP HD integrált webkamera beépített digitális mikrofonnal	8in1 Card reader	Van	Nincs	USB 2.0 (2db) • USB 3.0 (2db)	Nem	Nincs	Nincs	Nincs	Nincs	Nincs	Nem				
SAMSUNG NP400B2B-A01HU	0 Ft	Nem	Intel® Core™ i5-2450M Processor (3M Cache, up to 3.1 GHz)	4GB DDR3/1333 MHz	500GB 7200RPM SATA	Intel® GMA HD 3000	1.7kg	24 hónap	4400 mAh (Lithium-ion)	USB DVD-RW (vásárolható)	Windows 7 Professional 64Bit	Mobile Intel® HM65 Express	302.1 x 223.7 x 28.3 ~ 32.2 mm	HD Audio	Gigabit LAN	Wireless 802.11b/g/n	Bluetooth 3.0	Nincs	1,3 megapixel HD	4in1 Card reader	Van	Van	2db USB 3.0 - 1db USB 2.0	Nem	Nincs	Van	Nincs	Nincs	Van	Nem				
DELL Inspiron 5537 157791 ezüst	0 Ft	15.6" WXGA HD-LED GlareType 1366x768 pixel	Intel® Core™ i5-4200U Processor (3M Cache, up to 2.60 GHz)	8GB DDR3/1600 MHz	1TB 5400RPM SATA	AMD Radeon™ HD 8850M 2048MB	2.32kg	36 hónap	65WHr (Lithium-ion)	8x DVD+-RW DL drive	Linux	Mobile Intel® HM76 Express	376 x 259 x 24.9 mm	Waves MaxxAudio® 4.0	10/100mbps LAN	Dell Wireless-N 170x	Bluetooth 4.0	Nincs	1,0 MP HD integrált webkamera beépített digitális mikrofonnal	8in1 Card reader	Van	Nincs	USB 2.0 (2db) • USB 3.0 (2db)	Nem	Nincs	Nincs	Nincs	Nincs	Nincs	Nem				
DELL Inspiron 5537 157814 kék	0 Ft	15.6" WXGA HD-LED GlareType 1366x768 pixel	Intel® Core™ i5-4200U Processor (3M Cache, up to 2.60 GHz)	8GB DDR3/1600 MHz	1TB 5400RPM SATA	AMD Radeon™ HD 8850M 2048MB	2.32kg	36 hónap	65WHr (Lithium-ion)	8x DVD+-RW DL drive	Linux	Mobile Intel® HM76 Express	376 x 259 x 24.9 mm	Waves MaxxAudio® 4.0	10/100mbps LAN	Dell Wireless-N 170x	Bluetooth 4.0	Nincs	1,0 MP HD integrált webkamera beépített digitális mikrofonnal	8in1 Card reader	Van	Nincs	USB 2.0 (2db) • USB 3.0 (2db)	Nem	Nincs	Nincs	Nincs	Nincs	Nincs	Nem				
LENOVO IdeaPad G500 Metal 59-390049	0 Ft	15.6" WXGA HD GlareType 1366x768 pixel	Intel® Core™ i7-3612QM Processor (6M Cache, up to 3.10 GHz) BGA	4GB DDR3/1600 MHz	1TB 5400RPM SATA + 8GB ExpressCache	Nem	2.6kg	24 hónap	Nem	8x DVD+-RW DL drive	FreeDos	Nem	380 x 260 x 25.8mm	Nem	10/100mbps LAN	Wireless 802.11b/g/n	Bluetooth 4.0	Nincs	1.0MP 720p HD Webkamera	2in1 Card reader	Van	Van	1db USB 2.0 - 2db USB 3.0	Nem	Nincs	Nincs	Nincs	Nincs	Van	Nem				
SAMSUNG Ativ Book 4 NP450R5E-X01HU	0 Ft	15.6" WXGA HD-LED AntiGlare (matt kijelző) 1366x768 pixel	Intel® Core™ i5-3230M Processor (3M Cache, up to 3.20 GHz)	4GB DDR3/1600 MHz	500GB 5400RPM SATA	NVIDIA® GeForce® GT 710M 2048MB	1.99kg	24 hónap	3700 mAh (Lithium Polymer)	USB DVD-RW (vásárolható)	Windows 8	Mobile Intel® HM76 Express	376 x 248 x 22.9 mm	HD Audio	Gigabit LAN	Intel® Centrino® Advanced-N 6235, 2 x 2 802.11abg/n (up to 300 Mbps), Widi Support	Bluetooth 4.0	Nincs	720p HD Webkamera	3in1 Card reader	Van	Van	2db USB 2.0 - 1db USB 3.0	Nem	Nincs	Nincs	Nincs	Nincs	Nincs	Nem				
SAMSUNG Ativ Book 9 Lite NP905S3G-K01HU	0 Ft	13.3" WXGA HD-LED AntiGlare (matt kijelző) 1366x768 pixel	Quad-Core Processor (up to 1.4GHz)	4GB DDR3/1066 MHz	128GB Solid State Drive (SSD)	AMD Radeon™ HD 8250	1.44kg	24 hónap	31 Wh (Lithium Polymer)	USB DVD-RW (vásárolható)	Windows 8	Nem	324.0 x 224.0 x 16.9mm	HD Audio	Gigabit LAN	Wireless 802.11b/g/n	Bluetooth 4.0	Nincs	720p HD Web Camera	3in1 Card reader	micro HDMI	Van	1db USB 3.0 - 1db USB 2.0	Nem	Nincs	Nincs	Nincs	Nincs	Nincs	Nem				
SAMSUNG NP530U3C-K01HU	0 Ft	13.3" WXGA HD-LED AntiGlare (matt kijelző) 1366x768 pixel	Intel® Core™ i3-3227U Processor (3M Cache, up to 1.90 GHz)	4GB DDR3/1600 MHz	500GB 5400RPM SATA + 24GB ExpressCache	Intel® GMA HD 4000	1.52kg	24 hónap	45,3WHr (Lithium Polymer)	USB DVD-RW (vásárolható)	Windows 8	Mobile Intel® HM77 Express	315.1 x 218.9 x 14.9-17.6 mm	HD Audio	Gigabit LAN	Intel® Centrino® Advanced-N 6235, 2 x 2 802.11abg/n (up to 300 Mbps), Widi Support	Bluetooth 4.0	Nincs	1,3 megapixel HD	4in1 Card reader	Van	Nincs	1db USB 3.0 - 2db USB 2.0	Nem	Nincs	Nincs	Nincs	Nincs	Nincs	Nem				
DELL Inspiron 5537 157845 piros	0 Ft	15.6" WXGA HD-LED GlareType 1366x768 pixel	Intel® Core™ i5-4200U Processor (3M Cache, up to 2.60 GHz)	8GB DDR3/1600 MHz	1TB 5400RPM SATA	AMD Radeon™ HD 8850M 2048MB	2.32kg	36 hónap	65WHr (Lithium-ion)	8x DVD+-RW DL drive	Linux	Mobile Intel® HM76 Express	376 x 259 x 24.9 mm	Waves MaxxAudio® 4.0	10/100mbps LAN	Dell Wireless-N 170x	Bluetooth 4.0	Nincs	1,0 MP HD integrált webkamera beépített digitális mikrofonnal	8in1 Card reader	Van	Nincs	USB 2.0 (2db) • USB 3.0 (2db)	Nem	Nincs	Nincs	Nincs	Nincs	Nincs	Nem				
DELL Vostro 5470 160263	0 Ft	14" WXGA HD LED GlareType 1366x768 pixel	Intel® Core™ i5-4200U Processor (3M Cache, up to 2.60 GHz)	4GB DDR3/1600 MHz	500GB 5400RPM SATA	NVIDIA® GeForce® GT 740M 2048MB	1,53 kg	36 hónap helyszíni garancia	51,2 Wh (Lithium-ion)	USB DVD-RW (vásárolható)	Linux	Mobile Intel® HM86 Express Chipset	337,6 x 233,5 x 18,3 mm	Beépített sztereó hangszórók mélysugárzóval	Gigabit LAN	Dell Wireless 1704 802.11n	Bluetooth 4.0	Nincs	beépített HD webkamera	8in1 Card reader	Van	Nem	1db USB 3.0, 2db USB 2.0	Nem	Nincs	Nem	Nincs	Nincs	Nincs	Nem				
DELL Vostro 3460 157926 Ezüst	0 Ft	14" WXGA HD LED AntiGlare 1366x768 pixel	Intel® Core™ i5-3230M Processor (3M Cache, up to 3.20 GHz)	6GB DDR3/1600 MHz	500GB 7200RPM SATA	NVIDIA® GeForce® GT 630M 1024MB	2.232 kg	36 hónap helyszíni garancia	48WHr (Lithium-ion)	8x DVD+-RW DL drive	Linux	Intel® Mobile HM77 Panther Point Express	345,5 x 244 x 28/30,1 mm	HD Audio	Gigabit LAN	Wireless 802.11b/g/n	Bluetooth 4.0	Nincs	Beépített HD (720p) kamera tömbmikrofonokkal és Waves MaxxVoice Pro technológiával	8in1 Card reader	Van	Van	4db USB 3.0	Nem	Nincs	Nem	Nincs	Nincs	Nincs	Háttérvilágítású billentyűzet				
DELL Vostro 3460 157960 Bronz	0 Ft	14" WXGA HD LED AntiGlare 1366x768 pixel	Intel® Core™ i5-3230M Processor (3M Cache, up to 3.20 GHz)	6GB DDR3/1600 MHz	500GB 7200RPM SATA	NVIDIA® GeForce® GT 630M 1024MB	2.232 kg	36 hónap helyszíni garancia	48WHr (Lithium-ion)	8x DVD+-RW DL drive	Linux	Intel® Mobile HM77 Panther Point Express	345,5 x 244 x 28/30,1 mm	HD Audio	Gigabit LAN	Wireless 802.11b/g/n	Bluetooth 4.0	Nincs	Beépített HD (720p) kamera tömbmikrofonokkal és Waves MaxxVoice Pro technológiával	8in1 Card reader	Van	Van	4db USB 3.0	Nem	Nincs	Nem	Nincs	Nincs	Nincs	Háttérvilágítású billentyűzet				
DELL Vostro 3460 157954 Piros	0 Ft	14" WXGA HD LED AntiGlare 1366x768 pixel	Intel® Core™ i5-3230M Processor (3M Cache, up to 3.20 GHz)	6GB DDR3/1600 MHz	500GB 7200RPM SATA	NVIDIA® GeForce® GT 630M 1024MB	2.232 kg	36 hónap helyszíni garancia	48WHr (Lithium-ion)	8x DVD+-RW DL drive	Linux	Intel® Mobile HM77 Panther Point Express	345,5 x 244 x 28/30,1 mm	HD Audio	Gigabit LAN	Wireless 802.11b/g/n	Bluetooth 4.0	Nincs	Beépített HD (720p) kamera tömbmikrofonokkal és Waves MaxxVoice Pro technológiával	8in1 Card reader	Van	Van	4db USB 3.0	Nem	Nincs	Nem	Nincs	Nincs	Nincs	Háttérvilágítású billentyűzet				
HP Pavilion 15-N003SH F2T43EA	0 Ft	15.6" WXGA HD-LED GlareType 1366x768 pixel	Intel® Core™ i7-4500U Processor (4M Cache, up to 3.00 GHz)	8GB DDR3/1600 MHz	1TB 5400RPM SATA	NVIDIA® GeForce® GT 740M 2048MB	2.28kg	24 hónap	41 Wh (Lithium-ion)	8x DVD+-RW DL drive	FreeDos	Mobile Intel® HM86 Express Chipset	385,6 x 258 x 22,6 mm	Beépített DTS® sztereó hangszórók	10/100mbps LAN	Wireless 802.11b/g/n	Bluetooth 4.0	Nincs	HP TrueVision HD webkamera	2in1 Card reader	Van	Nincs	1db USB 2.0 - 2db USB 3.0	Nem	Nincs	Nincs	Nincs	Nincs	Nincs	Nem				
DELL Inspiron 5737 157758	0 Ft	17.3" WXGA HD-LED GlareType 1600x900 pixel	Intel® Core™ i5-4200U Processor (3M Cache, up to 2.60 GHz)	4GB DDR3/1600 MHz	500GB 5400RPM SATA	AMD Radeon™ HD 8870M 2048MB	2.73kg	36 hónap	65WHr (Lithium-ion)	8x DVD+-RW DL drive	Linux	Mobile Intel® HM76 Express	412 x 270 x 28,34 - 35,6 mm	Sztereó hangszóró Waves MaxxAudio® 4 feldolgozási technológiával	10/100mbps LAN	Dell™ Wireless 1705 802.11b/g/n	Bluetooth 4.0	Nincs	1,0 MP HD integrált webkamera beépített digitális mikrofonnal	8in1 Card reader	Van	Nincs	USB 2.0 (2db) • USB 3.0 (2db)	Nem	Nincs	Nincs	Nincs	Nincs	Nincs	Nem				
Asus VivoBook S400CA-CA006H	0 Ft	14" MultiTouch WXGA HD LED Glare 1366x768 pixel	Intel® Core™ i5-3317U Processor (3M Cache, up to 2.60 GHz)	4GB DDR3/1600 MHz	24GB SSD + 500GB SATA 5400RPM	Intel® GMA HD 4000	1.8 Kg	24 hónap	4400 mAh (Lithium Polymer)	USB DVD-RW (vásárolható)	Windows 8	Intel® HM76 Express	33.9 x 23.9 x 2.1 cm	SonicMaster Lite	Gigabit LAN	Wireless 802.11b/g/n	Bluetooth 4.0	Nincs	HD webkamera	SD Card reader	Van	Van	2db USB 2.0 - 1db USB 3.0	Nem	Nincs	Nincs	Nincs	Nincs	Nincs	Nem				
DELL Vostro 3560 142367 Ezüst	0 Ft	15.6" WXGA HD-LED AntiGlare (matt kijelző) 1366x768 pixel	Intel® Core™ i5-3210M Processor (3M Cache, up to 3.10 GHz	4GB DDR3/1600 MHz	500GB 7200RPM SATA	Intel® GMA HD 4000	2.57kg	36 hónap helyszíni garancia	48WHr (Lithium-ion)	8x DVD+-RW DL drive	Linux	Intel® Mobile HM77 Panther Point Express	375 x 259 x 28,8/32,5 mm	HD Audio	Gigabit LAN	Dell Wireless 1704 802.11n	Bluetooth 4.0	Nem	Beépített HD (720p) kamera tömbmikrofonokkal és Waves MaxxVoice Pro technológiával	8in1 Card reader	Van	Van	4db USB 3.0	Nem	Nincs	Van	Nincs	Nincs	Nincs	Backlit Keyboard				
DELL Inspiron 5537 157861 lila	0 Ft	15.6" WXGA HD-LED GlareType 1366x768 pixel	Intel® Core™ i7-4500U Processor (4M Cache, up to 3.00 GHz)	8GB DDR3/1600 MHz	1TB 5400RPM SATA	AMD Radeon™ HD 8850M 2048MB	2.32kg	36 hónap	65WHr (Lithium-ion)	8x DVD+-RW DL drive	Linux	Mobile Intel® HM76 Express	376 x 259 x 24.9 mm	Waves MaxxAudio® 4.0	10/100mbps LAN	Dell Wireless-N 170x	Bluetooth 4.0	Nincs	1,0 MP HD integrált webkamera beépített digitális mikrofonnal	8in1 Card reader	Van	Nincs	USB 2.0 (2db) • USB 3.0 (2db)	Nem	Nincs	Nincs	Nincs	Nincs	Nincs	Nem				
LENOVO IdeaPad Z510 59-390313	0 Ft	15.6" WXGA HD-LED AntiGlare (matt kijelző) 1366x768 pixel	Intel® Core™ i5-4200M Processor (3M Cache, up to 3.10 GHz)	8GB DDR3/1600 MHz	1TB 5400RPM (+8GB NAND Flash) Hybrid SATA	NVIDIA® GeForce® GT 740M 2048MB	2.2kg	24 hónap	48WHr (Lithium-ion)	8x DVD+-RW DL drive	FreeDos	Intel® HM76 Express	380 x 265 x 25.6 mm	Dolby® Home Theatre™ v4	10/100mbps LAN	Wireless 802.11b/g/n	Bluetooth 4.0	Nincs	720p HD Webkamera	2in1 Card reader	Van	Nincs	2db USB 2.0 - 1db USB 3.0	Nem	Nincs	Nincs	Nincs	Nincs	Nincs	Nem				
DELL Vostro 3360 154857 Ezüst	0 Ft	13.3" WXGA HD-LED AntiGlare (matt kijelző) 1366x768 pixel	Intel® Core™ i5-3337U Processor (3M Cache, up to 2.70 GHz)	4GB DDR3/1600 MHz	500GB 5400RPM SATA	Intel® GMA HD 4000	1.67kg	36 hónap	49WHr (Lithium-ion)	USB DVD-RW (vásárolható)	Linux	Intel® Mobile HM77 Panther Point Express	332 x 232,5 x 18,6/19,2 mm	HD Audio	Gigabit LAN	Dell Wireless 1703 (802.11b/g/n+ Bluetooth v4.0)	Bluetooth 4.0	Nincs	Beépített HD (720p) kamera tömbmikrofonokkal és Waves MaxxVoice Pro technológiával	8in1 Card reader	Van	Van	3db USB 3.0	Nem	Nincs	Nincs	Nincs	Nincs	Nem	Nem				
DELL Vostro 3360 154859 Bronz	0 Ft	13.3" WXGA HD-LED AntiGlare (matt kijelző) 1366x768 pixel	Intel® Core™ i5-3337U Processor (3M Cache, up to 2.70 GHz)	4GB DDR3/1600 MHz	500GB 5400RPM SATA	Intel® GMA HD 4000	1.67kg	36 hónap	49WHr (Lithium-ion)	USB DVD-RW (vásárolható)	Linux	Intel® Mobile HM77 Panther Point Express	332 x 232,5 x 18,6/19,2 mm	HD Audio	Gigabit LAN	Dell Wireless 1703 (802.11b/g/n+ Bluetooth v4.0)	Bluetooth 4.0	Nincs	Beépített HD (720p) kamera tömbmikrofonokkal és Waves MaxxVoice Pro technológiával	8in1 Card reader	Van	Van	3db USB 3.0	Nem	Nincs	Nincs	Nincs	Nincs	Nem	Nem				
DELL Vostro 3360 155492 Piros	0 Ft	13.3" WXGA HD-LED AntiGlare (matt kijelző) 1366x768 pixel	Intel® Core™ i5-3337U Processor (3M Cache, up to 2.70 GHz)	4GB DDR3/1600 MHz	500GB 5400RPM SATA	Intel® GMA HD 4000	1.67kg	36 hónap	49WHr (Lithium-ion)	USB DVD-RW (vásárolható)	Linux	Intel® Mobile HM77 Panther Point Express	332 x 232,5 x 18,6/19,2 mm	HD Audio	Gigabit LAN	Dell Wireless 1703 (802.11b/g/n+ Bluetooth v4.0)	Bluetooth 4.0	Nincs	Beépített HD (720p) kamera tömbmikrofonokkal és Waves MaxxVoice Pro technológiával	8in1 Card reader	Van	Van	3db USB 3.0	Nem	Nincs	Nincs	Nincs	Nincs	Nem	Nem				
DELL Vostro 3460 155836 Ezüst	0 Ft	14.1" WXGA HD-LED AntiGlare (matt kielző) 1366x768 pixel	Intel® Core™ i5-3230M Processor (3M Cache, up to 3.20 GHz)	4GB DDR3/1600 MHz	500GB 7200RPM SATA	Intel® GMA HD 4000	2.3kg	36 hónap helyszíni garancia	48WHr (Lithium-ion)	8x DVD+-RW DL drive	Linux	Intel® Mobile HM77 Panther Point Express	345,5 x 244 x 28/30,1 mm	HD Audio	Gigabit LAN	Dell Wireless 1704 802.11n	Bluetooth 4.0	Nincs	Beépített HD (720p) kamera tömbmikrofonokkal és Waves MaxxVoice Pro technológiával	8in1 Card reader	Van	Van	3db USB 3.0	Nem	Nincs	Van	Nincs	Nincs	Nincs	Backlit keyboard				
ACER TravelMate P653-MG-53234G50Mtkk_LIN	0 Ft	15.6" WXGA HD-LED AntiGlare (matt kijelző) 1366x768 pixel	Intel® Core™ i5-3230M Processor (3M Cache, up to 3.20 GHz)	4GB DDR3/1600 MHz	500GB 5400RPM SATA	NVIDIA® GeForce® GT 640M 1024MB	2,6 Kg	36 hónap	6000 mAh (Lithium-ion)	8x DVD+-RW DL drive	Linux	Intel® HM77 Express	381.6 x 253 x 25.4 / 31 mm	High-definitionaudio	Gigabit LAN	Intel® Centrino® Advanced-N 6235, 2 x 2 802.11abg/n (up to 300 Mbps), Widi Support	Bluetooth 4.0	Nincs	1.3MP HD CrystalEye Webkamera	5in1 Card reader	Van	Van	3db USB 3.0	Nem	Nincs	Van	Van	Nincs	Van	Smart Card reader				
DELL Inspiron 5537 157871	0 Ft	15.6" WXGA HD-LED GlareType 1366x768 pixel	Intel® Core™ i7-4500U Processor (4M Cache, up to 3.00 GHz)	8GB DDR3/1600 MHz	1TB 5400RPM SATA	AMD Radeon™ HD 8850M 2048MB	2.32kg	36 hónap	65WHr (Lithium-ion)	8x DVD+-RW DL drive	Linux	Mobile Intel® HM76 Express	376 x 259 x 24.9 mm	Waves MaxxAudio® 4.0	10/100mbps LAN	Dell Wireless-N 170x	Bluetooth 4.0	Nincs	1,0 MP HD integrált webkamera beépített digitális mikrofonnal	8in1 Card reader	Van	Nincs	USB 2.0 (2db) • USB 3.0 (2db)	Nem	Nincs	Nincs	Nincs	Nincs	Nincs	Nem				
Toshiba Satellite U840W-108	0 Ft	14.4" WXGA HD LED GlareType 1792 x 768 pixel	Intel® Core™ i5-3317U Processor (3M Cache, up to 2.60 GHz)	4GB DDR3/1600 MHz	32GB SSD + 500GB SATA 5400RPM	Intel® GMA HD 4000	1.68kg	24 hónap	7400 mAh (Lithium Polymer)	USB DVD-RW (vásárolható)	Windows 7 Home Premium 64Bit	Intel® HM76 Express	368,7 x 200,0 x 20,33 mm	Harman Kardon® sztereó hangszórók SRS Premium Sound 3D™ hangtechnológiával	10/100mbps LAN	Wireless 802.11b/g/n	Bluetooth 4.0	Nem	1,3 megapixeles HD-webkamera (1280 x 800) beépített mikrofonnal	2in1 Card reader	Van	Nincs	3db USB 3.0	http://www.youtube.com/watch?v=Yzat6H_oZgM	Nincs	Nincs	Nincs	Nincs	Nem	Háttérvilágítású billentyűzet				
DELL Vostro 5470 160296	0 Ft	14" MultiTouch WXGA HD LED Glare 1366x768 pixel	Intel® Core™ i5-4200U Processor (3M Cache, up to 2.60 GHz)	4GB DDR3/1600 MHz	500GB 5400RPM SATA	NVIDIA® GeForce® GT 740M 2048MB	1,62 kg	36 hónap helyszíni garancia	51,2 Wh (Lithium-ion)	USB DVD-RW (vásárolható)	Linux	Mobile Intel® HM86 Express Chipset	337,6 x 233,5 x 18,3 mm	HD hang Wave MaxxAudio 4.0 technológiával	Gigabit LAN	Dell Wireless 1704 802.11n	Bluetooth 4.0	Nincs	beépített 720HD (1,0 megapixel felbontású) kamera mikrofonnal	8in1 Card reader	Van	Nem	1db USB 3.0, 2db USB 2.0	Nem	Nincs	Nem	Nincs	Nincs	Nincs	Nem				
LENOVO IdeaPad Z510 59-390319	0 Ft	15.6" WXGA HD-LED AntiGlare (matt kijelző) 1366x768 pixel	Intel® Core™ i5-4200M Processor (3M Cache, up to 3.10 GHz)	16GB DDR3/1600 MHz	1TB 5400RPM SATA + 8GB ExpressCache	NVIDIA® GeForce® GT 740M 2048MB	2.2kg	24 hónap	48WHr (Lithium-ion)	8x DVD+-RW DL drive	FreeDos	Intel® HM86 Express	380 x 265 x 25.6 mm	Dolby® Home Theatre™ v4	10/100mbps LAN	Wireless 802.11b/g/n	Bluetooth 4.0	Nincs	720p HD Webkamera	2in1 Card reader	Van	Nincs	2db USB 2.0 - 1db USB 3.0	Nem	Nincs	Nincs	Nincs	Nincs	Nincs	Nem				
DELL Vostro 5470 157879	0 Ft	14" WXGA HD LED GlareType 1366x768 pixel	Intel® Core™ i5-4200U Processor (3M Cache, up to 2.60 GHz)	4GB DDR3/1600 MHz	500GB 5400RPM SATA	NVIDIA® GeForce® GT 740M 2048MB	1,53 kg	36 hónap helyszíni garancia	51,2 Wh (Lithium-ion)	USB DVD-RW (vásárolható)	Windows 8	Mobile Intel® HM86 Express Chipset	337,6 x 233,5 x 18,3 mm	Beépített sztereó hangszórók mélysugárzóval	Gigabit LAN	Dell Wireless 1704 802.11n	Bluetooth 4.0	Nincs	beépített HD webkamera	8in1 Card reader	Van	Nem	1db USB 3.0, 2db USB 2.0	Nem	Nincs	Nem	Nincs	Nincs	Nincs	Nem				
Dell Latitude E5430 153284	0 Ft	14" WXGA HD+ LED AntiGlare 1600x900 pixel	Intel® Core™ i5-3230M Processor (3M Cache, up to 3.20 GHz)	4GB DDR3/1600 MHz	500GB 7200RPM SATA	Intel® GMA HD 4000	2.0kg	36 hónap	5200 mAh (Lithium-ion)	8x DVD+-RW DL drive	Linux	Mobil Intel® HM77 Express	350 x 240 x 29.9-32.5 cm	HD Audio	Gigabit LAN	Intel® Centrino® 6205 802.11 a/b/g/n	Bluetooth 4.0	Nincs	2.0MPixel HD	4in1 Card reader	Van	Van	1db USB 2.0 - 2db USB 3.0	Nem	Nincs	Van	Van	Van	Van	Billentyűzet világítás, Dokkolható				
DELL Vostro 3460 155854 Ezüst	0 Ft	14.1" WXGA HD-LED AntiGlare (matt kielző) 1366x768 pixel	Intel® Core™ i5-3230M Processor (3M Cache, up to 3.20 GHz)	4GB DDR3/1600 MHz	500GB 7200RPM SATA	NVIDIA® GeForce® GT 630M 1024MB	2.3kg	36 hónap helyszíni garancia	48WHr (Lithium-ion)	8x DVD+-RW DL drive	Linux	Intel® Mobile HM77 Panther Point Express	345,5 x 244 x 28/30,1 mm	HD Audio	Gigabit LAN	Dell Wireless 1704 802.11n	Bluetooth 4.0	Nincs	Beépített HD (720p) kamera tömbmikrofonokkal és Waves MaxxVoice Pro technológiával	8in1 Card reader	Van	Van	3db USB 3.0	Nem	Nincs	Van	Nincs	Nincs	Nincs	Backlit keyboard				
SAMSUNG Ativ Book 9 Lite NP915S3G-K01HU	0 Ft	13.3" WXGA HD-LED Multi-Touch 1366x768 pixel	Quad-Core Processor (up to 1.4GHz)	4GB DDR3/1066 MHz	128GB Solid State Drive (SSD)	AMD Radeon™ HD 8250	1.44kg	24 hónap	31 Wh (Lithium Polymer)	USB DVD-RW (vásárolható)	Windows 8	Nem	324.0 x 224.0 x 16.9mm	HD Audio	Gigabit LAN	Wireless 802.11b/g/n	Bluetooth 4.0	Nincs	720p HD Web Camera	3in1 Card reader	micro HDMI	Van	1db USB 3.0 - 1db USB 2.0	Nem	Nincs	Nincs	Nincs	Nincs	Nincs	Nem				
DELL Inspiron 5537 160333	0 Ft	15.6" FULL HD-LED GlareType 1980x1080 pixel	Intel® Core™ i7-4500U Processor (4M Cache, up to 3.00 GHz)	8GB DDR3/1600 MHz	1TB 5400RPM SATA	AMD Radeon™ HD 8850M 2048MB	2.32kg	36 hónap	65WHr (Lithium-ion)	8x DVD+-RW DL drive	Linux	Mobile Intel® HM76 Express	376 x 259 x 24.9 - 31.3 mm	Waves MaxxAudio® 4.0	10/100mbps LAN	Wireless 802.11b/g/n	Bluetooth 4.0	Nincs	1,0 MP HD integrált webkamera beépített digitális mikrofonnal	8in1 Card reader	Van	Nincs	USB 2.0 (2db) • USB 3.0 (2db)	Nem	Nincs	Nincs	Nincs	Nincs	Nincs	Nem				
Toshiba Satellite U920t-10K	0 Ft	12.5" WXGA HD-LED Multi-Touch 1366x768 pixel	Intel® Core™ i3-3227U Processor (3M Cache, up to 1.90 GHz)	4GB DDR3/1600 MHz	128GB Solid State Drive (SSD)	Intel® GMA HD 4000	1.52kg	24 hónap	3420 mAh (Lithium-ion)	USB DVD-RW (vásárolható)	Windows 8	Mobile Intel HM76 Express	326,5 x 213,0 x 19,9 mm	SRS Premium Sound 3D™	Nincs	Wireless 802.11b/g/n	Bluetooth 4.0	Nincs	beépített 3,0 megapixeles hátoldali webkamera autofókusszal, és 1,0 megapixeles előlapi webkamera környezetifény-érzékelővel és beépített mikrofonnal	SD Card reader	Van	Nincs	2db USB 3.0	http://www.youtube.com/watch?v=ZacGDFX2tUw&feature=youtu.be	Nincs	Nincs	Nincs	Nincs	Nincs	Corning® Gorilla® Glass kijelzőborítás, Háttérvilágítású billentyűzet, 3D-s gyorsulásérzékelő, GPS, NFC-támogatás				
LENOVO IdeaPad G700 59-390380	0 Ft	17.3" WXGA HD-LED GlareType 1600x900 pixel	Intel® Core™ i7-3612QM Processor (6M Cache, up to 3.10 GHz) BGA	8GB DDR3/1600 MHz	1TB 5400RPM SATA + 8GB ExpressCache	NVIDIA® GeForce® GT 720M 2048MB	2.9kg	24 hónap	4400 mAh (Lithium-ion)	8x DVD+-RW DL drive	FreeDos	Intel® HM76 Express	418 x 278 x 36,8 mm	Dolby® Advanced Audio v2	10/100mbps LAN	Wireless 802.11b/g/n	Bluetooth 4.0	Nincs	720p HD webkamera	SD/MMC Slot	Van	Van	2db USB 2.0 - 1db USB 3.0	Nem	Nincs	Nincs	Nincs	Nincs	Nincs	Nem				
DELL Inspiron 7537 157788	0 Ft	15.6" WXGA HD-LED GlareType 1366x768 pixel	Intel® Core™ i5-4200U Processor (3M Cache, up to 2.60 GHz)	6GB DDR3/1600 MHz	500GB 5400RPM SATA	NVIDIA® GeForce® GT 750M 2048MB	2.6kg	36 hónap	57 Wh (Lithium-ion)	USB DVD-RW (vásárolható)	Windows 8	Mobile Intel® 7 Series Express chipkészlet (HM77)	379 x 254,8 x 20,5-22,2 mm	Waves MaxxAudio® Pro	Gigabit LAN	Intel® Dual Band Wireless-N 7260 2x2 BGN	Bluetooth 4.0	Nincs	Natív HD 1,0 megapixel felbontású webkamera digitális mikrofonnal	8in1 Card reader	Van	Nincs	4db USB 3.0	Nem	Nincs	Nincs	Nincs	Nincs	Nincs	Háttérvilágítású billentyűzet				
DELL Vostro 3560 151859 Ezüst	0 Ft	15.6" FULL HD LED AntiGlare (matt kijelző) 1980x1080 pixel	Intel® Core™ i5-3230M Processor (3M Cache, up to 3.20 GHz)	4GB DDR3/1600 MHz	500GB 7200RPM SATA	AMD Radeon™ HD 7670M 1024MB	2.57kg	36 hónap helyszíni garancia	48WHr (Lithium-ion)	8x DVD+-RW DL drive	Linux	Intel® Mobile HM77 Panther Point Express	375 x 259 x 28,8/32,5 mm	HD Audio	Gigabit LAN	Wireless 802.11b/g/n	Bluetooth 4.0	Nem	Beépített HD (720p) kamera tömbmikrofonokkal és Waves MaxxVoice Pro technológiával	8in1 Card reader	Van	Van	4db USB 3.0	Nem	Nincs	Nincs	Nincs	Nincs	Nincs	Backlit Keyboard				
LENOVO ThinkPad Edge S531 20B00050HV_TS	0 Ft	15.6" FULL HD LED AntiGlare (matt kijelző) 1980x1080 pixel	Intel® Core™ i5-3337U Processor (3M Cache, up to 2.70 GHz)	6GB DDR3/1600 MHz	500GB 7200RPM SATA	AMD Radeon™ HD 8670M 2048MB	2.29kg	24 hónap	62.8 Wh (Lithium Polymer)	Nem	FreeDos	Intel® Mobile HM76 Express	379.0 x 252.4 x 20.7mm	Dolby® Home Theater® v4	Gigabit LAN	Wireless 802.11b/g/n	Bluetooth 4.0	Nincs	HD720p webkamera	4in1 Card reader	Van	Nincs	2db USB 3.0	Nem	Nincs	Nincs	Nincs	Nincs	Nincs	Háttérvilágítású billentyűzet				
SAMSUNG Ativ Book 5 NP540U4E-K01HU	0 Ft	14.1" WXGA HD-LED Multi-Touch 1366x768 pixel	Intel® Core™ i5-3337U Processor (3M Cache, up to 2.70 GHz)	4GB DDR3/1333 MHz	500GB 5400RPM SATA + 24GB ExpressCache	Intel® GMA HD 4000	1.95kg	24 hónap	57 Wh (Lithium Polymer)	USB DVD-RW (vásárolható)	Windows 8	Mobile Intel® HM77 Express	338 x 234 x 20,8 mm	JBL Stereo Speakers	Gigabit LAN	Intel® Centrino® Advanced-N 6235, 2 x 2 802.11abg/n (up to 300 Mbps), Widi Support	Bluetooth 4.0	Nincs	1,3 megapixel HD	3in1 Card reader	Van	mini VGA	2db USB 3.0 - 1db USB 2.0	Nem	Nincs	Nincs	Nincs	Nincs	Nincs	VGA Adapter				
Acer Aspire V5-573G-74508G1Takk	0 Ft	15.6" FULL HD IPS LED AntiGlare (matt kijelző) 1980x1080 pixel	Intel® Core™ i7-4500U Processor (4M Cache, up to 3.00 GHz)	8GB DDR3/1600 MHz	1TB 5400RPM SATA	NVIDIA® GeForce® GT 750M 4096MB	2.041 kg	24 hónap	Nem	USB DVD-RW (vásárolható)	Linux	Intel® HM86 Express	381.6 x 255.95 x 20.75 mm	Dolby® Advanced Audio™ v2	Nem	Wireless 802.11a/b/g/n	Bluetooth 4.0	Nincs	beépített HD webkamera	Multi in 1 Card reader	Van	Nincs	2db USB 2.0 - 1db USB 3.0	Nem	Nincs	Nincs	Nincs	Nincs	Nincs	Nem				
DELL Vostro 3360 155823 Ezüst	0 Ft	13.3" WXGA HD-LED AntiGlare (matt kijelző) 1366x768 pixel	Intel® Core™ i3-3227U Processor (3M Cache, up to 1.90 GHz)	4GB DDR3/1600 MHz	32GB SSD + 500GB SATA 5400RPM	Intel® GMA HD 4000	1.67kg	36 hónap helyszíni garancia	49WHr (Lithium-ion)	USB DVD-RW (vásárolható)	Windows 7 Professional 64Bit	Intel® Mobile HM77 Panther Point Express	332 x 232,5 x 18,6/19,2 mm	HD Audio	Gigabit LAN	Dell Wireless 1703 (802.11b/g/n+ Bluetooth v4.0)	Bluetooth 4.0	Nincs	Beépített HD (720p) kamera tömbmikrofonokkal és Waves MaxxVoice Pro technológiával	8in1 Card reader	Van	Van	3db USB 3.0	Nem	Nincs	Nincs	Nincs	Nincs	Nem	Nem				
DELL Vostro 3460 157964 Bronz	0 Ft	14.1" WXGA HD-LED AntiGlare (matt kielző) 1366x768 pixel	Intel® Core™ i5-3230M Processor (3M Cache, up to 3.20 GHz)	6GB DDR3/1600 MHz	500GB 7200RPM SATA	NVIDIA® GeForce® GT 630M 1024MB	2.3kg	36 hónap helyszíni garancia	48WHr (Lithium-ion)	8x DVD+-RW DL drive	Windows 8	Intel® Mobile HM77 Panther Point Express	345,5 x 244 x 28/30,1 mm	HD Audio	Gigabit LAN	Dell Wireless 1704 802.11n	Bluetooth 4.0	Nincs	Beépített HD (720p) kamera tömbmikrofonokkal és Waves MaxxVoice Pro technológiával	8in1 Card reader	Van	Van	3db USB 3.0	Nem	Nincs	Van	Nincs	Nincs	Nincs	Backlit keyboard				
DELL Vostro 3360 151932 Ezüst	0 Ft	13.3" WXGA HD-LED AntiGlare (matt kijelző) 1366x768 pixel	Intel® Core™ i7-3537U Processor (4M Cache, up to 3.10 GHz)	4GB DDR3/1600 MHz	500GB 5400RPM SATA	Intel® GMA HD 4000	1.67kg	36 hónap helyszíni garancia	49WHr (Lithium-ion)	USB DVD-RW (vásárolható)	Linux	Intel® Mobile HM77 Panther Point Express	332 x 232,5 x 18,6/19,2 mm	HD Audio	Gigabit LAN	Dell Wireless 1703 (802.11b/g/n+ Bluetooth v4.0)	Bluetooth 4.0	Nincs	Beépített HD (720p) kamera tömbmikrofonokkal és Waves MaxxVoice Pro technológiával	8in1 Card reader	Van	Van	3db USB 3.0	Nem	Nincs	Nincs	Nincs	Nincs	Nem	Nem				
HP Split 13-M103SH F4U00EA	0 Ft	13.3" Multi-Touch WXGA HD LED AntiGlare 1366x768 pixel	Intel® Core™ i5-4200Y Processor (3M Cache, up to 1.90 GHz)	4GB DDR3L		Intel® HD Graphics 4200	2,3 kg; csak táblagép esetén: 1 kg	24 hónap	32 Wh (Lithium Polymer)		Windows 8		34 x 23 x 2,34 cm; csak táblagép esetén: 34 x 21,6 x 1,13 cm	Beats Audio™ hangrendszer 2 hangszóróval					Elülső oldali HP TrueVision FHD kamera (2,0 MP) két beépített digitális mikrofonnal és szoftverrel (1080p)					Nem						Akku: 3 cellás 33Wh (Táblagép) + 32Wh (Alap) Li-polymer	64GB SSD + 500GB HDD 5400RPM SATA	1 többformátumú digitális memóriakártya-olvasó SD-kártyákhoz	Bluetooth 4.0, Wireless 802.11b/g/n, USB 2.0 (1db), USB 3.0 (1db), HDMI	
DELL Vostro 3460 157915 Ezüst	0 Ft	14.1" WXGA HD-LED AntiGlare (matt kielző) 1366x768 pixel	Intel® Core™ i5-3230M Processor (3M Cache, up to 3.20 GHz)	6GB DDR3/1600 MHz	500GB 7200RPM SATA	NVIDIA® GeForce® GT 630M 1024MB	2.3kg	36 hónap helyszíni garancia	48WHr (Lithium-ion)	8x DVD+-RW DL drive	Windows 8	Intel® Mobile HM77 Panther Point Express	345,5 x 244 x 28/30,1 mm	HD Audio	Gigabit LAN	Dell Wireless 1704 802.11n	Bluetooth 4.0	Nincs	Beépített HD (720p) kamera tömbmikrofonokkal és Waves MaxxVoice Pro technológiával	8in1 Card reader	Van	Van	3db USB 3.0	Nem	Nincs	Van	Nincs	Nincs	Nincs	Backlit keyboard				
Dell Latitude E6430 151172	0 Ft	14" WXGA HD+ LED AntiGlare 1600x900 pixel	Intel® Core™ i3-3110M Processor (3M Cache, 2.40 GHz)	4GB DDR3/1600 MHz	128GB Solid State Drive (SSD)	NVIDIA® Quadro NVS 5200M 1024MB	2.0kg	36 hónap helyszíni garancia	60 Wh (Lithium-ion)	8x DVD+-RW DL drive	Windows 7 Professional 64Bit	Mobile Intel® QM77 Express	352 x 241 x 26.6-32.4 cm	HD Audio	Gigabit LAN	Intel® Centrino® 6205 802.11 a/b/g/n	Bluetooth 4.0	Nincs	2.0MPixel HD	4in1 Card reader	Van	Van	1db USB 2.0 - 2db USB 3.0	Nem	Nincs	Van	Van	Nincs	Van	Backlit keyboard				
ACER V3-772G-54208G1TMakk	0 Ft	17.3" FULL HD-LED AntiGlare (Matt) 1920x1080 pixel	Intel® Core™ i5-4200M Processor (3M Cache, up to 3.10 GHz)	8GB DDR3/1600 MHz	1TB 5400RPM SATA	NVIDIA® GeForce® GTX 760M 2048MB	3.2kg	24 hónap	48WHr (Lithium-ion)	8x DVD+-RW SM	Linux	Intel® HM86 Express	414,8 x 275 x 31-34.6 mm	Dolby® Home Theater® v4 hangrendszer	Gigabit LAN	Wireless 802.11b/g/n	Bluetooth 4.0	Nincs	Acer Crystal Eye HD webcam with	Multi in1 Card reader	Van	Van	2db USB 2.0 - 2db USB 3.0	Nem	Nincs	Nincs	Nincs	Nincs	Nincs	Nem				
Toshiba Satellite U920t-10L	0 Ft	12.5" WXGA HD-LED Multi-Touch 1366x768 pixel	Intel® Core™ i5-3317U Processor (3M Cache, up to 2.60 GHz)	4GB DDR3/1600 MHz	128GB Solid State Drive (SSD)	Intel® GMA HD 4000	1.52kg	24 hónap	3420 mAh (Lithium-ion)	USB DVD-RW (vásárolható)	Windows 8	Mobile Intel HM76 Express	326,5 x 213,0 x 19,9 mm	SRS Premium Sound 3D™	Nincs	Wireless 802.11b/g/n	Bluetooth 4.0	Nincs	beépített 3,0 megapixeles hátoldali webkamera autofókusszal, és 1,0 megapixeles előlapi webkamera környezetifény-érzékelővel és beépített mikrofonnal	SD Card reader	Van	Nincs	2db USB 3.0	http://www.youtube.com/watch?v=ZacGDFX2tUw&feature=youtu.be	Nincs	Nincs	Nincs	Nincs	Nincs	Corning® Gorilla® Glass kijelzőborítás, Háttérvilágítású billentyűzet, 3D-s gyorsulásérzékelő, GPS, NFC-támogatás				
Dell Latitude E5430 153324	0 Ft	14.1" WXGA HD+ LED AntiGlare (matt kijelző) 1600x900 pixel	Intel® Core™ i5-3230M Processor (3M Cache, up to 3.20 GHz)	4GB DDR3/1333 MHz	500GB 7200RPM SATA	Intel® GMA HD 4000	2.0kg	36 hónap	5200 mAh (Lithium-ion)	8x DVD+-RW DL drive	Windows 7 Professional 64Bit	Mobil Intel® HM77 Express	350 x 240 x 29.9-32.5 cm	HD Audio	Gigabit LAN	Intel® Centrino® 6205 802.11 a/b/g/n	Bluetooth 4.0	Nincs	2.0MPixel HD	4in1 Card reader	Van	Van	1db USB 2.0 - 2db USB 3.0	Nem	Nincs	Van	Van	Van	Van	Backlit keyboard				
DELL Inspiron 7520 148284	0 Ft	15.6" FULL HD LED AntiGlare (matt kijelző) 1980x1080 pixel	Intel® Core™ i7-3632QM Processor (6M Cache, up to 3.20 GHz)	8GB DDR3/1600 MHz	1TB 5400RPM SATA	AMD Radeon™ HD 7730M 2048MB	2.766kg	36 hónap	4400 mAh (Lithium-ion)	8x DVD+-RW DL drive	Windows 8	Mobile Intel® 7 Series Express chipkészlet (HM77)	378 x 252 x 30,3-34,1 mm	Waves MaxxAudio 4.0 stúdióminőségű hangzás csomag + Skullcandy hangszórók	Gigabit LAN	Intel® Centrino® Wireless-N 2230	Bluetooth 4.0	Nincs	Natív HD 1,0 megapixel felbontású webkamera digitális mikrofonnal	8in1 Card reader	Van	Van	4db USB 3.0	Nem	Nincs	Nincs	Nincs	Nincs	Nincs	Nem				
LENOVO IdeaPad Y510 59-390558	0 Ft	15.6" FULL HD LED AntiGlare (matt kijelző) 1980x1080 pixel	Intel® Core™ i7-4700MQ Processor (6M Cache, up to 3.40 GHz)	4GB DDR3/1600 MHz	1TB 5400RPM SATA + 8GB ExpressCache	NVIDIA® GeForce® GT 755M 2048MB	2.6kg	36 hónap	Nem	8x DVD+-RW DL drive	FreeDos	Intel® HM76 Express	386 x 258 x 35 mm	Beépített JBL® sztereó hangszórók	Gigabit LAN	Intel® Centrino® Wireless-N 2230	Bluetooth 4.0	Nincs	720p HD webcam	6in1 Card reader	Van	Van	1db USB 2.0 - 2db USB 3.0	Nem	Nincs	Nincs	Nincs	Nincs	Nem	Háttérvilágítású billentyűzet				
DELL Vostro 5470 157880	0 Ft	14" MultiTouch WXGA HD LED Glare 1366x768 pixel	Intel® Core™ i5-4200U Processor (3M Cache, up to 2.60 GHz)	8GB DDR3/1600 MHz	128GB Solid State Drive (SSD)	NVIDIA® GeForce® GT 740M 2048MB	1,62 kg	36 hónap helyszíni garancia	51,2 Wh (Lithium-ion)	USB DVD-RW (vásárolható)	Windows 8	Mobile Intel® HM86 Express Chipset	337,6 x 233,5 x 18,3 mm	Beépített sztereó hangszórók mélysugárzóval	Gigabit LAN	Dell Wireless 1704 802.11n	Bluetooth 4.0	Nincs	beépített HD webkamera	8in1 Card reader	Van	Nem	1db USB 3.0, 2db USB 2.0	Nem	Nincs	Nem	Nincs	Nincs	Nincs	Nem				
Sony Vaio SVS1512S1E Silver	0 Ft	15.5" FULL HD-LED GlareType 1980x1080 pixel	Intel® Core™ i5-3210M Processor (3M Cache, up to 3.10 GHz	4GB DDR3/1333 MHz	500GB 5400RPM SATA	NVIDIA® GeForce® GT 640M LE 1024MB	2kg	24 hónap	4400 mAh (Lithium-ion)	8x DVD+-RW SM	Windows 8	Intel® HM76 Express	380 x 255.4 x 23.9–23.9mm	Belső sztereó hangfalak, Belső monó mikrofon, Dolby® Home Theater® v4	Gigabit LAN	Wireless 802.11b/g/n	Bluetooth 4.0	Nincs	1,31 megapixel, Valós pixelszám:1280 x 1024	2in1 Card reader	Van	Van	1db USB 2.0 - 2db USB 3.0	Nem	Nincs	Van	Nincs	Nincs	Nincs	Nem				
SAMSUNG Ativ Book 7 NP740U3E-X01HU	0 Ft	13.3" Full HD-LED Multi-Touch 1920x1080 pixel	Intel® Core™ i5-3337U Processor (3M Cache, up to 2.70 GHz)	4GB DDR3/1600 MHz	128GB Solid State Drive (SSD)	AMD Radeon™ HD 8570M 1024MB	1.65kg	24 hónap	57 Wh (Lithium-ion)	USB DVD-RW (vásárolható)	Windows 8	Mobile Intel® HM76	324 x 224 x 18.9 mm	JBL Stereo Speakers	Gigabit LAN	Intel® Centrino® Advanced-N 6235, 2 x 2 802.11abg/n (up to 300 Mbps), Widi Support	Bluetooth 4.0	Nincs	720p HD Web Camera	3in1 Card reader	Van	Van	1db USB 3.0 - 2db USB 2.0	Nem	Nincs	Nincs	Nincs	Nincs	Nincs	Háttérvilágítású billentyűzet				
DELL Inspiron 7737 157836	0 Ft	17.3" WXGA Multi-Touch HD LED GlareType 1600x900 pixel	Intel® Core™ i5-4200U Processor (3M Cache, up to 2.60 GHz)	6GB DDR3/1600 MHz	1TB 5400RPM SATA	NVIDIA® GeForce® GT 750M 2048MB	3.29kg	36 hónap	58WHr (Lithium-ion)	8x DVD+-RW DL drive	Windows 8	Mobile Intel® HM87 Express Chipset	412 x 269 x 25,4 mm	Sztereó hangszórók Waves MaxxAudio® Pro hangfeldolgozási technológiával és beépített digitális mikrofonnal	Gigabit LAN	Intel® Dual Band Wireless-N 7260 2x2 AGN	Bluetooth 4.0	Nincs	1,0 MP HD integrált webkamera beépített digitális mikrofonnal	8in1 Card reader	Van	Nincs	USB 3.0 (4db)	Nem	Nincs	Nincs	Nincs	Nincs	Nincs	Billentyűzet világítás				
LENOVO IdeaPad Y510 59-404675	0 Ft	15.6" FULL HD LED AntiGlare (matt kijelző) 1980x1080 pixel	Intel® Core™ i7-4700MQ Processor (6M Cache, up to 3.40 GHz)	8GB DDR3/1600 MHz	1TB 5400RPM SATA + 8GB ExpressCache	NVIDIA® GeForce® GT 755M 2048MB (SLI)	2.6kg	36 hónap	Nem	USB DVD-RW (vásárolható)	FreeDos	Intel® HM76 Express	386 x 258 x 35 mm	Beépített JBL® sztereó hangszórók	Gigabit LAN	Intel® Centrino® Wireless-N 2230	Bluetooth 4.0	Nincs	720p HD webcam	6in1 Card reader	Van	Van	1db USB 2.0 - 2db USB 3.0	Nem	Nincs	Nincs	Nincs	Nincs	Nem	Háttérvilágítású billentyűzet				
Toshiba Satellite P855-33U	0 Ft	15.6" WXGA HD-LED GlareType 1366x768 pixel	Intel® Core™ i7-3630QM Processor (6M Cache, up to 3.40 GHz)	8GB DDR3/1600 MHz	1TB 5400RPM SATA	NVIDIA® GeForce® GT 640M 2048MB	2.94kg	24 hónap	4200 mAh (Lithium-ion)	Blu-ray író	Windows 8	Intel® HM77 Express	385,0 x 252,5 x 29,77 - 33,52 mm	Harman Kardon® sztereó hangszóró, Realtek (ALC280Q-GR), SRS Premium Sound 3D™ rendszerrel	Gigabit LAN	Wireless 802.11b/g/n	Bluetooth 4.0	Nincs	Beépített HD minőségű webkamera (1280x800) szemkövetési funkcióval és beépített mikrofonnal	2in1 Card reader	Van	Van	4db USB 3.0	http://www.youtube.com/watch?v=SDGD_Iz7P5E	Nincs	Nincs	Nincs	Nincs	Nem	Háttérvilágítású billentyűzet				
ACER V3-772G-747a8G1.12TMakk	0 Ft	17.3" FULL HD-LED AntiGlare (Matt) 1920x1080 pixel	Intel® Core™ i7-4702MQ Processor (6M Cache, up to 3.20 GHz)	8GB DDR3/1600 MHz	120GB SSD + 1TB 5400rpm SATA	NVIDIA® GeForce® GTX 760M 2048MB	3.2kg	24 hónap	4800 mAh (Lithium-ion)	8x DVD+-RW SM	Linux	Intel® HM86 Express	414,8 x 275 x 31-34.6 mm	Dolby® Home Theater® v4 hangrendszer	Gigabit LAN	Wireless 802.11b/g/n	Bluetooth 4.0	Nincs	Acer Crystal Eye HD webcam with	Multi in1 Card reader	Van	Van	2db USB 2.0 - 2db USB 3.0	Nem	Nincs	Nincs	Nincs	Nincs	Nincs	Nem				
Dell Latitude E5530 154938	0 Ft	15.6" FULL HD LED AntiGlare (matt kijelző) 1980x1080 pixel	Intel® Core™ i7-3540M Processor (4M Cache, up to 3.70 GHz)	8GB DDR3/1600 MHz	500GB 7200RPM SATA	Intel® GMA HD 4000	2.5kg	36 hónap	5200 mAh (Lithium-ion)	8x DVD+-RW DL drive	Windows 7 Professional 64Bit	Mobil Intel® HM77 Express	388 x 251 x 30.2-33.2 cm	HD Audio	Gigabit LAN	Intel® Centrino® 6205 802.11 a/b/g/n	Bluetooth 4.0	Nincs	2.0MPixel HD	4in1 Card reader	Van	Van	1db USB 2.0 - 2db USB 3.0	Nem	Nincs	Van	Van	Nincs	Van	Backlit keyboard				
Dell Latitude E6230 153703	0 Ft	12.5" WXGA HD-LED AntiGlare (matt kijelző) 1366x768 pixel	Intel® Core™ i5-3340M Processor (3M Cache, up to 3.40 GHz)	4GB DDR3/1600 MHz	500GB 5400RPM SATA	Intel® GMA HD 4000	1.38kg	36 hónap helyszíni garancia	5200 mAh (Lithium-ion)	USB DVD-RW (vásárolható)	Windows 7 Professional 64Bit	Intel® QM77 Express	309 x 226 x 25.4-20.1 mm	HD Audio	Gigabit LAN	Intel® Centrino® 6205 802.11 a/b/g/n	Bluetooth 4.0	Opcionális 3G/HSDPA modem	2 Mpixel Full HD + Zajcsökkentő tömbmikrofon	4in1 Card reader, SmartCard olvasó	Van	Van	1db USB 2.0 - 2db USB 3.0	Nem	Nincs	Van	Van	Nincs	Van	Dokkolócsatlakozó, Backlit keyboard				
SAMSUNG Ativ Book 9 NP900X3E-K02HU	0 Ft	13.3" Full HD-LED AntiGlare (matt kijelző) 1920x1080 pixel	Intel® Core™ i5-3337U Processor (3M Cache, up to 2.70 GHz)	4GB DDR3/1600 MHz	256GB Solid State Drive (SSD)	Intel® GMA HD 4000	1.16kg	36 hónap	40 Wh (Lithium Polymer)	USB DVD-RW (vásárolható)	Windows 8	Mobile Intel® HM75	313,8 x 218,5 x 12,9 mm	HD Audio	Gigabit LAN	Intel® Centrino® Advanced-N 6235, 2 x 2 802.11abg/n (up to 300 Mbps), Widi Support	Bluetooth 4.0	Nincs	1,3 megapixel HD webkamera	4in1 Card reader	micro HDMI	Van	1db USB 3.0 - 1db USB 2.0	Nem	Nincs	Nincs	Nincs	Nincs	Nincs	Háttérvilágítású billentyűzet				
Dell Latitude E6530 153707	0 Ft	15.6" FULL HD LED AntiGlare (matt kijelző) 1980x1080 pixel	Intel® Core™ i5-3340M Processor (3M Cache, up to 3.40 GHz)	6GB DDR3/1600 MHz	750GB 7200RPM SATA	Intel® GMA HD 4000	2.5kg	36 hónap	5200 mAh (Lithium-ion)	8x DVD+-RW DL drive	Windows 7 Professional 64Bit	Mobile Intel® QM77 Express	384 x 258 x 28-34.2 cm	HD Audio	Gigabit LAN	Intel® Centrino® 6205 802.11 a/b/g/n	Bluetooth 4.0	Nincs	2.0MPixel HD	4in1 Card reader	Van	Van	2db USB 2.0 - 2db USB 3.0	Nem	Nincs	Van	Van	Van	Van	Backlit keyboard				
SAMSUNG Ativ Book 9 NP900X3E-K01HU	0 Ft	13.3" Full HD-LED AntiGlare (matt kijelző) 1920x1080 pixel	Intel® Core™ i7-3537U Processor (4M Cache, up to 3.10 GHz)	4GB DDR3/1600 MHz	256GB Solid State Drive (SSD)	Intel® GMA HD 4000	1.16kg	36 hónap	40 Wh (Lithium Polymer)	USB DVD-RW (vásárolható)	Windows 8	Mobile Intel® HM75	313,8 x 218,5 x 12,9 mm	HD Audio	Gigabit LAN	Intel® Centrino® Advanced-N 6235, 2 x 2 802.11abg/n (up to 300 Mbps), Widi Support	Bluetooth 4.0	Nincs	1,3 megapixel HD webkamera	4in1 Card reader	micro HDMI	Van	1db USB 3.0 - 1db USB 2.0	Nem	Nincs	Nincs	Nincs	Nincs	Nincs	Háttérvilágítású billentyűzet				
LENOVO ThinkPad S1 Yoga 20CD000MHV_TS	0 Ft	12.5" Multi-Touch FullHD LED GlareType (1920x1080) IPS	Intel® Core™ i5-4200U Processor (3M Cache, up to 2.60 GHz)	8GB DDR3/1600 MHz	16GB SSD + 500GB 5400rpm SATA	Intel® GMA HD 4400	1.63kg	36 hónap helyszíni garancia	47WHr (Lithium Polymer)	USB DVD-RW (vásárolható)	Windows 8.1 Professional	Nem	316,6 x 221 x 18,8 - 19,4 mm	Dolby® Home Theater® v4 hangrendszer	Nem	Intel® 7260 2x2 AC	Bluetooth 4.0	Nincs	HD 720p webkamera	4in1 Card reader	mini HDMI	Nem	2db USB 3.0	Nem	Nem	Nem	Nem	Nincs	Nem	Háttérvilágítású billentyűzet				
LENOVO ThinkPad S1 Yoga 20CD0035HV_TS	0 Ft	12.5" Multi-Touch FullHD LED GlareType (1920x1080) IPS	Intel® Core™ i5-4200U Processor (3M Cache, up to 2.60 GHz)	8GB DDR3/1600 MHz	16GB SSD + 1TB 5400rpm SATA	Intel® GMA HD 4400	1.63kg	36 hónap helyszíni garancia	47WHr (Lithium Polymer)	USB DVD-RW (vásárolható)	Windows 8.1	Nem	316,6 x 221 x 18,8 - 19,4 mm	Dolby® Home Theater® v4 hangrendszer	Nem	Intel® 7260 2x2 AC	Bluetooth 4.0	Nincs	HD 720p webkamera	4in1 Card reader	mini HDMI	Nem	2db USB 3.0	Nem	Nem	Nem	Nem	Nincs	Nem	Háttérvilágítású billentyűzet				
Dell Latitude E6330 156992	0 Ft	13.3" WXGA HD-LED AntiGlare (matt kijelző) 1366x768 pixel	Intel® Core™ i7-3540M Processor (4M Cache, up to 3.70 GHz)	8GB DDR3/1600 MHz	750GB 5400RPM SATA	Intel® GMA HD 4000	1.6kg	36 hónap helyszíni garancia	5200 mAh (Lithium-ion)	8x DVD+-RW DL drive	Windows 7 Professional 64Bit	Intel® QM77 Express	335 x 223,3 x 25.4-20.1 mm	HD Audio	Gigabit LAN	Intel® Centrino® 6205 802.11 a/b/g/n	Bluetooth 4.0	Nincs	2.0MPixel HD	4in1 Card reader, SmartCard olvasó	Van	Van	3db USB 3.0	Nem	Nincs	Van	Van	Nincs	Van	Dokkolócsatlakozó, Backlit keyboard				
Dell Latitude E6430 154939	0 Ft	14.1" WXGA HD+ LED AntiGlare (matt kijelző) 1600x900 pixel	Intel® Core™ i7-3540M Processor (4M Cache, up to 3.70 GHz)	8GB DDR3/1600 MHz	750GB 7200RPM SATA	Intel® GMA HD 4000	2.0kg	36 hónap	5200 mAh (Lithium-ion)	8x DVD+-RW DL drive	Windows 7 Professional 64Bit	Mobile Intel® QM77 Express	352 x 241 x 26.6-32.4 cm	HD Audio	Gigabit LAN	Intel® Centrino® 6205 802.11 a/b/g/n	Bluetooth 4.0	Nincs	2.0MPixel HD	4in1 Card reader	Van	Van	2db USB 2.0 - 2db USB 3.0	Nem	Nincs	Van	Van	Van	Van	Backlit keyboard				
Dell Latitude E6530 154940	0 Ft	15.6" FULL HD LED AntiGlare (matt kijelző) 1980x1080 pixel	Intel® Core™ i7-3540M Processor (4M Cache, up to 3.70 GHz)	8GB DDR3/1600 MHz	750GB 7200RPM SATA	Intel® GMA HD 4000	2.5kg	36 hónap	5200 mAh (Lithium-ion)	8x DVD+-RW DL drive	Windows 7 Professional 64Bit	Mobile Intel® QM77 Express	384 x 258 x 28-34.2 cm	HD Audio	Gigabit LAN	Intel® Centrino® 6205 802.11 a/b/g/n	Bluetooth 4.0	Nincs	2.0MPixel HD	4in1 Card reader	Van	Van	2db USB 2.0 - 2db USB 3.0	Nem	Nincs	Van	Van	Van	Van	Backlit keyboard				
DELL XPS 15 156892	0 Ft	15.6" FULL HD-LED GlareType 1980x1080 pixel	Intel® Core™ i5-3210M Processor (3M Cache, up to 3.10 GHz	4GB DDR3/1600 MHz	750GB 5400RPM SATA	NVIDIA® GeForce® GT 640M 2048MB	2.6kg	36 hónap helyszíni garancia	6050 mAh (Lithium Polymer)	8x DVD+-RW DL drive	Windows 8	Intel® Mobile HM77	23,2 mm x 371 mm x 249 mm	Waves MaxxAudio® 4 2x2	Gigabit LAN	Intel® Centrino® Advanced-N 6235, 2 x 2 802.11abg/n (up to 300 Mbps), Widi Support	Bluetooth 4.0	Nem	1,3 megapixel felbontású webkamera, digitális duál tömbmikrofonnal	3in1 Card reader	Van	Nincs	3db USB 3.0	Nem	Mini DisplayPort	Nincs	Nincs	Nincs	Nincs	Angol billentyűzet				
DELL XPS 18 AIO Tablet 156884	0 Ft	18.4" FULL HD-LED Multi-Touch 1920x1080 pixel IPS	Intel® Core™ i5-3337U Processor (3M Cache, up to 2.70 GHz)	8GB DDR3/1600 MHz	32GB SSD + 500GB SATA 5400RPM	Intel® GMA HD 4000	2,45kg	36 hónap helyszíni garancia	69WHr (Lithium-ion)	USB DVD-RW (vásárolható)	Windows 8	Intel® Mobile HM77 Express	464 x 284 x 18 mm	MaxxAudio® 4	Nincs	Killer Wireless-n 1202	Bluetooth 4.0	Nincs	Beépített HD (720p) kamera tömbmikrofonokkal	8in1 Card reader	Nem	Nem	2db USB 3.0	Nem	Nincs	Nincs	Nincs	Nincs	Nem	Gyorsulásmérő, Fényszenzor, Digitális iránytű, Dell KM714 Wireless keyboard UK/Irish + Mouse				
LENOVO ThinkPad S1 Yoga 20CD0038HV_TS	0 Ft	12.5" Multi-Touch FullHD LED GlareType (1920x1080) IPS	Intel® Core™ i7-4500U Processor (4M Cache, up to 3.00 GHz)	8GB DDR3/1600 MHz	256GB Solid State Drive (SSD)	Intel® GMA HD 4400	1.63kg	36 hónap helyszíni garancia	47WHr (Lithium Polymer)	USB DVD-RW (vásárolható)	Windows 8.1 Professional	Nem	316,6 x 221 x 18,8 - 19,4 mm	Dolby® Home Theater® v4 hangrendszer	Nem	Intel® 7260 2x2 AC	Bluetooth 4.0	Nincs	HD 720p webkamera	4in1 Card reader	mini HDMI	Nem	2db USB 3.0	Nem	Nem	Nem	Nem	Nincs	Nem	Háttérvilágítású billentyűzet				
DELL XPS 18 AIO Tablet 156888	0 Ft	18.4" FULL HD-LED Multi-Touch 1920x1080 pixel IPS	Intel® Core™ i7-3537U Processor (4M Cache, up to 3.10 GHz)	8GB DDR3/1600 MHz	32GB SSD + 500GB SATA 5400RPM	Intel® GMA HD 4000	2,45kg	36 hónap helyszíni garancia	69WHr (Lithium-ion)	USB DVD-RW (vásárolható)	Windows 8	Intel® Mobile HM77 Express	464 x 284 x 18 mm	MaxxAudio® 4	Nincs	Killer Wireless-n 1202	Bluetooth 4.0	Nincs	Beépített HD (720p) kamera tömbmikrofonokkal	8in1 Card reader	Nem	Nem	2db USB 3.0	Nem	Nincs	Nincs	Nincs	Nincs	Nem	Gyorsulásmérő, Fényszenzor, Digitális iránytű, Dell KM714 Wireless keyboard UK/Irish + Mouse				
DELL XPS 27 AIO PC 155053	0 Ft	27" WQHD-LED Touch AntiGlare (2560x1440) IPS	Intel® Core™ i5-4430S Processor (6M Cache, up to 2.7 GHz)	4GB DDR3/1600 MHz	1TB 7200RPM SATA	NVIDIA® GeForce® GT 750M 2048MB	15.95 kg	36 hónap helyszíni garancia	Nem	8x DVD+-RW DL drive	Windows 8	Intel H77	490,75 x 664 x 31,76 - 71,6 mm	Waves MaxxAudio® Pro	Gigabit LAN	Dell Wireless 1703 (802.11b/g/n+ Bluetooth v4.0)	Bluetooth 4.0	Nincs	Beépített FullHD (1080p) kamera tömbmikrofonokkal	8in1 Card reader	HDMI 1.4	Nem	4db USB 3.0 + 2db USB 2.0	Nem	Nincs	Nincs	Nincs	Nincs	Nem	Dell KM714 Wireless Keyboard & Mouse UK/Irish				
Toshiba Qosmio X70-A-12X	0 Ft	17.3" FULL HD-LED GlareType 1920x1080 pixel	Intel® Core™ i7-4700MQ Processor (6M Cache, up to 3.40 GHz)	32GB DDR3/1600 MHz	256GB SSD + 1TB 5400rpm SATA	NVIDIA® GeForce® GTX 770M 3072MB	3.6kg	36 hónap	5200 mAh (Lithium-ion)	Blu-ray író	Windows 8.1	Mobile Intel® HM86 Express Chipset	418,6 x 272,5 x 29,6 - 44 mm	4 beépített Harman Kardon® hangszóró 6 wattos zenei teljesítménnyel, DTS® Studio Sound™ hangzásjavító technológiával	Gigabit LAN	Wireless 802.11b/g/n	Bluetooth 4.0	Nincs	beépített 2 megapixeles Full HD webkamera (1980 x 1080) beépített mikrofonnal	Univerzális kártyaolvasó	Van	Van	4db USB 3.0	Nem	Nincs	Nincs	Nincs	Nincs	Nem	Háttérvilágítású billentyűzet, WiDi támogatás				
Lenovo ThinkPad Helix N3Z45HV_TS	0 Ft	11.6" Full HD-LED Multi-Touch 1920x1080 pixel	Intel® Core™ i7-3667U Processor (4M Cache, up to 3.20 GHz)	8GB DDR3/1600 MHz	256GB Solid State Drive (SSD)	Intel® GMA HD 4000	0.83kg + Dokkoló 1.7kg	36 hónap	42 Wh (Lithium Polymer)	USB DVD-RW (vásárolható)	Windows 8 Professional	Mobile Intel QS77 Express	296 x 187.3 x 11.6 mm + Dokkoló 296 x 187.3 x 20.4 mm	Dolby® Home Theater® v4,	Nincs	Intel® Centrino® 6205 802.11 a/b/g/n	Bluetooth 4.0	Ericsson C5621 TFF (GPRS/WCDMA/HSPA/HSPA+, GPS)	Front camera: 2.0 megapixel, Rear camera: 5.0 megapixel	Nem	Nincs	Nincs	1db USB 2.0	http://www.youtube.com/watch?v=fEjk05TcPbY	Mini DisplayPort	Nincs	Nincs	Nincs	Nincs	Dokkoló (29Wh Lithium Polymer akkumulátor), Fényérzékelő, 3D gyorsulásmérő, E-iránytű, 3D giroszkóp				
DELL Alienware 17 156878	0 Ft	17.3" FULL HD-LED AntiGlare (Matt) 1920x1080 pixel	Intel® Core™ i7-4700MQ Processor (6M Cache, up to 3.40 GHz)	16GB DDR3/1600 MHz	64GB SSD + 750GB SATA 7200RPM	NVIDIA® GeForce® GTX 765M 2048MB	4,1501kg	36 hónap	7400 mAh (Lithium-ion)	8x DVD+-RW SM	Windows 8 Angol	Intel HM87 Express	413,56 x 299 x 46,24 - 48,46 mm	Klipsch® hangrendszer	Gigabit LAN	Broadcom 4352 802.11n/ac	Bluetooth 4.0	Nincs	Full HD 2,0 megapixel felbontású kamera két digitális mikrofonnal	9in1 Card reader	Van	Van	4db USB 3.0	Nem	Mini DisplayPort	Nincs	Nincs	Nincs	Nincs	Háttérvilágítású Billntyűzet és Touchpad				
Sony Vaio Z VPC-Z21V9E/B Black	0 Ft	13.3" WXGA HD+ LED GlareType 1600x900 pixel	Intel® Core™ i7-2620M Processor (4M Cache, 2.70 GHz)	8GB DDR3/1333 MHz	256GB Solid State Drive (SSD)	AMD Radeon™ HD 6650 1024MB	1.18kg	24 hónap	4400 mAh (Lithium-ion)	8x DVD+-RW SM	Windows 7 Professional 64Bit	Intel® HM67 Express	210 x 16.6 x 330mm	Belső sztereó hangfalak, Dolby kodek: Dolby® Home Theater® v4	Gigabit LAN	Wireless 802.11b/g/n	Bluetooth 3.0	WWAN/3G	1,31 megapixel, Valós pixelszám:1280 x 1024	2in1 Card reader	Van	Van	1db USB 2.0 - 1db USB 3.0	Nem	Nincs	Van	Nincs	Nincs	Nincs	Backlight keyboard, Ház anyaga: Magnézium; Alumínium kéztámasz				
DELL Alienware 18 156877	0 Ft	18.4" FULL HD-LED GlareType 1920x1080 pixel	Intel® Core™ i7-4700MQ Processor (6M Cache, up to 3.40 GHz)	8GB DDR3/1600 MHz	64GB SSD + 750GB SATA 7200RPM	2x NVIDIA® GeForce® GTX 770M 3072MB (SLI)	5,472kg	36 hónap	7400 mAh (Lithium-ion)	8x DVD+-RW SM	Windows 8 Angol	Intel HM87 Express	456,50 x 327,89 x 56,71 - 57,50 mm	Klipsch® hangrendszer	Gigabit LAN	Broadcom 4352 802.11n/ac	Bluetooth 4.0	Nincs	Full HD 2,0 megapixel felbontású kamera két digitális mikrofonnal	9in1 Card reader	Van	Van	4db USB 3.0	Nem	Mini DisplayPort	Nincs	Nincs	Nincs	Nincs	Háttérvilágítású Billntyűzet és Touchpad				
