TermékNév	Ár	TFT	CPU	RAM	HDD	HDD +	GPU	Súly	Gar.	Akku	ODD	OS	LAN	Portok	Kamera	Egyéb	Audio	Szín
Lenovo Ideapad G500 (59-390483) Notebook	77900 Ft	15,6", 1366x768, 16:9	Intel Celeron DualCore, 1005M 1.90 GHz / 2MB Cache	4 GB, DDR3 1600MHz		1 TB, SATA-2	Intel GMA HD Graphics 4000	2,6 kg, 377 mm x 250 mm x 34 mm	2 év garancia	6 cella, 5 óra átlagos üzemidő, 4800 mAh	DVD +/- RW, Super Multi	FreeDos	10/100, 802.11.b/g/n WLAN	2 USB 3.0, 1 USB 2.0, Bluetooth 4.0 (low energy), 2 in 1 kártyaolvasó, DSUB, HDMI out	Camera 1.0 MPix HD				
Toshiba Satellite C50-A-14L Notebook	78900 Ft	15,6" HD LED, 1366x768, 16:9	Intel Celeron DualCore, 1005M 1.90 GHz / 2MB Cache	4 GB, DDR3 1600MHz		500 GB, SATA-2	Intel GMA HD	2,3Kg, 380 x 242 x 30,8 (elöl) / 33,35 (hátul) mm	2 év garancia	6 cella, 3,5 óra átlagos üzemidő	DVD +/- RW, Dual Layer		10/100, 802.11.b/g/n WLAN	2x USB 2.0 - 1x USB 3.0, Bluetooth 4.0 (low energy), Multi in 1kártyaolvasó, DSUB, HDMI out	Camera 1.0 MPix HD				
Toshiba Satellite C50-A-14G Notebook	78900 Ft	15,6" HD LED, 1366x768, 16:9	Intel Celeron DualCore, 1005M 1.90 GHz / 2MB Cache	4 GB, DDR3 1600MHz		500 GB, SATA-2	Intel GMA HD	2,3Kg, 380 x 242 x 30,8 (elöl) / 33,35 (hátul) mm	2 év garancia	6 cella, 3,5 óra átlagos üzemidő	DVD +/- RW, Dual Layer		10/100, 802.11.b/g/n WLAN	2x USB 2.0 - 1x USB 3.0, Bluetooth 4.0 (low energy), Multi in 1kártyaolvasó, DSUB, HDMI out	Camera 1.0 MPix HD				
Dell Inspiron 3521 (INSP3521-33) Notebook	78900 Ft	15,6", 1366x768, 16:9	Intel Celeron DualCore, 1017U 1,6Ghz / 2MB Cache	2 GB, DDR3 1600MHz		320 GB, SATA-2	Intel GMA HD	2,3Kg, 25.4mm / 376mm / 259mm	3 év garancia	4 cella, 4000 mAh	DVD +/- RW, Dual Layer	Linux	10/100, 802.11 n WLAN	2 USB 2.0, 2 USB 3.0, Bluetooth 4.0 (low energy), 8 in 1 kártyaolvasó, HDMI out	Camera 1.0 MPix HD	Waves MaxxAudio 4 hangrendszer			
Dell Inspiron 3521 (DI3521I-1017-2GH32D4BK-11) Notebook	80900 Ft	15,6", 1366x768, 16:9	Intel Celeron DualCore, 1017U 1,6Ghz / 2MB Cache	2 GB, DDR3 1600MHz		320 GB, SATA-2	Intel GMA HD	2,3Kg, 25.4mm / 376mm / 259mm	3 év garancia	4 cella, 4000 mAh	DVD +/- RW, Dual Layer	Linux	10/100, 802.11 n WLAN	2 USB 2.0, 2 USB 3.0, Bluetooth 4.0 (low energy), 8 in 1 kártyaolvasó, HDMI out	Camera 1.0 MPix HD	Waves MaxxAudio 4 hangrendszer			
Toshiba Satellite C55-A-163 Notebook	84900 Ft	15,6" HD LED, 1366x768, 16:9	Intel Celeron DualCore, 1005M 1.90 GHz / 2MB Cache	4 GB, DDR3 1600MHz		750GB, SATA-2	Intel GMA HD	2,3Kg, 380 x 242 x 30,8 (elöl) / 33,35 (hátul) mm	2 év garancia	6 cella, 3,5 óra átlagos üzemidő	DVD +/- RW, Dual Layer		10/100, 802.11.b/g/n WLAN	2x USB 2.0 - 1x USB 3.0, Bluetooth 4.0 (low energy), Multi in 1kártyaolvasó, DSUB, HDMI out	Camera 1.0 MPix HD				
Lenovo Ideapad G505 (59-390261) Notebook	84900 Ft	15,6", 1366x768, 16:9	AMD , A4-5000 1.5 GHz 2MB Cache	4 GB, DDR3 1600MHz		500 GB, SATA-2	AMD/ATI Radeon HD 8330	2,6 kg, 377 mm x 250 mm x 34 mm	2 év garancia	6 cella	DVD +/- RW, Super Multi	FreeDos	10/100, 802.11.b/g/n WLAN	2x USB 2.0 - 1x USB 3.0, Bluetooth 4.0 (low energy), 2 in 1 kártyaolvasó, DSUB, HDMI out	720p HD webkamera				
Dell Inspiron 3521 (INSP3521-29) Notebook	84900 Ft	15,6", 1366x768, 16:9	Intel DualCore, 2127U 1.9GHz / 2MB Cache	4 GB, DDR3 1600MHz		500 GB, SATA-2	Intel GMA HD	2,3Kg, 25.4mm / 376mm / 259mm	3 év garancia	4 cella, 4000 mAh	DVD +/- RW, Dual Layer	Linux	10/100, 802.11 n WLAN	2 USB 2.0, 2 USB 3.0, Bluetooth 4.0 (low energy), 8 in 1 kártyaolvasó, HDMI out	Camera 1.0 MPix HD	Waves MaxxAudio 4 hangrendszer			
Lenovo Ideapad G505 (59-402610) Notebook	85900 Ft	15,6", 1366x768, 16:9	AMD , A4-5000 1.5 GHz 2MB Cache	4 GB, DDR3 1600MHz		1 TB, SATA-2	AMD/ATI Radeon HD 8330	2,6 kg, 377 mm x 250 mm x 34 mm	2 év garancia	6 cella	DVD +/- RW, Super Multi	FreeDos	10/100, 802.11.b/g/n WLAN	2x USB 2.0 - 1x USB 3.0, Bluetooth 4.0 (low energy), 2 in 1 kártyaolvasó, DSUB, HDMI out	720p HD webkamera				
Lenovo Ideapad B590 (59-374005) Notebook	88900 Ft	15,6", 1366x768, 16:9	Intel DualCore, 2020M 2.40 GHz / 4MB Cache	4 GB, DDR3 1600MHz		500 GB, SATA-2	Intel GMA HD	2,2 kg	2 év garancia	6 cella, 2200 mAh	DVD +/- RW, Super Multi	FreeDos	10/100/1000, 802.11.b/g/n WLAN	2x USB 2.0 - 1x USB 3.0, Bluetooth 4.0 (low energy), 4 in 1 kártyaolvasó, DSUB, HDMI out	720p HD webkamera				
Lenovo Ideapad G500 (59-390067) Notebook	91900 Ft	15,6", 1366x768, 16:9	Intel DualCore, 2020M 2.40 GHz / 4MB Cache	4 GB, DDR3 1600MHz		1 TB, SATA-2	Intel GMA HD	2,6 kg, 377 mm x 250 mm x 34 mm	2 év garancia	6 cella, 5 óra átlagos üzemidő, 48Wh	DVD +/- RW, Super Multi	FreeDos	10/100, 802.11.b/g/n WLAN	2 USB 3.0, 1 USB 2.0, Bluetooth 4.0 (low energy), 2 in 1 kártyaolvasó, DSUB, HDMI out	720p HD webkamera				
Lenovo Ideapad G500s (59-390152) Notebook	98900 Ft	15,6", 1366x768, 16:9	Intel DualCore, 2020M 2.40 GHz / 4MB Cache	4 GB, DDR3 1600MHz		500 GB, SATA-2	Intel GMA HD Graphics 4000	2,7 kg, 380mm x 260mm x 26.9mm	2 év garancia	4 cella, 4 óra átlagos üzemidő, 41Wh	DVD +/- RW, Super Multi	FreeDos	10/100, 802.11.b/g/n WLAN	2 USB 3.0, 1 USB 2.0, Bluetooth 4.0 (low energy), 2 in 1 kártyaolvasó, DSUB, HDMI out	720p HD webkamera				
Lenovo Ideapad G505 (59-390258) Notebook	98900 Ft	15,6", 1366x768, 16:9	AMD , A4-5000 1.5 GHz 2MB Cache	4 GB, DDR3 1600MHz		1 TB, SATA-2	AMD/ATI Radeon HD 8570M 1GB	2,6 kg, 377 mm x 250 mm x 34 mm	2 év garancia	6 cella	DVD +/- RW, Super Multi	FreeDos	10/100, 802.11.b/g/n WLAN	2x USB 2.0 - 1x USB 3.0, Bluetooth 4.0 (low energy), 2 in 1 kártyaolvasó, DSUB, HDMI out	720p HD webkamera				
Lenovo Ideapad G505 (59-390277) Notebook	99900 Ft	15,6", 1366x768, 16:9	AMD , E1-2100 1,00GHz / 2MB cache / 9 W	4 GB, DDR3 1600MHz		320 GB, SATA-2	AMD/ATI Radeon HD 8210	2,6 kg	2 év garancia	6 cella	DVD +/- RW, Super Multi	Windows 8 64 bit	10/100, 802.11.b/g/n WLAN	2 USB 3.0, 1 USB 2.0, Bluetooth 4.0 (low energy), 2 in 1 kártyaolvasó	Camera 0.3MPixel				
Lenovo Ideapad G500 (59-390525) Notebook	100900 Ft	15,6", 1366x768, 16:9	Intel Core i3, -3110M / 2.4 GHz / 3MB Cache	4 GB, DDR3 1600MHz		500 GB, SATA-2	Intel GMA HD Graphics 4000	2,6 kg, 377 mm x 250 mm x 34 mm	2 év garancia	6 cella, 5 óra átlagos üzemidő, 48Wh	DVD +/- RW, Super Multi	FreeDos	10/100, 802.11.b/g/n WLAN	2 USB 3.0, 1 USB 2.0, Bluetooth 4.0 (low energy), 2 in 1 kártyaolvasó, DSUB, HDMI out	720p HD webkamera				
Lenovo Ideapad G500 (59-390091) Notebook	100900 Ft	15,6", 1366x768, 16:9	Intel DualCore, 2020M 2.40 GHz / 4MB Cache	4 GB, DDR3 1600MHz		1 TB, SATA-2	AMD/ATI Radeon HD 8570M 2GB	2,6 kg, 377 mm x 250 mm x 34 mm	2 év garancia	6 cella, 5 óra átlagos üzemidő, 48Wh	DVD +/- RW, Super Multi	FreeDos	10/100, 802.11.b/g/n WLAN	2 USB 3.0, 1 USB 2.0, Bluetooth 4.0 (low energy), 2 in 1 kártyaolvasó, DSUB, HDMI out	720p HD webkamera				
Lenovo Ideapad B590 (59-389657) Notebook	101900 Ft	15,6", 1366x768, 16:9	Intel Core i3, -3110M / 2.4 GHz / 3MB Cache	4 GB, DDR3 1600MHz		500 GB, SATA-2	Intel GMA HD	2,2 kg, 378 x 252 x 33,4 mm	2 év garancia	6 cella, 2200 mAh	DVD +/- RW, Super Multi	FreeDos	10/100/1000, 802.11.b/g/n WLAN	2x USB 2.0 - 1x USB 3.0, Bluetooth 4.0 (low energy), 4 in 1 kártyaolvasó, DSUB, HDMI out	720p HD webkamera				
Lenovo IdeaTab Miix 2 (59-402674) Tablet	101900 Ft	8" képátló, 1280x800, 16:10	Intel Atom Z3740 Processor (1.33GHz 2MB)	2GB RAM	64GB			350g	1 év garancia	2 cellás, 6800mAh, 7 óra		Windows 8.1 32bit	802.11b, g, n, Bluetooth 4.0, GPS	Micro SD (max. 32GB), micro-USB	2.0Mpixel elől, 5Mpixel hátul	Töltő	sztereó hangszóró, mikrofon	Ezüst	
Toshiba Satellite C55-A-19D Notebook	102900 Ft	15,6" HD LED, 1366x768, 16:9	Intel Core i3, -3110M / 2.4 GHz / 3MB Cache	4 GB, DDR3 1600MHz		500 GB, SATA-2	Intel GMA HD Graphics 4000	2,3Kg, 380 x 242 x 30,8 (elöl) / 33,35 (hátul) mm	2 év garancia	6 cella, 3,5 óra átlagos üzemidő	DVD +/- RW, Dual Layer		10/100, 802.11.b/g/n WLAN	2x USB 2.0 - 1x USB 3.0, Bluetooth 4.0 (low energy), Multi in 1kártyaolvasó, DSUB, HDMI out	Camera 1.0 MPix HD				
Lenovo Ideapad G505S (59-390290) Notebook	103900 Ft	15,6", 1366x768, 16:9	AMD , A8-4500M / 1.9 GHz / 4MB Cache	4 GB, DDR3 1600MHz		1 TB, SATA-2	AMD/ATI Radeon HD 8570M 2GB	2,4 kg, 380 x 260 x 25,8 mm	2 év garancia	4 cella	DVD +/- RW, Super Multi	FreeDos	10/100, 802.11.b/g/n WLAN	2 USB 3.0, 1 USB 2.0, Bluetooth 4.0 (low energy), 2 in 1 kártyaolvasó, HDMI out	720p HD webkamera				
Lenovo Ideapad G710 (59-402654) Notebook	104900 Ft	17,3", 1600*900, 16:9	Intel DualCore, 3550M 2.3GHz 2MB Cache	4 GB, DDR3 1600MHz		1 TB, SATA-2	Intel GMA HD	2,9 kg, 418 mm x 278 mm x 36,8 mm	2 év garancia	6 cella, 5 óra átlagos üzemidő, 4800 mAh	DVD +/- RW, Super Multi	FreeDos	10/100, 802.11.b/g/n WLAN	2x USB 2.0 - 1x USB 3.0, Bluetooth 4.0 (low energy), 2 in 1 kártyaolvasó, DSUB, HDMI out	720p HD webkamera				
Lenovo Ideapad S210 (59-377622) Notebook	106900 Ft	11,6", 1366x768, 16:9	Intel DualCore, 2117U - 1,80GHz / 2MB Cache	4 GB, DDR3 1600MHz		500 GB, SATA-2	Intel GMA HD	1,3 kg, 299 x 207 x 6-20,9 mm	2 év garancia	3 cella		Windows 8 Standard	10/100, 802.11.b/g/n WLAN	USB 3.0, USB 2.0, Bluetooth 4.0 (low energy), 2 in 1 kártyaolvasó, HDMI out	720p HD webkamera				
Lenovo Ideapad G505 (59-402609) Notebook	106900 Ft	15,6", 1366x768, 16:9	AMD , A4-5000 1.5 GHz 2MB Cache	4 GB, DDR3 1600MHz		1 TB, SATA-2	AMD/ATI Radeon HD 8570M 2GB	2,6 kg, 377 mm x 250 mm x 34 mm	2 év garancia	6 cella	DVD +/- RW, Super Multi	FreeDos	10/100, 802.11.b/g/n WLAN	2x USB 2.0 - 1x USB 3.0, Bluetooth 4.0 (low energy), 2 in 1 kártyaolvasó, DSUB, HDMI out	720p HD webkamera				
Toshiba Satellite M50D-A-10W Notebook	107900 Ft	15,6" HD LED, 1366x768, 16:9	AMD , A4-5000 1.5 GHz 2MB Cache	4 GB, DDR3 1600MHz		500 GB, SATA-2	AMD/ATI Radeon HD 8330	2,2 kg, 377.5 x 249.5 x 21.3 mm	2 év garancia	3 cella, 6 óra átlagos üzemidő		FreeDos	10/100, 802.11.b/g/n WLAN	2 USB 3.0, 1 USB 2.0, Bluetooth 4.0 (low energy), Multi in 1kártyaolvasó, HDMI out	Camera 1.0 MPix HD				
Lenovo Ideapad G505S (59-390295) Notebook	108900 Ft	15,6", 1366x768, 16:9	AMD , A8-4500M / 1.9 GHz / 4MB Cache	8 GB, DDR3 1600MHz		1 TB HDD + 8GB SSD, SATA-2	AMD/ATI Radeon HD 8570M 2GB	2,4 kg, 380 x 260 x 25,8 mm	2 év garancia	6 cella	DVD +/- RW, Super Multi	FreeDos	10/100, 802.11.b/g/n WLAN	2 USB 3.0, 1 USB 2.0, Bluetooth 4.0 (low energy), 2 in 1 kártyaolvasó, HDMI out	720p HD webkamera				
Lenovo Ideapad B590 (59-389658) Notebook	108900 Ft	15,6", 1366x768, 16:9	Intel Core i3, -3110M / 2.4 GHz / 3MB Cache	4 GB, DDR3 1600MHz		320 GB, SATA-2	Nvidia GeForce 720M 1GB	2,2 kg, 378 x 252 x 33,4 mm	2 év garancia	6 cella, 2200 mAh	DVD +/- RW, Super Multi	FreeDos	10/100/1000, 802.11.b/g/n WLAN	2x USB 2.0 - 1x USB 3.0, Bluetooth 4.0 (low energy), 4 in 1 kártyaolvasó, DSUB, HDMI out	720p HD webkamera				
Dell Inspiron 3521 (INSP3521-27) Notebook	109900 Ft	15,6", 1366x768, 16:9	Intel Core i3, -3217U / 1.8GHz / 3MB Cache	4 GB, DDR3 1600MHz		500 GB, SATA-2	AMD Radeon HD 7670 / 1GB	2,3Kg, 25.4mm / 376mm / 259mm	3 év garancia	6 cella, 65Wh	DVD +/- RW, Dual Layer	Linux	10/100, 802.11 n WLAN	2 USB 2.0, 2 USB 3.0, Bluetooth 4.0 (low energy), 8 in 1 kártyaolvasó, HDMI out	Camera 1.0 MPix HD	Waves MaxxAudio 4 hangrendszer			
Lenovo ThinkPad EDGE E535(NZR7AHV) Notebook	111900 Ft	15,6", 1366x768, 16:9	AMD , A6-4400M 3,2/2,7 GHz 1MB L2 cache	4 GB, DDR3 1333MHz		500 GB/7200rpm, SATA-2	AMD Radeon HD 7520G	2,5 kg, 377 x 245mm x 29.5-35.3mm	2 év garancia	6 cella, 6 óra átlagos üzemidő, 48Wh	DVD +/- RW, Dual Layer	FreeDos	10/100/1000, 802.11 b/g WLAN	3 USB 3.0, 1 USB 2.0, Bluetooth 4.0 (low energy), 4 in 1 kártyaolvasó, DSUB, Ujjlenyomat olvasó, HDMI out	720p HD webkamera				
Lenovo ideaPad U510 (59-393097) Notebook	113900 Ft	15,6", 1366x768, 16:9	Intel Core i3, -3217U / 1.8GHz / 3MB Cache	4 GB, DDR3 1600MHz		1 TB, SATA-2	Intel GMA HD Graphics 4000	2,2 kg, 382 x 250 x 21 mm	2 év garancia	Lithium-ion, 6 óra átlagos üzemidő, 45Wh	DVD +/- RW, Super Multi	FreeDos	10/100, 802.11.b/g/n WLAN	2 db USB 3.0, Bluetooth 4.0 (low energy), 2 in 1 kártyaolvasó, Mini D-sub 15-pin, HDMI out	Camera 1.0 MPix HD				
Lenovo ideaPad U510 (59-393107) Notebook	113900 Ft	15,6", 1366x768, 16:9	Intel Core i3, -3217U / 1.8GHz / 3MB Cache	4 GB, DDR3 1600MHz		1 TB, SATA-2	Nvidia GeForce GT 720M 2GB DDR3	2,2 kg, 382 x 250 x 21 mm	2 év garancia	Lithium-ion, 6 óra átlagos üzemidő, 45Wh	DVD +/- RW, Super Multi	FreeDos	10/100, 802.11.b/g/n WLAN	2 db USB 3.0, Bluetooth 4.0 (low energy), 2 in 1 kártyaolvasó, Mini D-sub 15-pin, HDMI out	Camera 1.0 MPix HD				
Toshiba Satellite C55-A-19N Notebook	113900 Ft	15,6" HD LED, 1366x768, 16:9	Intel Core i3, -3110M / 2.4 GHz / 3MB Cache	4 GB, DDR3 1600MHz		750GB, SATA-2	Nvidia GeForce 710M 2GB gDDR3	2,3Kg, 380 x 242 x 30,8 (elöl) / 33,35 (hátul) mm	2 év garancia	6 cella, 4 óra átlagos üzemidő	DVD +/- RW, Dual Layer	FreeDos	10/100, 802.11.b/g/n WLAN	2x USB 2.0 - 1x USB 3.0, Bluetooth 4.0 (low energy), Multi in 1kártyaolvasó, DSUB, HDMI out	Camera 1.0 MPix HD				
Lenovo Ideapad G500 (59-402605) Notebook	113900 Ft	15,6", 1366x768, 16:9	Intel Core i3, -3110M / 2.4 GHz / 3MB Cache	4 GB, DDR3 1600MHz		1 TB, SATA-2	AMD/ATI Radeon HD 8570M 2GB	2,6 kg, 377 mm x 250 mm x 34 mm	2 év garancia	6 cella, 5 óra átlagos üzemidő, 48Wh	DVD +/- RW, Super Multi	FreeDos	10/100, 802.11.b/g/n WLAN	2 USB 3.0, 1 USB 2.0, Bluetooth 4.0 (low energy), 2 in 1 kártyaolvasó, DSUB, HDMI out	720p HD webkamera				
Samsung Ativ Book 2 NP270E5V-X03HU Notebook	116900 Ft	15,6", 1366x768, 16:9	Intel Core i3, -3120M /2.50 GHz/3MB Cache	4 GB, DDR3 1600MHz		500 GB, SATA-2	Nvidia Geforce 710M 1GB DDR3	2,2 kg, 376.0 x 248.0 x 25.2 ~ 31.8mm	2 év garancia	6 cella, 4800 mAh	DVD +/- RW, Super Multi	FreeDos	10/100, 802.11.b/g/n WLAN	3USB 2.0, Bluetooth 4.0 (low energy), 3 in 1 kártyaolvasó, DSUB, HDMI out	720p HD webkamera				
Lenovo TABLET MIIX 10 (59-380076) Tablet	117900 Ft	10,1 képátló, 1366x768, 16:9	Intel Atom Z2760 1.80GHz / 1MB Cache / DualCore	2GB RAM	64GB			580g	1 év garancia	2 cellás, 6800mAh, 10 óra		Windows 8 STD	802.11b, g, n, Bluetooth 4.0	mini HDMI 1.3, Micro SD (max. 32GB), micro-USB	Előlapi beépített	Töltő	sztereó hangszóró, mikrofon	Ezüst	
Lenovo IdeaPad YOGA 11(59-361324) Tablet	118900 Ft	11,6" képátló, 1366x768, 16:9	NVIDIA Tegra T30 1.50 GHz 1MB Cache	2GB RAM	32 GB háttértár		Intel HD Graphics 4000	1.25 kg	3 év (1 év az akkura és töltőre)	4 cella, 42WH, 13 óra		Windows 8 RT Magyar, Angol	802.11a/b/g/n, Bluetooth 4.0	HDMI, 2 in 1 (SD/MMC), 2 db USB 2.0	HD 720p Webkamera	Töltő	sztereó hangszóró, mikrofon	Sárga	
Dell Inspiron 3737 (INSP3737-1) Notebook	118900 Ft	17,3", 1600*900, 16:9	Intel Core i3, -4010U 1,7GHz / 3MB Cache	4 GB, DDR3 1600MHz		500 GB, SATA-2	INTEL GMA HD Graphics 4400	2,6 kg, 412 mm x 270 mm x elöl 28,34 mm / hátul 29,6 mm	3 év garancia	4 cella, 4000 mAh	DVD +/- RW, Dual Layer	Linux	10/100, 802.11.b/g/n WLAN	2 USB 2.0, 2 USB 3.0, Bluetooth 4.0 (low energy), 8 in 1 kártyaolvasó, HDMI out	Camera 1.0 MPix HD				
Lenovo Ideapad B590GB (59-352457) Notebook	120900 Ft	15,6", 1366x768, 16:9	Intel Core i5, -3210M / 2.5 GHz / 3M Cache	4 GB, DDR3 1600MHz		500 GB, SATA-2	Intel GMA HD Graphics 4000	2,2 kg	2 év garancia	6 cella, 2200 mAh	DVD +/- RW, Super Multi	FreeDos	10/100/1000, 802.11.b/g/n WLAN	2x USB 2.0 - 1x USB 3.0, Bluetooth 4.0 (low energy), 4 in 1 kártyaolvasó, DSUB, HDMI out	720p HD webkamera				
Dell Vostro 2521 (V2521-8) Notebook	122900 Ft	15,6", 1366x768, 16:9	Intel Core i3, -3227U 1.90 GHz / 3MB Cache	4 GB, DDR3 1600MHz		500 GB, SATA-2	AMD Radeon HD 7670 / 1GB	2,4 kg, 376 mm x 259 mm x 25,4mm	3 év garancia	6 cella, 5600mAh	DVD +/- RW, Dual Layer	Linux	10/100/1000, 802.11.b/g/n WLAN	2 USB 2.0, 2 USB 3.0, Bluetooth 4.0 (low energy), 3 in 1 kártyaolvasó, HDMI out	Camera 1.0 MPix HD				
Dell Vostro 2521 (DV2521A-3227-4GH50D6BK-11) Notebook	122900 Ft	15,6", 1366x768, 16:9	Intel Core i3, -3227U 1.90 GHz / 3MB Cache	4 GB, DDR3 1600MHz		500 GB, SATA-2	ATI Radeon HD 7670M 1GB DDR3	2,4 kg, 376 mm x 259 mm x 25,4mm	3 év garancia	6 cella, 48Wh	DVD +/- RW, Dual Layer	Linux	10/100/1000, 802.11.b/g/n WLAN	2 USB 2.0, 2 USB 3.0, Bluetooth 4.0 (low energy), 3 in 1 kártyaolvasó, HDMI out	Camera 1.0 MPix HD				
Dell Inspiron 3537 (DI3537A-4200-4GH50D6BK-11) Notebook	123900 Ft	15,6", 1366x768, 16:9	Intel Core i5, -4200U 1,60GHz - 2,60GHz / 3MB cache	4 GB, DDR3 1600MHz		500 GB, SATA-2	AMD/ATI Radeon HD 8670M 1GB	2,4 kg, 259 mm x 259 mm x 24,9 mm / 31,3mm	3 év garancia	6 cella, 65Wh	DVD +/- RW, Dual Layer	Linux	10/100, 802.11.b/g/n WLAN	2 USB 2.0, 2 USB 3.0, Bluetooth 4.0 (low energy), 8 in 1 kártyaolvasó, HDMI out	Camera 1.0 MPix HD				
Dell Vostro 2521 (V2521_157863) Notebook	124900 Ft	15,6", 1366x768, 16:9	Intel Core i3, -3227U 1.90 GHz / 3MB Cache	4 GB, DDR3 1600MHz		500 GB, SATA-2	AMD Radeon HD 7670 / 1GB	2,4 kg, 376 mm x 259 mm x 25,4mm	3 év garancia	6 cella, 65Wh	DVD +/- RW, Dual Layer	Linux	10/100/1000, 802.11.b/g/n WLAN	2 USB 2.0, 2 USB 3.0, Bluetooth 4.0 (low energy), 3 in 1 kártyaolvasó, HDMI out	Camera 1.0 MPix HD				
Lenovo IdeaPad Z510(59-403839) Notebook	124900 Ft	15,6", 1366x768, 16:9	Intel DualCore, 3550M 2.3GHz 2MB Cache	4 GB, DDR3 1600MHz		1 TB, SATA-2	NVIDIA GeForce GT 740M / 2GB	2,2 kg, 375*263*25 mm	2 év garancia	4 cella, 4800 mAh	DVD +/- RW, Super Multi	FreeDos	10/100, Intel Dual Brand Wireless-N 7260 2x2 bgn	2 USB 3.0, 1 USB 2.0, Bluetooth 4.0 (low energy), 2 in 1 kártyaolvasó, HDMI out	Camera 1.0 MPix HD				
Lenovo Ideapad G500 (59-390064) Notebook	125900 Ft	15,6", 1366x768, 16:9	Intel Core i3, -3110M / 2.4 GHz / 3MB Cache	4 GB, DDR3 1600MHz		1 TB HDD + 8GB SSD, SATA-2	AMD/ATI Radeon HD 8570M 2GB	2,6 kg, 377 mm x 250 mm x 34 mm	2 év garancia	6 cella, 5 óra átlagos üzemidő, 48Wh	DVD +/- RW, Super Multi	FreeDos	10/100, 802.11.b/g/n WLAN	2 USB 3.0, 1 USB 2.0, Bluetooth 4.0 (low energy), 2 in 1 kártyaolvasó, DSUB, HDMI out	720p HD webkamera				
Lenovo ThinkPad EDGE E535(NZRELHV) Notebook	126900 Ft	15,6", 1366x768, 16:9	AMD , A8-4500M / 1.9 GHz / 4MB Cache	4 GB, DDR3 1333MHz		500 GB, SATA-2	AMD Radeon HD 7670 / 1GB	2,5 kg, 377 x 245mm x 29.5-35.3mm	1 év garancia	6 cella, 6 óra átlagos üzemidő, 48Wh	DVD +/- RW, Dual Layer	FreeDos	10/100/1000, 802.11 b/g WLAN	3 USB 3.0, 1 USB 2.0, Bluetooth 4.0 (low energy), 4 in 1 kártyaolvasó, DSUB, Ujjlenyomat olvasó, express card 34 mm, HDMI out	HD-minőségű webkamera (1280x800)				
Samsung NP535U3C-K01HU Notebook	126900 Ft	13,3", 1366x768, 16:9	AMD , A4-4355M 1.9GHz , 1MB Cache , Dual-Core	4 GB, DDR3 1333MHz		500 GB, SATA-2	AMD Radeon HD 7400G	1,5 kg, 315.1 x 218.9 x 14.9 ~ 17.6mm	2 év garancia	4 cella, 45Wh		Windows 8 64 bit	10/100/1000, 802.11.b/g/n WLAN	2x USB 2.0 - 1x USB 3.0, Bluetooth 4.0 (low energy), 3 in 1 kártyaolvasó, DSUB, HDMI out	Camera 1.3MPix				
Dell Vostro 2521 (V2521-9) Notebook	127900 Ft	15,6", 1366x768, 16:9	Intel Core i5, -3337U 1.80 / 2.70 Turbo GHz / 3MB Cache	4 GB, DDR3 1600MHz		500 GB, SATA-2	Intel GMA HD	2,4 kg, 376 mm x 259 mm x 25,4mm	3 év garancia	4 cella, 4000 mAh	DVD +/- RW, Dual Layer	Linux	10/100/1000, 802.11.b/g/n WLAN	2 USB 2.0, 2 USB 3.0, Bluetooth 4.0 (low energy), 3 in 1 kártyaolvasó, HDMI out	Camera 1.0 MPix HD				
Dell Inspiron 3537 (INSP3537-2) Notebook	127900 Ft	15,6", 1366x768, 16:9	Intel Core i5, -4200U 1,60GHz - 2,60GHz / 3MB cache	4 GB, DDR3 1600MHz		500 GB, SATA-2	AMD/ATI Radeon HD 8670M 1GB	2,4 kg, 259 mm x 259 mm x 24,9 mm / 31,3mm	3 év garancia	6 cella, 65Wh	DVD +/- RW, Dual Layer	Linux	10/100, 802.11.b/g/n WLAN	2 USB 2.0, 2 USB 3.0, Bluetooth 4.0 (low energy), 8 in 1 kártyaolvasó, HDMI out	Camera 1.0 MPix HD				
Lenovo ThinkPad EDGE E530c(NZY6ZHV) Notebook	128900 Ft	15,6", 1366x768, 16:9	Intel Core i3, -3110M / 2.4 GHz / 3MB Cache	4 GB, DDR3 1600MHz		500 GB, SATA-2	Intel GMA HD	2,5 kg, 377 x 245mm x 29.5-35.3mm	2 év garancia	6 cella, 5,5 óra átlagos üzemidő, 4400 mAh	DVD +/- RW, Dual Layer	FreeDos	10/100/1000, Intel WiFi Link 2x2 BGN	3 USB 3.0, 1 USB 2.0, Bluetooth 4.0 (low energy), 4 in 1 kártyaolvasó, DSUB, HDMI out	720p HD webkamera				
Samsung ATIV Tab 3 (XE300TZC-K02HU) Tablet	128900 Ft	10,1 képátló, 1366x768, 16:9	Intel Atom Z2760 1,8 Ghz /1MB Cache	2GB RAM	64GB		Intel GMA HD	550g	2 év (1 év az akkura és töltőre)	2 cellás, 2560mAh, 8 óra		Windows 8 64bit	802.11a/b/g/n, Bluetooth 4.0	Micro-HDMI kimenet, sztereo jack, Micro SD (max. 64 GB), USB 2.0	720p HD elöl, 2.0MP hátul	Töltő, USB adatkábel, Érintő toll	sztereó hangszóró, mikrofon	Fehér	
Dell Inspiron 3521 (INSP3521-28) Notebook	128900 Ft	15,6", 1366x768, 16:9	Intel Core i5, -3317U 1,7GHz /3M Cache/ up to 2.60 GHz	4 GB, DDR3 1600MHz		1 TB, SATA-2	AMD Radeon HD8730M 2GB DDR3	2,3Kg, 25.4mm / 376mm / 259mm	3 év garancia	6 cella, 65Wh	DVD +/- RW, Dual Layer	Linux	10/100, 802.11 n WLAN	2 USB 2.0, 2 USB 3.0, Bluetooth 4.0 (low energy), 8 in 1 kártyaolvasó, HDMI out	Camera 1.0 MPix HD	Waves MaxxAudio 4 hangrendszer			
Lenovo Ideapad G710 (59-390397) Notebook	128900 Ft	17,3", 1600*900, 16:9	Intel Core i3, -4000M 2,4GHz / 3MB Cache	8 GB, DDR3 1600MHz		1 TB HDD + 8GB SSD, SATA-2	Intel GMA HD Graphics 4600	2,9 kg, 418 mm x 278 mm x 36,8 mm	2 év garancia	6 cella, 5 óra átlagos üzemidő, 4800 mAh	DVD +/- RW, Super Multi	FreeDos	10/100, 802.11.b/g/n WLAN	2x USB 2.0 - 1x USB 3.0, Bluetooth 4.0 (low energy), 2 in 1 kártyaolvasó, DSUB, HDMI out	720p HD webkamera				
Toshiba Satellite C55-A-1P2 Notebook	129900 Ft	15,6" HD LED, 1366x768, 16:9	Intel Core i5, -4200M / 2,50GHz max. 3,10GHz / 3MB cache	4 GB, DDR3 1600MHz		1 TB, SATA-2	Intel GMA HD Graphics 4600	2,3Kg, 380 x 242 x 30,8 (elöl) / 33,35 (hátul) mm	2 év garancia	6 cella, 4,5 óra átlagos üzemidő	DVD +/- RW, Dual Layer	FreeDos	10/100, 802.11.b/g/n WLAN	2x USB 2.0 - 1x USB 3.0, Bluetooth 4.0 (low energy), Multi in 1kártyaolvasó, DSUB, HDMI out	Camera 1.0 MPix HD				
Lenovo Ideapad G500 (59-390489) Notebook	130900 Ft	15,6", 1366x768, 16:9	Intel Core i5, -3230M 2,60GHz max. 3,20GHz / 3MB cache	4 GB, DDR3 1600MHz		500 GB, SATA-2	AMD/ATI Radeon HD 8570M 2GB	2,6 kg, 377 mm x 250 mm x 34 mm	2 év garancia	6 cella, 5 óra átlagos üzemidő, 48Wh	DVD +/- RW, Super Multi	FreeDos	10/100, 802.11.b/g/n WLAN	2 USB 3.0, 1 USB 2.0, Bluetooth 4.0 (low energy), 2 in 1 kártyaolvasó, DSUB, HDMI out	720p HD webkamera				
Dell Inspiron 5537 (5537_157820) Notebook	130900 Ft	15,6", 1366x768, 16:9	Intel Core i3, -4010U 1,7GHz / 3MB Cache	4 GB, DDR3 1600MHz		500 GB, SATA-2	AMD/ATI Radeon HD 8670M 2GB	2,3Kg, 376 mm x 259 mm x elöl 24,9 mm/ hátul 31,3 mm	3 év garancia	6 cella, 65Wh	DVD +/- RW, Dual Layer	Linux	10/100, 802.11.b/g/n WLAN	2 USB 2.0, 2 USB 3.0, Bluetooth 4.0 (low energy), 8 in 1 kártyaolvasó, HDMI out	Camera 1.0 MPix HD	Waves MaxxAudio 4 hangrendszer			
Toshiba Satellite C55-A-10F Notebook	131900 Ft	15,6" HD LED, 1366x768, 16:9	Intel Core i5, -3230M 2,60GHz max. 3,20GHz / 3MB cache	4 GB, DDR3 1600MHz		750GB, SATA-2	Intel GMA HD Graphics 4000	2,3Kg, 380 x 242 x 30,8 (elöl) / 33,35 (hátul) mm	2 év garancia	6 cella, 3,5 óra átlagos üzemidő	DVD +/- RW, Dual Layer		10/100, 802.11.b/g/n WLAN	2x USB 2.0 - 1x USB 3.0, Bluetooth 4.0 (low energy), Multi in 1kártyaolvasó, DSUB, HDMI out	Camera 1.0 MPix HD				
Dell Inspiron 3537 (DI3537A2-4200-4GH75D6BK-11) Notebook	131900 Ft	15,6", 1366x768, 16:9	Intel Core i5, -4200U 1,60GHz - 2,60GHz / 3MB cache	4 GB, DDR3 1600MHz		750GB, SATA-2	AMD/ATI Radeon HD 8670M 2GB	2,4 kg, 259 mm x 259 mm x 24,9 mm / 31,3mm	3 év garancia	6 cella, 65Wh	DVD +/- RW, Dual Layer	Linux	10/100, 802.11.b/g/n WLAN	2 USB 2.0, 2 USB 3.0, Bluetooth 4.0 (low energy), 8 in 1 kártyaolvasó, HDMI out	Camera 1.0 MPix HD				
Dell Inspiron 5537 (5537_157819) Notebook	132900 Ft	15,6", 1366x768, 16:9	Intel Core i3, -4010U 1,7GHz / 3MB Cache	4 GB, DDR3 1600MHz		500 GB, SATA-2	AMD/ATI Radeon HD 8670M 2GB	2,3Kg, 376 mm x 259 mm x elöl 24,9 mm/ hátul 31,3 mm	3 év garancia	6 cella, 65Wh	DVD +/- RW, Dual Layer	Linux	10/100/1000, 802.11.b/g/n WLAN	2 USB 2.0, 2 USB 3.0, Bluetooth 4.0 (low energy), 8 in 1 kártyaolvasó, HDMI out	Camera 1.0 MPix HD	Waves MaxxAudio 4 hangrendszer			
Dell Inspiron 5537 (5537_157847) Notebook	132900 Ft	15,6", 1366x768, 16:9	Intel Core i3, -4010U 1,7GHz / 3MB Cache	4 GB, DDR3 1600MHz		500 GB, SATA-2	AMD/ATI Radeon HD 8670M 2GB	2,3Kg, 376 mm x 259 mm x elöl 24,9 mm/ hátul 31,3 mm	3 év garancia	6 cella, 65Wh	DVD +/- RW, Dual Layer	Linux	10/100/1000, 802.11.b/g/n WLAN	2 USB 2.0, 2 USB 3.0, Bluetooth 4.0 (low energy), 8 in 1 kártyaolvasó, HDMI out	Camera 1.0 MPix HD	Waves MaxxAudio 4 hangrendszer			
Toshiba Satellite C55-A-1NU Notebook	132900 Ft	15,6" HD LED, 1366x768, 16:9	Intel Core i5, -4200M / 2,50GHz max. 3,10GHz / 3MB cache	4 GB, DDR3 1600MHz		750GB, SATA-2	Nvidia GeForce 710M 2GB gDDR3	2,3Kg, 380 x 242 x 30,8 (elöl) / 33,35 (hátul) mm	2 év garancia	6 cella, 4,5 óra átlagos üzemidő	DVD +/- RW, Dual Layer		10/100, 802.11.b/g/n WLAN	2x USB 2.0 - 1x USB 3.0, Bluetooth 4.0 (low energy), Multi in 1kártyaolvasó, DSUB, HDMI out	Camera 1.0 MPix HD				
Dell Inspiron 5537 (5537_157857) Notebook	132900 Ft	15,6", 1366x768, 16:9	Intel Core i3, -4010U 1,7GHz / 3MB Cache	4 GB, DDR3 1600MHz		500 GB, SATA-2	AMD/ATI Radeon HD 8670M 2GB	2,3Kg, 376 mm x 259 mm x elöl 24,9 mm/ hátul 31,3 mm	3 év garancia	6 cella, 65Wh	DVD +/- RW, Dual Layer	Linux	10/100/1000, 802.11.b/g/n WLAN	2 USB 2.0, 2 USB 3.0, Bluetooth 4.0 (low energy), 8 in 1 kártyaolvasó, HDMI out	Camera 1.0 MPix HD	Waves MaxxAudio 4 hangrendszer			
Toshiba Satellite C55-A-1F5 Notebook	133900 Ft	15,6" HD LED, 1366x768, 16:9	Intel Core i3, -3110M / 2.4 GHz / 3MB Cache	4 GB, DDR3 1600MHz		750GB, SATA-2	Nvidia Geforce 710M 1GB DDR3	2,3Kg, 380 x 242 x 30,8 (elöl) / 33,35 (hátul) mm	2 év garancia	6 cella, 4 óra átlagos üzemidő	DVD +/- RW, Dual Layer	Windows 8.1 64bit	10/100, 802.11.b/g/n WLAN	2x USB 2.0 - 1x USB 3.0, Bluetooth 4.0 (low energy), Multi in 1kártyaolvasó, DSUB, HDMI out	Camera 1.0 MPix HD				
Samsung Ativ Book 4 NP450R5E-X03HU Notebook	134900 Ft	15,6", 1366x768, 16:9	Intel Core i3, -3120M /2.50 GHz/3MB Cache	4 GB, DDR3 1600MHz		500 GB, SATA-2	Nvidia GeForce 710M 2GB gDDR3	2 kg, 376.0 x 248.0 x 22.9mm	2 év garancia	3 cella, 4300 mAh	DVD +/- RW, Super Multi	Windows 8 64 bit	10/100/1000, 802.11.b/g/n WLAN	2x USB 2.0 - 1x USB 3.0, Bluetooth 4.0 (low energy), 3 in 1 kártyaolvasó, DSUB, HDMI out	720p HD webkamera				
Dell Vostro 2521 (V2521-6) Notebook	134900 Ft	15,6", 1366x768, 16:9	Intel Core i5, -3337U 1.80 / 2.70 Turbo GHz / 3MB Cache	4 GB, DDR3 1600MHz		750GB, SATA-2	AMD Radeon HD 7670 / 1GB	2,4 kg, 376 mm x 259 mm x 25,4mm	3 év garancia	6 cella, 65 Wh	DVD +/- RW, Dual Layer	Linux	10/100/1000, 802.11.b/g/n WLAN	2 USB 2.0, 2 USB 3.0, Bluetooth 4.0 (low energy), 3 in 1 kártyaolvasó, HDMI out	Camera 1.0 MPix HD				
Dell Vostro 2521 (V2521-7) Notebook	134900 Ft	15,6", 1366x768, 16:9	Intel Core i3, -3227U 1.90 GHz / 3MB Cache	4 GB, DDR3 1600MHz		750GB, SATA-2	Intel Graphics 3000 HD	2,4 kg, 376 mm x 259 mm x 25,4mm	3 év garancia	6 cella, 56WHr	DVD +/- RW, Dual Layer	Linux	10/100/1000, 802.11.b/g/n WLAN	2 USB 2.0, 2 USB 3.0, Bluetooth 4.0 (low energy), 3 in 1 kártyaolvasó, HDMI out	Camera 1.0 MPix HD				
Dell Inspiron 3521 (3521_159203) Notebook	134900 Ft	15,6", 1366x768, 16:9	Intel Core i5, -3337U 1.80 / 2.70 Turbo GHz / 3MB Cache	6 GB, DDR3 1600MHz		1 TB, SATA-2	AMD Radeon HD8730M 2GB DDR3	2,3Kg, 25.4mm / 376mm / 259mm	3 év garancia	6 cella, 65Wh	DVD +/- RW, Dual Layer	Linux	10/100, 802.11 n WLAN	2 USB 2.0, 2 USB 3.0, Bluetooth 4.0 (low energy), 8 in 1 kártyaolvasó, HDMI out	Camera 1.0 MPix HD	Waves MaxxAudio 4 hangrendszer			
Dell Inspiron 3537 (INSP3537-4) Notebook	134900 Ft	15,6", 1366x768, 16:9	Intel Core i5, -4200U 1,60GHz - 2,60GHz / 3MB cache	4 GB, DDR3 1600MHz		750GB, SATA-2	AMD/ATI Radeon HD 8670M 2GB	2,4 kg, 259 mm x 259 mm x 24,9 mm / 31,3mm	3 év garancia	6 cella, 65Wh	DVD +/- RW, Dual Layer	Linux	10/100, 802.11.b/g/n WLAN	2 USB 2.0, 2 USB 3.0, Bluetooth 4.0 (low energy), 8 in 1 kártyaolvasó, HDMI out	Camera 1.0 MPix HD				
Samsung Ativ Book 4 NP450R5G-X01HU Notebook	135900 Ft	15,6", 1366x768, 16:9	Intel Core i3, -3120M /2.50 GHz/3MB Cache	4 GB, DDR3 1600MHz		500 GB, SATA-2	Nvidia GeForce 710M 2GB gDDR3	2 kg, 376.0 x 248.0 x 22.9mm	2 év garancia	3 cella, 4300 mAh		Windows 8	10/100/1000, 802.11.b/g/n WLAN	2x USB 2.0 - 1x USB 3.0, Bluetooth 4.0 (low energy), 3 in 1 kártyaolvasó, DSUB, HDMI out	720p HD webkamera				
Toshiba Satellite C55-A-132 Notebook	136900 Ft	15,6" HD LED, 1366x768, 16:9	Intel Core i5, -3230M 2,60GHz max. 3,20GHz / 3MB cache	4 GB, DDR3 1600MHz		750GB, SATA-2	Nvidia Geforce 710M 1GB DDR3	2,3Kg, 380 x 242 x 30,8 (elöl) / 33,35 (hátul) mm	2 év garancia	6 cella, 3,5 óra átlagos üzemidő	DVD +/- RW, Dual Layer		10/100, 802.11.b/g/n WLAN	2x USB 2.0 - 1x USB 3.0, Bluetooth 4.0 (low energy), Multi in 1kártyaolvasó, DSUB, HDMI out	Camera 1.0 MPix HD				
Dell Inspiron 3537 (3537_157848) Notebook	136900 Ft	15,6", 1366x768, 16:9	Intel Core i5, -4200U 1,60GHz - 2,60GHz / 3MB cache	4 GB, DDR3 1600MHz		750GB, SATA-2	AMD/ATI Radeon HD 8670M 2GB	2,4 kg, 259 mm x 259 mm x 24,9 mm / 31,3mm	3 év garancia	6 cella, 65Wh	DVD +/- RW, Dual Layer	Linux	10/100, 802.11.b/g/n WLAN	2 USB 2.0, 2 USB 3.0, Bluetooth 4.0 (low energy), 8 in 1 kártyaolvasó, HDMI out	Camera 1.0 MPix HD				
Samsung Ativ Book 2 NP270E5E-X05HU Notebook	137900 Ft	15,6", 1366x768, 16:9	Intel Core i3, -3120M /2.50 GHz/3MB Cache	4 GB, DDR3 1600MHz		500 GB, SATA-2	Nvidia Geforce 710M 1GB DDR3	2,2 kg, 376.0 x 248.0 x 25.2 ~ 31.8mm	2 év garancia	6 cella, 4800 mAh	DVD +/- RW, Super Multi	Windows 8 64 bit	10/100, 802.11.b/g/n WLAN	3USB 2.0, Bluetooth 4.0 (low energy), 3 in 1 kártyaolvasó, DSUB, HDMI out	720p HD webkamera				
Dell Vostro 2521 (DV2521A-3337-4GH75D6BK-11) Notebook	137900 Ft	15,6", 1366x768, 16:9	Intel Core i5, -3337U 1.80 / 2.70 Turbo GHz / 3MB Cache	4 GB, DDR3 1600MHz		750GB, SATA-2	AMD Radeon HD 7670 / 1GB	2,4 kg, 376 mm x 259 mm x 25,4mm	3 év garancia	6 cella, 48Wh	DVD +/- RW, Dual Layer	Linux	10/100/1000, 802.11.b/g/n WLAN	2 USB 2.0, 2 USB 3.0, Bluetooth 4.0 (low energy), 3 in 1 kártyaolvasó, HDMI out	Camera 1.0 MPix HD				
Dell Vostro 5470 (DV5470I-4010-4GH50D3RD-11) Notebook	138900 Ft	14,1'', 1366x768, 16:9	Intel Core i3, -4010U 1,7GHz / 3MB Cache	4 GB, DDR3 1600MHz		500 GB, SATA-2	INTEL GMA HD Graphics 4400	1,6 kg, 19,35 mm x 233,5 mm x 337,6 mm	3 év garancia	3 cella, 48,6 ~ 51,2 Wh		Linux	10/100/1000, 802.11 n WLAN	3 db USB 3.0, Bluetooth 4.0 (low energy), 2 in 1 kártyaolvasó, HDMI out	720p HD webkamera				
Dell Vostro 5470 (V5470-2) Notebook	139900 Ft	14,1'', 1366x768, 16:9	Intel Core i3, -4010U 1,7GHz / 3MB Cache	4 GB, DDR3 1600MHz		500 GB, SATA-2	INTEL GMA HD Graphics 4400	1,6 kg, 19,35 mm x 233,5 mm x 337,6 mm	3 év garancia	3 cella, 48,6 ~ 51,2 Wh		Linux	10/100, Intel Dual Brand Wireless-N 7260 2x2 bgn	3 db USB 3.0, Bluetooth 4.0 (low energy), 2 in 1 kártyaolvasó, HDMI out	720p HD webkamera				
Fujitsu Lifebook A532-M3 (VFY:A5320M55A5HU) Notebook	140900 Ft	15,6", 1366x768, 16:9	Intel Core i5, -3210M / 2.5 GHz / 3M Cache	4 GB, DDR3 1600MHz		500 GB, SATA-2	Intel GMA HD	2,4 kg, 378 x 252 x 34.2 mm	2 év garancia	6 cella, 6 óra átlagos üzemidő, 4400 mAh	DVD +/- RW, Super Multi		10/100/1000, 802.11.b/g/n WLAN	3 USB 3.0, 1 USB 2.0, Bluetooth 4.0 (low energy), 4 in 1 kártyaolvasó, DSUB, express card 34 mm, HDMI out	HD Webkamera				
Dell Vostro 2521 (V2521_157824) Notebook	140900 Ft	15,6", 1366x768, 16:9	Intel Core i5, -3337U 1.80 / 2.70 Turbo GHz / 3MB Cache	4 GB, DDR3 1600MHz		750GB, SATA-2	AMD Radeon HD 7670 / 1GB	2,4 kg, 376 mm x 259 mm x 25,4mm	3 év garancia	6 cella, 48Wh	DVD +/- RW, Dual Layer	Linux	10/100/1000, 802.11.b/g/n WLAN	2 USB 2.0, 2 USB 3.0, Bluetooth 4.0 (low energy), 3 in 1 kártyaolvasó, HDMI out	Camera 1.0 MPix HD				
Dell Vostro 5470 (DV5470I-4010-4GH50D3GS-11) Notebook	140900 Ft	14,1'', 1366x768, 16:9	Intel Core i3, -4010U 1,7GHz / 3MB Cache	4 GB, DDR3 1600MHz		500 GB, SATA-2	INTEL GMA HD Graphics 4400	1,6 kg, 19,35 mm x 233,5 mm x 337,6 mm	3 év garancia	3 cella, 48,6 ~ 51,2 Wh		Linux	10/100, Intel Dual Brand Wireless-N 7260 2x2 bgn	3 db USB 3.0, Bluetooth 4.0 (low energy), 2 in 1 kártyaolvasó, HDMI out	720p HD webkamera				
Lenovo IdeaPad S500(59-391104) Notebook	140900 Ft	15,6", 1366x768, 16:9	Intel Core i3, -3217U / 1.8GHz / 3MB Cache	4 GB, DDR3 1600MHz		500 GB, SATA-2	Intel GMA HD Graphics 4000	2,3Kg	2 év garancia	4 cella, 5 óra átlagos üzemidő, 3200 mAh	DVD +/- RW, Super Multi	Windows 8	10/100, 802.11.b/g/n WLAN	2 USB 3.0, 1 USB 2.0, Bluetooth 4.0 (low energy), 2 in 1 kártyaolvasó, HDMI out	720p HD webkamera	Érintőképernyő			
Dell Inspiron 3537 (DI3537A2-4200-6GH1TD6BK-11) Notebook	141900 Ft	15,6", 1366x768, 16:9	Intel Core i5, -4200U 1,60GHz - 2,60GHz / 3MB cache	6 GB, DDR3 1600MHz		1 TB, SATA-2	AMD/ATI Radeon HD 8670M 2GB	2,4 kg, 259 mm x 259 mm x 24,9 mm / 31,3mm	3 év garancia	6 cella, 65Wh	DVD +/- RW, Dual Layer	Linux	10/100, 802.11.b/g/n WLAN	2 USB 2.0, 2 USB 3.0, Bluetooth 4.0 (low energy), 8 in 1 kártyaolvasó, HDMI out	Camera 1.0 MPix HD				
Dell Latitude E5430 (L115430101E-11) Notebook	141900 Ft	14,1'', 1366x768, 16:9	Intel Core i3, -3110M / 2.4 GHz / 3MB Cache	4 GB, DDR3 1600MHz		500 GB/7200rpm, SATA-2	Intel GMA HD Graphics 4000	2 kg, 350 mm x 240mm x 29,90–32,5 mm	3 év garancia	6 cella, 6000 mAh	DVD +/- RW, Dual Layer	Linux	10/100/1000, Intel Centrino Advanced-N 6205	2 USB 2.0, 2 USB 3.0, Bluetooth 4.0 (low energy), 3 in 1 kártyaolvasó, DSUB, Ujjlenyomat olvasó, Dokkolható, ExpressCard, HDMI out	HD Webkamera	eSATA			
Samsung Ativ Book 4 NP450R5E-X02HU Notebook	142900 Ft	15,6", 1366x768, 16:9	Intel Core i3, -3120M /2.50 GHz/3MB Cache	4 GB, DDR3 1600MHz		500 GB, SATA-2	Nvidia GeForce 710M 2GB gDDR3	2 kg, 376.0 x 248.0 x 22.9mm	2 év garancia	3 cella, 4300 mAh	DVD +/- RW, Super Multi	Windows 8 64 bit	10/100/1000, 802.11.b/g/n WLAN	2x USB 2.0 - 1x USB 3.0, Bluetooth 4.0 (low energy), 3 in 1 kártyaolvasó, DSUB, HDMI out	720p HD webkamera				
Dell Inspiron 3537 (3537_157854) Notebook	143900 Ft	15,6", 1366x768, 16:9	Intel Core i5, -4200U 1,60GHz - 2,60GHz / 3MB cache	6 GB, DDR3 1600MHz		1 TB, SATA-2	AMD/ATI Radeon HD 8670M 2GB	2,4 kg, 259 mm x 259 mm x 24,9 mm / 31,3mm	3 év garancia	6 cella, 65Wh	DVD +/- RW, Dual Layer	Linux	10/100, 802.11.b/g/n WLAN	2 USB 2.0, 2 USB 3.0, Bluetooth 4.0 (low energy), 8 in 1 kártyaolvasó, HDMI out	Camera 1.0 MPix HD				
Toshiba Satellite C55-A-134 Notebook	145900 Ft	15,6" HD LED, 1366x768, 16:9	Intel Core i5, -3230M 2,60GHz max. 3,20GHz / 3MB cache	6 GB, DDR3 1600MHz		750GB, SATA-2	Nvidia GeForce 710M 2GB gDDR3	2,3Kg, 380 x 242 x 30,8 (elöl) / 33,35 (hátul) mm	2 év garancia	6 cella, 3,5 óra átlagos üzemidő	DVD +/- RW, Dual Layer		10/100, 802.11.b/g/n WLAN	2x USB 2.0 - 1x USB 3.0, Bluetooth 4.0 (low energy), Multi in 1kártyaolvasó, DSUB, HDMI out	Camera 1.0 MPix HD				
Lenovo Ideapad G500s (59-390163) Notebook	145900 Ft	15,6", 1366x768, 16:9	Intel Core i5, -3230M 2,60GHz max. 3,20GHz / 3MB cache	4 GB, DDR3 1600MHz		1 TB HDD + 8GB SSD, SATA-2	Nvidia GeForce GT 720M 2GB DDR3	2,7 kg, 380mm x 260mm x 26.9mm	2 év garancia	4 cella, 4 óra átlagos üzemidő, 41Wh	DVD +/- RW, Super Multi	FreeDos	10/100, 802.11.b/g/n WLAN	2 USB 3.0, 1 USB 2.0, Bluetooth 4.0 (low energy), 2 in 1 kártyaolvasó, DSUB, HDMI out	720p HD webkamera				
Toshiba Satellite U940-11F Notebook	147900 Ft	14,1'', 1366x768, 16:9	Intel Core i3, -3227U 1.90 GHz / 3MB Cache	4 GB, DDR3 1600MHz		500 GB, SATA-2	Intel Graphics 3000 HD	1,7 kg, 339,6 x 238,3 x 20,7 mm	2 év garancia	6 cella, 4,5 óra átlagos üzemidő	DVD +/- RW, Dual Layer	Windows 8 64 bit	10/100, 802.11.b/g/n WLAN	2 USB 3.0, 1 USB 2.0, Bluetooth 4.0 (low energy), Multi in 1kártyaolvasó, HDMI out	Camera 1.0 MPix HD				
Lenovo Ideapad S510p (59-390208) Notebook	148900 Ft	15,6", 1366x768, 16:9	Intel Core i5, -4200U 1,60GHz - 2,60GHz / 3MB cache	6 GB, DDR3 1600MHz		1 TB HDD + 8GB SSD, SATA-2	Nvidia GeForce GT 720M 2GB DDR3	2,6 kg, 380 x 259 x 24,9 mm	2 év garancia	4 cella	DVD +/- RW, Super Multi	FreeDos	10/100, 802.11.b/g/n WLAN	2 USB 3.0, 1 USB 2.0, Bluetooth 4.0 (low energy), 2 in 1 kártyaolvasó, HDMI out	720p HD webkamera				
Dell Vostro 5470 (DV5470N2-4010-4GH50D3GS-11) Notebook	148900 Ft	14,1'', 1366x768, 16:9	Intel Core i3, -4010U 1,7GHz / 3MB Cache	4 GB, DDR3 1600MHz		500 GB, SATA-2	NVIDIA GeForce GT 740M / 2GB	1,6 kg, 19,35 mm x 233,5 mm x 337,6 mm	3 év garancia	3 cella, 48,6 ~ 51,2 Wh		Linux	10/100, 802.11 n WLAN	3 db USB 3.0, Bluetooth 4.0 (low energy), 2 in 1 kártyaolvasó, HDMI out	720p HD webkamera				
Dell Vostro 5470 (DV5470N2-4010-4GH50D3RD-11) Notebook	148900 Ft	14,1'', 1366x768, 16:9	Intel Core i3, -4010U 1,7GHz / 3MB Cache	4 GB, DDR3 1600MHz		500 GB, SATA-2	NVIDIA GeForce GT 740M / 2GB	1,6 kg, 19,35 mm x 233,5 mm x 337,6 mm	3 év garancia	3 cella, 48,6 ~ 51,2 Wh		Linux	10/100, 802.11 n WLAN	3 db USB 3.0, Bluetooth 4.0 (low energy), 2 in 1 kártyaolvasó, HDMI out	720p HD webkamera				
Toshiba Satellite U840-113 Notebook	151900 Ft	14.0", 1366x768, 16:9	Intel Core i3, -2377M 1,5 GHz, 3 MB Cache	4 GB, DDR3 1600MHz		500 GB, SATA-2	Intel GMA HD	1,6 kg, 342,0 x 232,0 x 19,9 mm	2 év garancia	6 cella, 7,5 óra átlagos üzemidő	DVD +/- RW, Dual Layer	Windows 7 Home Premium Magyar 64bit	10/100, 802.11.b/g/n WLAN	2x USB 2.0 - 1x USB 3.0, Bluetooth 4.0 (low energy), Multi in 1kártyaolvasó, HDMI out	Camera 1.3MPix				
Samsung ATIV Smart XE500T1C-K01HU Tablet	152900 Ft	11,6" képátló, 1366x768, 16:9	Intel Atom Z2760 1.80GHz / 1MB Cache / DualCore	2GB RAM	64GB		Intel SGX545 Graphics Media Accelerator	744g	2 év (1 év az akkura és töltőre)	4 cella, 3100mAh		Windows 8 32bit Magyar, Angol	802.11a/b/g/n, Bluetooth 4.0	mini HDMI 1.3, 3.5-mm minijack, Micro SD, USB 2.0	elöl 2MP , hátul 8MP	sPen	sztereó hangszóró, mikrofon	Fehér	
Toshiba Satellite C55-A-1NK Notebook	152900 Ft	15,6" HD LED, 1366x768, 16:9	Intel Core i5, -4200M / 2,50GHz max. 3,10GHz / 3MB cache	4 GB, DDR3 1600MHz		750GB, SATA-2	Nvidia Geforce 710M 1GB DDR3	2,3Kg, 380 x 242 x 30,8 (elöl) / 33,35 (hátul) mm	2 év garancia	6 cella, 4,5 óra átlagos üzemidő	DVD +/- RW, Dual Layer	Windows 8.1 64bit	10/100, 802.11.b/g/n WLAN	2x USB 2.0 - 1x USB 3.0, Bluetooth 4.0 (low energy), Multi in 1kártyaolvasó, DSUB, HDMI out	Camera 1.0 MPix HD				
Dell Vostro 3360 (V3360-27) Notebook	153900 Ft	13,3", 1366x768, 16:9	Intel Core i3, -3227U 1.90 GHz / 3MB Cache	4 GB, DDR3 1600MHz		320 GB/7200rpm, SATA-2	Intel GMA HD Graphics 4000	1,7 kg, 18,6(elöl)/19,2(hátul) x 332 x 232,5 mm	3 év garancia	4 cella, 49Wh		Linux	10/100/1000, lntel WiFi 2230 802.11a/g/n	3 db USB 3.0, Bluetooth 4.0 (low energy), 8 in 1 kártyaolvasó, DSUB, HDMI out	720p HD webkamera				
Dell Vostro 3360 (V3360-28) Notebook	153900 Ft	13,3", 1366x768, 16:9	Intel Core i3, -3227U 1.90 GHz / 3MB Cache	4 GB, DDR3 1600MHz		320 GB/7200rpm, SATA-2	Intel GMA HD Graphics 4000	1,7 kg, 18,6(elöl)/19,2(hátul) x 332 x 232,5 mm	3 év garancia	4 cella, 49Wh		Linux	10/100/1000, lntel WiFi 2230 802.11a/g/n	3 db USB 3.0, Bluetooth 4.0 (low energy), 8 in 1 kártyaolvasó, DSUB, HDMI out	720p HD webkamera				
Samsung ATIV Book 9 Lite NP905S3G-K01HU Notebook	153900 Ft	13,3", 1366x768, 16:9	Quad-Core 1.4GHz	4 GB, DDR3 1066MHz		128GB SSD, SSD	AMD/ATI Radeon HD 8250	1,4 kg, 324 x 224 x 16.9mm	2 év garancia	2 cella, 6 óra átlagos üzemidő, 3000 mAh		Windows 8 64 bit	10/100/1000, 802.11.b/g/n WLAN	1 x USB 3.0 + 1 x USB 2.0, Bluetooth 4.0 (low energy), 3 in 1 kártyaolvasó, DSUB, micro HDMI	720p HD webkamera	Érintőképernyő			
Dell Vostro 3360 (DV3360I-3227-4GH32D4SI-11) Notebook	154900 Ft	13,3", 1366x768, 16:9	Intel Core i3, -3227U 1.90 GHz / 3MB Cache	4 GB, DDR3 1600MHz		320 GB/7200rpm, SATA-2	Intel GMA HD Graphics 4000	1,7 kg, 18,6(elöl)/19,2(hátul) x 332 x 232,5 mm	3 év garancia	4 cella, 49Wh		Linux	10/100/1000, lntel WiFi 2230 802.11a/g/n	3 db USB 3.0, Bluetooth 4.0 (low energy), 8 in 1 kártyaolvasó, DSUB, Ujjlenyomat olvasó, HDMI out	720p HD webkamera				
Dell Vostro 3360 (DV3360I-3227-4GH32D4BR-11) Notebook	154900 Ft	13,3", 1366x768, 16:9	Intel Core i3, -3227U 1.90 GHz / 3MB Cache	4 GB, DDR3 1333MHz		320 GB/7200rpm, SATA-2	Intel GMA HD Graphics 4000	1,7 kg, 18,6(elöl)/19,2(hátul) x 332 x 232,5 mm	3 év garancia	4 cella, 49Wh		Linux	10/100/1000, lntel WiFi 2230 802.11a/g/n	3 db USB 3.0, Bluetooth 4.0 (low energy), 8 in 1 kártyaolvasó, DSUB, HDMI out	720p HD webkamera				
Toshiba Satellite C55-A-10Q Notebook	155900 Ft	15,6" HD LED, 1366x768, 16:9	Intel Core i5, -3230M 2,60GHz max. 3,20GHz / 3MB cache	4 GB, DDR3 1600MHz		750GB, SATA-2	Nvidia Geforce 710M 1GB DDR3	2,3Kg, 380 x 242 x 30,8 (elöl) / 33,35 (hátul) mm	2 év garancia	6 cella, 3,5 óra átlagos üzemidő	DVD +/- RW, Dual Layer		10/100, 802.11.b/g/n WLAN	2x USB 2.0 - 1x USB 3.0, Bluetooth 4.0 (low energy), Multi in 1kártyaolvasó, DSUB, HDMI out	Camera 1.0 MPix HD				
Lenovo Ideapad G710 (59-390399) Notebook	155900 Ft	17,3", 1600*900, 16:9	Intel Core i5, -4200M / 2,50GHz max. 3,10GHz / 3MB cache	4 GB, DDR3 1600MHz		1 TB HDD + 8GB SSD, SATA-2	Nvidia GeForce GT 720M 2GB DDR3	2,9 kg, 418 mm x 278 mm x 36,8 mm	2 év garancia	6 cella, 5 óra átlagos üzemidő, 4800 mAh	DVD +/- RW, Super Multi	FreeDos	10/100, 802.11.b/g/n WLAN	1 x USB 3.0 + 1 x USB 2.0, Bluetooth 4.0 (low energy), 2 in 1 kártyaolvasó, DSUB, HDMI out	720p HD webkamera				
Samsung NP530U3C-K01HU Notebook	156900 Ft	13,3", 1366x768, 16:9	Intel Core i3, -3227U 1.90 GHz / 3MB Cache	4 GB, DDR3 1333MHz		500 GB, SATA-2	Intel GMA HD Graphics 4000	1,5 kg, 315,1x17,6x218,9mm	2 év garancia	4 cella, 7 óra átlagos üzemidő, 4500Whr		Windows 8 64 bit	10/100/1000, 802.11.b/g/n WLAN	2 USB 3.0, 1 USB 2.0, Bluetooth 4.0 (low energy), 4 in 1 kártyaolvasó, DSUB, HDMI out	Camera 1.3MPix				
Toshiba Satellite C55-A-135 Notebook	156900 Ft	15,6" HD LED, 1366x768, 16:9	Intel Core i5, -3230M 2,60GHz max. 3,20GHz / 3MB cache	4 GB, DDR3 1600MHz		500 GB, SATA-2	Nvidia GeForce 710M 2GB gDDR3	2,3Kg, 380 x 242 x 30,8 (elöl) / 33,35 (hátul) mm	2 év garancia	6 cella, 3,5 óra átlagos üzemidő	DVD +/- RW, Dual Layer	Windows 8 64 bit	10/100, 802.11.b/g/n WLAN	2x USB 2.0 - 1x USB 3.0, Bluetooth 4.0 (low energy), Multi in 1kártyaolvasó, DSUB, HDMI out	Camera 1.0 MPix HD				
Dell Inspiron 5537 (DI5537A2-4200-8GH1TD6MS-11) Notebook	156900 Ft	15,6", 1366x768, 16:9	Intel Core i5, -4200U 1,60GHz - 2,60GHz / 3MB cache	8 GB, DDR3 1600MHz		1 TB, SATA-2	AMD/ATI Radeon HD 8850M 2GB	2,3Kg, 376 mm x 259 mm x elöl 24,9 mm/ hátul 31,3 mm	3 év garancia	6 cella, 65Wh	DVD +/- RW, Dual Layer	Linux	10/100, 802.11.b/g/n WLAN	2 USB 2.0, 2 USB 3.0, Bluetooth 4.0 (low energy), 8 in 1 kártyaolvasó, HDMI out	Camera 1.0 MPix HD	Waves MaxxAudio 4 hangrendszer			
Samsung NP400B2B-A01HU Notebook	157900 Ft	12,5", 1366x768, 16:9	Intel Core i5, -2450M (2.5GHz / 3.1 Turbo GHz / DMI 5GT/s / 3MB L2 Cache)	4 GB, DDR3 1333MHz		500 GB, SATA-2	Intel GMA HD	1,7 kg, 302.1 x 223.7 x 28.3 ~ 32.2mm	2 év garancia	6 cella, 48Wh		Windows 7 Professional 64 bit	10/100/1000, 802.11.b/g/n WLAN	2x USB 2.0 - 1x USB 3.0, Bluetooth 3.0 High Speed , 4 in 1 kártyaolvasó, DSUB, Ujjlenyomat olvasó, Dokkolható, ExpressCard, HDMI out	Camera 1.3MPix	eSATA			
Dell Latitude E5530 (L095530101E-11) Notebook	158900 Ft	15,6" HD LED, 1366x768, 16:9	Intel Core i3, -3110M / 2.4 GHz / 3MB Cache	4 GB, DDR3 1600MHz		500 GB/7200rpm, SATA-2	Intel GMA HD Graphics 4000	2,4 kg, 388 mm x 251 mm x 30,2 mm elöl / 33,2 mm hátul	3 év garancia	6 cella, 6000 mAh	DVD +/- RW, Dual Layer	Linux	10/100/1000, Intel Centrino Advanced-N 6205	2 USB 3.0, 1 USB 2.0, Bluetooth 4.0 (low energy), 3 in 1 kártyaolvasó, DVI, Ujjlenyomat olvasó, Dokkolható, ExpressCard, HDMI out	HD Webkamera	eSATA			
Dell Inspiron 5537 (DI5537A2-4200-8GH1TD6PK-11) Notebook	158900 Ft	15,6", 1366x768, 16:9	Intel Core i5, -4200U 1,60GHz - 2,60GHz / 3MB cache	8 GB, DDR3 1600MHz		1 TB, SATA-2	AMD/ATI Radeon HD 8850M 2GB	2,3Kg, 376 mm x 259 mm x elöl 24,9 mm/ hátul 31,3 mm	3 év garancia	6 cella, 65Wh	DVD +/- RW, Dual Layer	Linux	10/100, 802.11.b/g/n WLAN	2 USB 2.0, 2 USB 3.0, Bluetooth 4.0 (low energy), 8 in 1 kártyaolvasó, HDMI out	Camera 1.0 MPix HD	Waves MaxxAudio 4 hangrendszer			
Dell Inspiron 5537 (DI5537A2-4200-8GH1TD6PR-11) Notebook	158900 Ft	15,6", 1366x768, 16:9	Intel Core i5, -4200U 1,60GHz - 2,60GHz / 3MB cache	8 GB, DDR3 1600MHz		1 TB, SATA-2	AMD/ATI Radeon HD 8850M 2GB	2,3Kg, 376 mm x 259 mm x elöl 24,9 mm/ hátul 31,3 mm	3 év garancia	6 cella, 65Wh	DVD +/- RW, Dual Layer	Linux	10/100, 802.11.b/g/n WLAN	2 USB 2.0, 2 USB 3.0, Bluetooth 4.0 (low energy), 8 in 1 kártyaolvasó, HDMI out	Camera 1.0 MPix HD	Waves MaxxAudio 4 hangrendszer			
Dell Inspiron 5537 (DI5537A2-4200-8GH1TD6RD-11) Notebook	158900 Ft	15,6", 1366x768, 16:9	Intel Core i5, -4200U 1,60GHz - 2,60GHz / 3MB cache	8 GB, DDR3 1600MHz		1 TB, SATA-2	AMD/ATI Radeon HD 8850M 2GB	2,3Kg, 376 mm x 259 mm x elöl 24,9 mm/ hátul 31,3 mm	3 év garancia	6 cella, 65Wh	DVD +/- RW, Dual Layer	Linux	10/100, 802.11.b/g/n WLAN	2 USB 2.0, 2 USB 3.0, Bluetooth 4.0 (low energy), 8 in 1 kártyaolvasó, HDMI out	Camera 1.0 MPix HD	Waves MaxxAudio 4 hangrendszer			
Dell Inspiron 5537 (DI5537A2-4200-8GH1TD6BL-11) Notebook	158900 Ft	15,6", 1366x768, 16:9	Intel Core i5, -4200U 1,60GHz - 2,60GHz / 3MB cache	8 GB, DDR3 1600MHz		1 TB, SATA-2	AMD/ATI Radeon HD 8850M 2GB	2,3Kg, 376 mm x 259 mm x elöl 24,9 mm/ hátul 31,3 mm	3 év garancia	6 cella, 65Wh	DVD +/- RW, Dual Layer	Linux	10/100, 802.11.b/g/n WLAN	2 USB 2.0, 2 USB 3.0, Bluetooth 4.0 (low energy), 8 in 1 kártyaolvasó, HDMI out	Camera 1.0 MPix HD	Waves MaxxAudio 4 hangrendszer			
Dell Inspiron 5737 (5737_157758) Notebook	159900 Ft	17,3", 1600*900, 16:9	Intel Core i5, -4200U 1,60GHz - 2,60GHz / 3MB cache	4 GB, DDR3 1600MHz		500 GB, SATA-2	AMD/ATI Radeon HD 8870M 2GB GDDR5	2,6 kg, 412 x 270 x 28,34 x 35,6 mm	3 év garancia	6 cella, 65Wh	DVD +/- RW, Dual Layer	Linux	10/100, 802.11.b/g/n WLAN	2 USB 2.0, 2 USB 3.0, Bluetooth 4.0 (low energy), 8 in 1 kártyaolvasó, HDMI out	Camera 1.0 MPix HD				
Dell Inspiron 5737 (5737_157759) Notebook	159900 Ft	17,3", 1600*900, 16:9	Intel Core i5, -4200U 1,60GHz - 2,60GHz / 3MB cache	4 GB, DDR3 1600MHz		500 GB, SATA-2	AMD/ATI Radeon HD 8870M 2GB GDDR5	2,4 kg, 412 x 270 x 28,34 x 35,6 mm	3 év garancia	6 cella, 65Wh	DVD +/- RW, Dual Layer	Linux	10/100, 802.11.b/g/n WLAN	2 USB 2.0, 2 USB 3.0, Bluetooth 4.0 (low energy), 8 in 1 kártyaolvasó, HDMI out	Camera 1.0 MPix HD				
Lenovo Ideapad U430p (59-390461) Notebook	159900 Ft	14,1'', 1366x768, 16:9	Intel Core i3, -4010U 1,7GHz / 3MB Cache	4 GB, DDR3 1600MHz		500 GB, SATA-2	NVIDIA GeForce GT 730M 2GB	1,7 kg, 33.6*23.3*0.48-1.9cm	2 év garancia	4 cella, 10 óra átlagos üzemidő, 5200mAh		Windows 8 64 bit	10/100/1000, 802.11.b/g/n WLAN	2x USB 2.0 - 1x USB 3.0, Bluetooth 4.0 (low energy), 2 in 1 kártyaolvasó, HDMI out	720p HD webkamera	Háttérvilágításos billentyűzet			
Fujitsu LIFEBOOK E733 (VFY:E7330M63A5HU) Notebook	160900 Ft	13,3", 1366x768, 16:9	Intel Core i3, -3110M / 2.4 GHz / 3MB Cache	4 GB, DDR3 1333MHz		500GB HDD + 8GB SSD, SATA-2	Intel GMA HD Graphics 4000	1,6 kg, 321 x 228 x 20 (f) - 27 (r) mm	3 év garancia	6 cella, 13 óra átlagos üzemidő, 5800mAh			10/100/1000, 802.11.b/g/n WLAN	3 db USB 3.0, Bluetooth 4.0 (low energy), 3 in 1 kártyaolvasó, DSUB + Display port, Dokkolócsatlakozó	HD-minőségű webkamera (1280x800)				
Lenovo ThinkPad EDGE E431 (N4G9WHV) Notebook	161900 Ft	14,1'', 1366x768, 16:9	Intel Core i3, -3110M / 2.4 GHz / 3MB Cache	4 GB, DDR3 1600MHz		500 GB/7200rpm, SATA-2	Intel GMA HD Graphics 4000	2,1 kg, 344mm x 239mm x 25mm	2 év garancia	6 cella, 6 óra átlagos üzemidő, 4800 mAh	DVD +/- RW, Super Multi	Win 7 Pro64 preload+Win 8 Prof64 RDVD/licence	10/100/1000, 802.11.b/g/n WLAN	2 USB 3.0, 1 USB 2.0, Bluetooth 4.0 (low energy), 4 in 1 kártyaolvasó, DSUB, Ujjlenyomat olvasó, OneLink Docking port, HDMI out	720p HD webkamera				
Dell Vostro 5470 (V5470-3) Notebook	162900 Ft	14,1'', 1366x768, 16:9	Intel Core i5, -4200U 1,60GHz - 2,60GHz / 3MB cache	4 GB, DDR3 1600MHz		500 GB, SATA-2	NVIDIA GeForce GT 740M / 2GB	1,6 kg, 19,35 mm x 233,5 mm x 337,6 mm	3 év garancia	3 cella, 48,6 ~ 51,2 Wh		Linux	10/100, 802.11 n WLAN	3 db USB 3.0, Bluetooth 4.0 (low energy), 2 in 1 kártyaolvasó, HDMI out	720p HD webkamera				
Dell Inspiron 5537 (5537_157791) Notebook	163900 Ft	15,6", 1366x768, 16:9	Intel Core i5, -4200U 1,60GHz - 2,60GHz / 3MB cache	8 GB, DDR3 1600MHz		1 TB, SATA-2	AMD/ATI Radeon HD 8850M 2GB	2,3Kg, 376 mm x 259 mm x elöl 24,9 mm/ hátul 31,3 mm	3 év garancia	6 cella, 65Wh	DVD +/- RW, Dual Layer	Linux	10/100/1000, 802.11.b/g/n WLAN	2 USB 2.0, 2 USB 3.0, Bluetooth 4.0 (low energy), 8 in 1 kártyaolvasó, HDMI out	Camera 1.0 MPix HD	Waves MaxxAudio 4 hangrendszer			
Dell Inspiron 5537 (5537_157814) Notebook	163900 Ft	15,6", 1366x768, 16:9	Intel Core i5, -4200U 1,60GHz - 2,60GHz / 3MB cache	8 GB, DDR3 1600MHz		1 TB, SATA-2	AMD/ATI Radeon HD 8850M 2GB	2,3Kg, 376 mm x 259 mm x elöl 24,9 mm/ hátul 31,3 mm	3 év garancia	6 cella, 65Wh	DVD +/- RW, Dual Layer	Linux	10/100/1000, 802.11.b/g/n WLAN	2 USB 2.0, 2 USB 3.0, Bluetooth 4.0 (low energy), 8 in 1 kártyaolvasó, HDMI out	Camera 1.0 MPix HD	Waves MaxxAudio 4 hangrendszer			
Dell Inspiron 5537 (5537_157845) Notebook	163900 Ft	15,6", 1366x768, 16:9	Intel Core i5, -4200U 1,60GHz - 2,60GHz / 3MB cache	8 GB, DDR3 1600MHz		1 TB, SATA-2	AMD/ATI Radeon HD 8850M 2GB	2,3Kg, 376 mm x 259 mm x elöl 24,9 mm/ hátul 31,3 mm	3 év garancia	6 cella, 65Wh	DVD +/- RW, Dual Layer	Linux	10/100/1000, 802.11.b/g/n WLAN	2 USB 2.0, 2 USB 3.0, Bluetooth 4.0 (low energy), 8 in 1 kártyaolvasó, HDMI out	Camera 1.0 MPix HD	Waves MaxxAudio 4 hangrendszer			
Dell Inspiron 5537 (5537_157827) Notebook	163900 Ft	15,6", 1366x768, 16:9	Intel Core i5, -4200U 1,60GHz - 2,60GHz / 3MB cache	8 GB, DDR3 1600MHz		1 TB, SATA-2	AMD/ATI Radeon HD 8850M 2GB	2,3Kg, 376 mm x 259 mm x elöl 24,9 mm/ hátul 31,3 mm	3 év garancia	6 cella, 65Wh	DVD +/- RW, Dual Layer	Linux	10/100, 802.11.b/g/n WLAN	2 USB 2.0, 2 USB 3.0, Bluetooth 4.0 (low energy), 8 in 1 kártyaolvasó, HDMI out	Camera 1.0 MPix HD	Waves MaxxAudio 4 hangrendszer			
Dell Vostro 3460 (V3460-30) Notebook	163900 Ft	14,1'', 1366x768, 16:9	Intel Core i5, -3230M 2,60GHz max. 3,20GHz / 3MB cache	4 GB, DDR3 1600MHz		500 GB/7200rpm, SATA-2	Intel GMA HD Graphics 4000	2,2 kg, 28(elöl)/30,1(hátul) x 345,5 x 244 mm	3 év garancia	6 cella, 4800 mAh	DVD +/- RW, Dual Layer	Linux	10/100/1000, lntel WiFi 2230 802.11a/g/n	4 db USB3.0 port, Bluetooth 4.0 (low energy), 8 in 1 kártyaolvasó, DSUB, Ujjlenyomat olvasó, express card 34 mm, HDMI out	720p HD webkamera	Háttérvilágításos billentyűzet			
Lenovo ThinkPad EDGE E531 (N4I6WHV) Notebook	164900 Ft	15,6", 1366x768, 16:9	Intel Core i5, -3230M 2,60GHz max. 3,20GHz / 3MB cache	4 GB, DDR3 1600MHz		500 GB/7200rpm, SATA-2	NVIDIA GeForce GT 730M 2GB	2,5 kg, 377 x 250mm x 26.6-29.6mm	2 év garancia	6 cella, 6 óra átlagos üzemidő, 4800 mAh	DVD +/- RW, Super Multi	FreeDos	10/100/1000, 802.11.b/g/n WLAN	2 USB 3.0, 1 USB 2.0, Bluetooth 4.0 (low energy), 4 in 1 kártyaolvasó, DSUB, Ujjlenyomat olvasó, OneLink Docking port, HDMI out	720p HD webkamera				
Dell Vostro 5470 (DV5470N2-4200-4GH50D3GS-11) Notebook	164900 Ft	14,1'', 1366x768, 16:9	Intel Core i5, -4200U 1,60GHz - 2,60GHz / 3MB cache	4 GB, DDR3 1600MHz		500 GB, SATA-2	NVIDIA GeForce GT 740M / 2GB	1,6 kg, 19,35 mm x 233,5 mm x 337,6 mm	3 év garancia	3 cella, 48,6 ~ 51,2 Wh		Linux	10/100, Intel Dual Brand Wireless-N 7260 2x2 bgn	3 db USB 3.0, Bluetooth 4.0 (low energy), 2 in 1 kártyaolvasó, HDMI out	720p HD webkamera				
Toshiba Satellite U940-100 Notebook	165900 Ft	14.0", 1366x768, 16:9	Intel Core i3, -3217U / 1.8GHz / 3MB Cache	4 GB, DDR3 1600MHz		32GB SSD + 500GB HDD, SATA-2	Intel Graphics 3000 HD	1,7 kg, 339,6 x 238,3 x 20,7 mm	2 év garancia	4 cella, 4,5 óra átlagos üzemidő	DVD +/- RW, Dual Layer	Windows 8 64 bit	10/100, 802.11.b/g/n WLAN	2 USB 3.0, 1 USB 2.0, Bluetooth 4.0 (low energy), Multi in 1kártyaolvasó, HDMI out	Camera 1.0 MPix HD				
Dell Inspiron 5537 (5537_157844) Notebook	165900 Ft	15,6", 1366x768, 16:9	Intel Core i7, -4500U - 1,80GHz / max. 3,00GHz / 4MB cache	8 GB, DDR3 1600MHz		1 TB, SATA-2	AMD/ATI Radeon HD 8850M 2GB	2,3Kg, 376 mm x 259 mm x elöl 24,9 mm/ hátul 31,3 mm	3 év garancia	6 cella, 65Wh	DVD +/- RW, Dual Layer	Linux	10/100/1000, 802.11.b/g/n WLAN	2 USB 2.0, 2 USB 3.0, Bluetooth 4.0 (low energy), 8 in 1 kártyaolvasó, HDMI out	Camera 1.0 MPix HD	Waves MaxxAudio 4 hangrendszer			
Fujitsu Lifebook Slimbook UH552 (VFY:UH552M53A2HU) Notebook	166900 Ft	13,3", 1366x768, 16:9	Intel Core i3, -3217U / 1.8GHz / 3MB Cache	4 GB, DDR3 1333MHz		128GB SSD, SSD	Intel GMA HD Graphics 4000	1,6 kg, 323 x 234 x 18,0 mm	2 év garancia	4 cella, 7,5 óra átlagos üzemidő, 42 Wh		Windows 8 Standard	10/100, 802.11.b/g/n WLAN	2 USB 3.0, 1 USB 2.0, Bluetooth 4.0 (low energy), 4 in 1 kártyaolvasó, HDMI out	HD Webkamera				
Samsung ATIV Smart XE500T1C-G01HU Tablet	166900 Ft	11,6" képátló, 1366x768, 16:9	Intel Atom Z2760 1.80GHz / 1MB Cache / DualCore	2GB RAM	64GB		Intel SGX545 Graphics Media Accelerator	744g	2 év (1 év az akkura és töltőre)	4 cella, 3100mAh		Windows 8 32bit Magyar, Angol	802.11a/b/g/n, Bluetooth 4.0, 3G	mini HDMI 1.3, 3.5-mm minijack, Micro SD, USB 2.0	elöl 2MP , hátul 8MP	sPen	sztereó hangszóró, mikrofon	Fehér	
Dell Vostro 3560 (V3560_157918) Notebook	166900 Ft	15,6", 1366x768, 16:9	Intel Core i5, -3230M 2,60GHz max. 3,20GHz / 3MB cache	4 GB, DDR3 1600MHz		500 GB/7200rpm, SATA-2	Intel GMA HD Graphics 4000	2,6 kg, 28,8(elöl)/32,5(hátul) x 375 x 259 mm	3 év garancia	6 cella, 48Wh	DVD +/- RW, Dual Layer	Linux	10/100/1000, 802.11.b/g/n WLAN	4 db USB3.0 port, Bluetooth 4.0 (low energy), 8 in 1 kártyaolvasó, DSUB, express card 34 mm, HDMI out	Camera 1.0 MPix HD	Háttérvilágításos billentyűzet			
Dell Vostro 3360 (V3360-20) Notebook	167900 Ft	13,3", 1366x768, 16:9	Intel Core i5, -3337U 1.80 / 2.70 Turbo GHz / 3MB Cache	4 GB, DDR3 1600MHz		500 GB, SATA-2	Intel GMA HD Graphics 4000	1,7 kg, 18,6(elöl)/19,2(hátul) x 332 x 232,5 mm	3 év garancia	4 cella, 49Wh		Linux	10/100/1000, lntel WiFi 2230 802.11a/g/n	3 db USB 3.0, Bluetooth 4.0 (low energy), 8 in 1 kártyaolvasó, DSUB, HDMI out	720p HD webkamera				
Dell Vostro 3360 (V3360-21) Notebook	167900 Ft	13,3", 1366x768, 16:9	Intel Core i5, -3337U 1.80 / 2.70 Turbo GHz / 3MB Cache	4 GB, DDR3 1600MHz		500 GB, SATA-2	Intel GMA HD Graphics 4000	1,7 kg, 18,6(elöl)/19,2(hátul) x 332 x 232,5 mm	3 év garancia	4 cella, 49Wh		Linux	10/100/1000, lntel WiFi 2230 802.11a/g/n	3 db USB 3.0, Bluetooth 4.0 (low energy), 8 in 1 kártyaolvasó, DSUB, HDMI out	720p HD webkamera				
Dell Vostro 3360 (V3360-24) Notebook	167900 Ft	13,3", 1366x768, 16:9	Intel Core i5, -3337U 1.80 / 2.70 Turbo GHz / 3MB Cache	4 GB, DDR3 1600MHz		500 GB, SATA-2	Intel GMA HD Graphics 4000	1,7 kg, 18,6(elöl)/19,2(hátul) x 332 x 232,5 mm	3 év garancia	4 cella, 49Wh		Linux	10/100/1000, lntel WiFi 2230 802.11a/g/n	3 db USB 3.0, Bluetooth 4.0 (low energy), 8 in 1 kártyaolvasó, DSUB, HDMI out	720p HD webkamera				
Dell Vostro 3360 (V3360_154857) Notebook	167900 Ft	13,3", 1366x768, 16:9	Intel Core i5, -3337U 1.80 / 2.70 Turbo GHz / 3MB Cache	4 GB, DDR3 1600MHz		500 GB, SATA-2	Intel GMA HD Graphics 4000	1,7 kg, 18,6(elöl)/19,2(hátul) x 332 x 232,5 mm	3 év garancia	4 cella, 49Wh		Linux	10/100/1000, lntel WiFi 2230 802.11a/g/n	3 db USB 3.0, Bluetooth 4.0 (low energy), 8 in 1 kártyaolvasó, DSUB, HDMI out	720p HD webkamera				
Dell Vostro 3360 (V3360_154859) Notebook	167900 Ft	13,3", 1366x768, 16:9	Intel Core i5, -3337U 1.80 / 2.70 Turbo GHz / 3MB Cache	4 GB, DDR3 1600MHz		500 GB, SATA-2	Intel GMA HD Graphics 4000	1,7 kg, 18,6(elöl)/19,2(hátul) x 332 x 232,5 mm	3 év garancia	4 cella, 49Wh		Linux	10/100/1000, lntel WiFi 2230 802.11a/g/n	3 db USB 3.0, Bluetooth 4.0 (low energy), 8 in 1 kártyaolvasó, DSUB, HDMI out	720p HD webkamera				
Dell Vostro 3360 (V3360_155492) Notebook	167900 Ft	13,3", 1366x768, 16:9	Intel Core i5, -3337U 1.80 / 2.70 Turbo GHz / 3MB Cache	4 GB, DDR3 1600MHz		500 GB/5400rpm, SATA-2	Intel GMA HD Graphics 4000	1,7 kg, 18,6(elöl)/19,2(hátul) x 332 x 232,5 mm	3 év garancia	4 cella, 49Wh		Linux	10/100/1000, lntel WiFi 2230 802.11a/g/n	3 db USB 3.0, Bluetooth 4.0 (low energy), 8 in 1 kártyaolvasó, DSUB, HDMI out	720p HD webkamera				
Dell Latitude E5430 (E5430_155923) Notebook	168900 Ft	14,1'', 1366x768, 16:9	Intel Core i5, -3230M 2,60GHz max. 3,20GHz / 3MB cache	4 GB, DDR3 1600MHz		500 GB, SATA-2	Intel GMA HD Graphics 4000	2 kg, 350 mm x 240mm x 29,90–32,5 mm	3 év garancia	6 cella, 6000 mAh	DVD +/- RW, Dual Layer	Linux	10/100/1000, Intel Centrino Advanced-N 6205	2 USB 2.0, 2 USB 3.0, Bluetooth 4.0 (low energy), 3 in 1 kártyaolvasó, DSUB, Ujjlenyomat olvasó, Dokkolható, ExpressCard, HDMI out	HD Webkamera	eSATA			
Dell Vostro 3460 (V3460_157901) Notebook	168900 Ft	14,1'', 1366x768, 16:9	Intel Core i3, -3120M /2.50 GHz/3MB Cache	4 GB, DDR3 1600MHz		500 GB/7200rpm, SATA-2	Intel GMA HD Graphics 4000	2,2 kg, 28(elöl)/30,1(hátul) x 345,5 x 244 mm	3 év garancia	6 cella, 4800 mAh	DVD +/- RW, Dual Layer	Windows 8 64 bit	10/100/1000, lntel WiFi 2230 802.11a/g/n	4 db USB3.0 port, Bluetooth 4.0 (low energy), 8 in 1 kártyaolvasó, DSUB, Ujjlenyomat olvasó, express card 34 mm, HDMI out	720p HD webkamera	Háttérvilágításos billentyűzet			
Lenovo IdeaPad Z510(59-403846) Notebook	169900 Ft	15,6", 1366x768, 16:9	Intel Core i5, -4200M / 2,50GHz max. 3,10GHz / 3MB cache	8 GB, DDR3 1600MHz		1 TB, SATA-2	NVIDIA GeForce GT 740M / 2GB	2,2 kg, 375*263*25 mm	2 év garancia	4 cella, 4800 mAh	DVD +/- RW, Super Multi	FreeDos	Intel Dual Brand Wireless-N 7260 2x2 bgn	2 USB 3.0, 1 USB 2.0, Bluetooth 4.0 (low energy), 2 in 1 kártyaolvasó, HDMI out	Camera 1.0 MPix HD				
Dell Vostro 3360 (DV3360I-3337-4GH50D4BR-11) Notebook	170900 Ft	13,3", 1366x768, 16:9	Intel Core i5, -3337U 1.80 / 2.70 Turbo GHz / 3MB Cache	4 GB, DDR3 1333MHz		500 GB, SATA-2	Intel GMA HD Graphics 4000	1,7 kg, 18,6(elöl)/19,2(hátul) x 332 x 232,5 mm	3 év garancia	4 cella, 49Wh		Linux	10/100/1000, lntel WiFi 2230 802.11a/g/n	3 db USB 3.0, Bluetooth 4.0 (low energy), 8 in 1 kártyaolvasó, DSUB, HDMI out	720p HD webkamera				
Dell Vostro 3360 (DV3360I-3337-4GH50D4RD-11) Notebook	170900 Ft	13,3", 1366x768, 16:9	Intel Core i5, -3337U 1.80 / 2.70 Turbo GHz / 3MB Cache	4 GB, DDR3 1333MHz		500 GB, SATA-2	Intel GMA HD Graphics 4000	1,7 kg, 18,6(elöl)/19,2(hátul) x 332 x 232,5 mm	3 év garancia	4 cella, 49Wh		Linux	10/100/1000, lntel WiFi 2230 802.11a/g/n	3 db USB 3.0, Bluetooth 4.0 (low energy), 8 in 1 kártyaolvasó, DSUB, HDMI out	720p HD webkamera				
Lenovo IdeaPad Z510(59-390313) Notebook	171900 Ft	15,6", 1366x768, 16:9	Intel Core i5, -4200M / 2,50GHz max. 3,10GHz / 3MB cache	8 GB, DDR3 1600MHz		1 TB HDD + 8GB SSD, SATA-2	NVIDIA GeForce GT 740M / 2GB	2,2 kg, 375*263*25 mm	2 év garancia	4 cella, 4800 mAh	DVD +/- RW, Super Multi	FreeDos	Intel Dual Brand Wireless-N 7260 2x2 bgn	2 USB 3.0, 1 USB 2.0, Bluetooth 4.0 (low energy), 2 in 1 kártyaolvasó, HDMI out	720p HD webkamera				
Lenovo ThinkPad L430(N2L5AHV) Notebook	172900 Ft	14,1'', 1366x768, 16:9	Intel Core i3, -3120M 2,5 GHz / 3MB Cache	4 GB, DDR3 1600MHz		500 GB/7200rpm, SATA-2	Intel GMA HD Graphics 4000	2,3Kg, 354mm x 243mm x 29.6–31.4mm	1 év garancia	6 cella, 7,5 óra átlagos üzemidő, 62.4WHr	DVD +/- RW, Dual Layer	Win 7 Pro64 preload+Win 8 Prof64 RDVD/licence	10/100/1000, Intel WiFi Link 2x2 BGN	3 USB 2.0, 1 USB 3.0, Bluetooth 4.0 (low energy), 4 in 1 kártyaolvasó, DSUB + Display port, Ujjlenyomat olvasó, Dokkolócsatlakozó	720p HD webkamera				
Lenovo ThinkPad EDGE E531 (N4I9XHV) Notebook	173900 Ft	15,6", 1366x768, 16:9	Intel Core i3, -3110M / 2.4 GHz / 3MB Cache	4 GB, DDR3 1600MHz		500 GB, SATA-2	Intel GMA HD	2,5 kg, 377 x 250mm x 26.6-29.6mm	2 év garancia	6 cella, 6 óra átlagos üzemidő, 4800 mAh	DVD +/- RW, Super Multi	Win 7 Pro64 preload+Win 8 Prof64 RDVD/licence	10/100/1000, 802.11.b/g/n WLAN	2 USB 3.0, 1 USB 2.0, Bluetooth 4.0 (low energy), 4 in 1 kártyaolvasó, DSUB, Ujjlenyomat olvasó, OneLink Docking port, HDMI out	720p HD webkamera				
Dell Latitude E5530 (E5530_156180) Notebook	174900 Ft	15,6" HD LED, 1366x768, 16:9	Intel Core i3, -3120M 2,5 GHz / 3MB Cache	4 GB, DDR3 1600MHz		500 GB/7200rpm, SATA-2	Intel GMA HD Graphics 4000	2,4 kg, 388 mm x 251 mm x 30,2 mm elöl / 33,2 mm hátul	3 év garancia	6 cella, 6000 mAh	DVD +/- RW, Dual Layer	Windows 7 Professional 64 bit	10/100/1000, Intel Centrino Advanced-N 6205	2 USB 3.0, 1 USB 2.0, Bluetooth 4.0 (low energy), 3 in 1 kártyaolvasó, DVI, Ujjlenyomat olvasó, Dokkolható, ExpressCard, HDMI out	HD Webkamera	eSATA			
Dell Vostro 5470 (V5470-4) Notebook	175900 Ft	14,1'', 1366x768, 16:9	Intel Core i3, -4010U 1,7GHz / 3MB Cache	4 GB, DDR3 1600MHz		500 GB, SATA-2	NVIDIA GeForce GT 740M / 2GB	1,6 kg, 19,35 mm x 233,5 mm x 337,6 mm	3 év garancia	3 cella, 48,6 ~ 51,2 Wh		Linux	10/100/1000, Intel Dual Brand Wireless-N 7260 2x2 bgn	3 db USB 3.0, Bluetooth 4.0 (low energy), 2 in 1 kártyaolvasó, HDMI out	720p HD webkamera	Érintőképernyő			
Dell Latitude E5430 (E5430_153284) Notebook	176900 Ft	14,1'', 1600*900, 16:9	Intel Core i5, -3230M 2,60GHz max. 3,20GHz / 3MB cache	4 GB, DDR3 1600MHz		500 GB, SATA-2	Intel GMA HD Graphics 4000	2 kg, 350 mm x 240mm x 29,90–32,5 mm	3 év garancia	6 cella, 6000 mAh	DVD +/- RW, Dual Layer	Linux	10/100/1000, Intel Centrino Advanced-N 6205	2 USB 2.0, 2 USB 3.0, Bluetooth 4.0 (low energy), 3 in 1 kártyaolvasó, IEEE1394 firewire , DSUB, Ujjlenyomat olvasó, Dokkolható, ExpressCard, HDMI out	HD Webkamera	eSATA			
Samsung ATIV Book 9 Lite NP915S3G-K01HU Notebook	176900 Ft	13,3", 1366x768, 16:9	AMD , A10-4600M 2.3GHz Quad-Core / 4MB Cache	4 GB, DDR3 1066MHz		128GB SSD, SSD	ATI / AMD Radeon Alaplapi integrált	1,4 kg, 324 x 224 x 16.9mm	2 év garancia	2 cella, 6 óra átlagos üzemidő, 3000 mAh		Windows 8 64 bit	10/100/1000, 802.11.b/g/n WLAN	1 x USB 3.0 + 1 x USB 2.0, Bluetooth 4.0 (low energy), 3 in 1 kártyaolvasó, DSUB, micro HDMI	720p HD webkamera	Érintőképernyő			
Lenovo Ideapad S510p (59-390206) Notebook	176900 Ft	15,6", 1366x768, 16:9	Intel Core i7, -4500U - 1,80GHz / max. 3,00GHz / 4MB cache	8 GB, DDR3 1600MHz		1 TB HDD + 8GB SSD, SATA-2	Nvidia GeForce GT 720M 2GB DDR3	2,6 kg, 380 x 259 x 24,9 mm	2 év garancia	4 cella	DVD +/- RW, Super Multi	FreeDos	10/100, 802.11.b/g/n WLAN	2 USB 3.0, 1 USB 2.0, Bluetooth 4.0 (low energy), 2 in 1 kártyaolvasó, HDMI out	720p HD webkamera				
Dell Latitude E5430 (DE5430I-3230-4GH50D6BLFP-11) Notebook	176900 Ft	14,1'', 1366x768, 16:9	Intel Core i5, -3230M 2,60GHz max. 3,20GHz / 3MB cache	4 GB, DDR3 1600MHz		500 GB/7200rpm, SATA-2	Intel GMA HD Graphics 4000	2 kg, 350 mm x 240mm x 29,90–32,5 mm	3 év garancia	6 cella, 6000 mAh	DVD +/- RW, Dual Layer	Linux	10/100/1000, Intel Centrino Advanced-N 6205	2 USB 2.0, 2 USB 3.0, Bluetooth 4.0 (low energy), 3 in 1 kártyaolvasó, DSUB, Ujjlenyomat olvasó, Dokkolható, ExpressCard, HDMI out	HD Webkamera	eSATA			
Toshiba Satellite M50-A-110 Notebook	176900 Ft	15,6" HD LED, 1366x768, 16:9	Intel Core i5, -4200U 1,60GHz - 2,60GHz / 3MB cache	4 GB, DDR3 1600MHz		750GB, SATA-2	NVIDIA GeForce GT 740M / 2GB	2,2 kg, 377.5 x 249.5 x 21.3 mm	2 év garancia	3 cella, 7 óra átlagos üzemidő		Windows 8.1 64bit	10/100/1000, Intel 7260 2x2BGN	2 USB 3.0, 1 USB 2.0, Bluetooth 4.0 (low energy), Multi in 1kártyaolvasó, HDMI out	Camera 1.0 MPix HD				
Dell Latitude E5530 (E5530-35) Notebook	176900 Ft	15,6" HD LED, 1366x768, 16:9	Intel Core i3, -3120M /2.50 GHz/3MB Cache	4 GB, DDR3 1600MHz		500 GB/7200rpm, SATA-2	Intel GMA HD Graphics 4000	2,4 kg, 388 mm x 251 mm x 30,2 mm elöl / 33,2 mm hátul	3 év garancia	6 cella, 6000 mAh	DVD +/- RW, Dual Layer	Windows 7 Professional 64 bit	10/100/1000, Intel Centrino Advanced-N 6205	2 USB 3.0, 1 USB 2.0, Bluetooth 4.0 (low energy), 3 in 1 kártyaolvasó, DVI, Ujjlenyomat olvasó, Dokkolható, ExpressCard, HDMI out	HD Webkamera	eSATA			
Samsung Ativ Book 5 NP540U4E-K01HU Notebook	178900 Ft	14,1'', 1366x768, 16:9	Intel Core i5, -3337U 1.80 / 2.70 Turbo GHz / 3MB Cache	4 GB, DDR3 1600MHz		24GB SSD + 500GB HDD, SATA-2	Intel GMA HD Graphics 4000	1,8 kg, 338 x 234 x 19.5mm	2 év garancia	4 cella, 7 óra átlagos üzemidő, 57WHr		Windows 8 64 bit	10/100/1000, 802.11.b/g/n WLAN	2 USB 3.0, 1 USB 2.0, Bluetooth 4.0 (low energy), 3 in 1 kártyaolvasó, DSUB, HDMI out	720p HD webkamera				
Dell Latitude E5430 (E5430-31) Notebook	179900 Ft	14,1'', 1366x768, 16:9	Intel Core i3, -3120M /2.50 GHz/3MB Cache	4 GB, DDR3 1600MHz		500 GB, SATA-2	Intel GMA HD Graphics 4000	2 kg, 350 mm x 240mm x 29,90–32,5 mm	3 év garancia	6 cella, 6000 mAh	DVD +/- RW, Dual Layer	Windows 7 Professional 64 bit	10/100/1000, Intel Centrino Advanced-N 6205	2 USB 2.0, 2 USB 3.0, Bluetooth 4.0 (low energy), 3 in 1 kártyaolvasó, DSUB, Ujjlenyomat olvasó, Dokkolható, ExpressCard, HDMI out	HD Webkamera	eSATA			
Lenovo ThinkPad EDGE E431 (N4G7SHV) Notebook	180900 Ft	14,1'', 1366x768, 16:9	Intel Core i3, -3120M 2,5 GHz / 3MB Cache	4 GB, DDR3 1600MHz		500 GB/7200rpm, SATA-2	NVIDIA GeForce GT 730M 2GB	2,1 kg, 344mm x 239mm x 25mm	2 év garancia	6 cella, 6 óra átlagos üzemidő, 4800 mAh	DVD +/- RW, Super Multi	Win 7 Pro64 preload+Win 8 Prof64 RDVD/licence	10/100/1000, 802.11.b/g/n WLAN	2 USB 3.0, 1 USB 2.0, Bluetooth 4.0 (low energy), 4 in 1 kártyaolvasó, DSUB, Ujjlenyomat olvasó, OneLink Docking port, HDMI out	720p HD webkamera				
Fujitsu Lifebook AH562 Touch - MW8 (VFY:AH562M65A2HU) Notebook	180900 Ft	15,6", 1366x768, 16:9	Intel Core i5, -3230M 2,60GHz max. 3,20GHz / 3MB cache	4 GB		500 GB, SATA-2	Intel GMA HD Graphics 4000	2,4 kg, 323 x 234 x 18,0 mm	2 év garancia	6 cella, 5,5 óra átlagos üzemidő, 48Wh	DVD +/- RW, Super Multi	Windows 8 64 bit	10/100, 802.11.b/g/n WLAN	3 USB 3.0, 1 USB 2.0, Bluetooth 4.0 (low energy), 4 in 1 kártyaolvasó, DSUB, HDMI out	HD Webkamera				
Dell Vostro 3460 (V3460_157916) Notebook	180900 Ft	14,1'', 1366x768, 16:9	Intel Core i5, -3230M 2,60GHz max. 3,20GHz / 3MB cache	4 GB, DDR3 1600MHz		500 GB/7200rpm, SATA-2	Intel GMA HD	2,2 kg, 28(elöl)/30,1(hátul) x 345,5 x 244 mm	3 év garancia	6 cella, 4800 mAh	DVD +/- RW, Dual Layer	Windows 8 64 bit	10/100/1000, lntel WiFi 2230 802.11a/g/n	4 db USB3.0 port, Bluetooth 4.0 (low energy), 8 in 1 kártyaolvasó, DSUB, Ujjlenyomat olvasó, express card 34 mm, HDMI out	720p HD webkamera	Háttérvilágításos billentyűzet			
Dell Vostro 3460 (V3460_157922) Notebook	180900 Ft	14,1'', 1366x768, 16:9	Intel Core i5, -3230M 2,60GHz max. 3,20GHz / 3MB cache	4 GB, DDR3 1600MHz		500 GB/7200rpm, SATA-2	Intel GMA HD	2,2 kg, 28(elöl)/30,1(hátul) x 345,5 x 244 mm	3 év garancia	6 cella, 4800 mAh	DVD +/- RW, Dual Layer	Windows 8 64 bit	10/100/1000, lntel WiFi 2230 802.11a/g/n	4 db USB3.0 port, Bluetooth 4.0 (low energy), 8 in 1 kártyaolvasó, DSUB, Ujjlenyomat olvasó, express card 34 mm, HDMI out	720p HD webkamera	Háttérvilágításos billentyűzet			
Dell Inspiron 5737 (DI5737A2-4500-8GH1TD6MS-11) Notebook	181900 Ft	17,3", 1600*900, 16:9	Intel Core i7, -4500U - 1,80GHz / max. 3,00GHz / 4MB cache	8 GB, DDR3 1600MHz		1 TB, SATA-2	AMD/ATI Radeon HD 8870M 2GB GDDR5	2,4 kg, 412 x 270 x 28,34 x 35,6 mm	3 év garancia	6 cella, 65Wh	DVD +/- RW, Dual Layer	Linux	10/100, 802.11.b/g/n WLAN	2 USB 2.0, 2 USB 3.0, Bluetooth 4.0 (low energy), 8 in 1 kártyaolvasó, HDMI out	Camera 1.0 MPix HD				
Dell Latitude E5430 (L025430101E-HDP-11) Notebook	181900 Ft	14,1'', 1600*900, 16:9	Intel Core i5, -3230M 2,60GHz max. 3,20GHz / 3MB cache	4 GB, DDR3 1600MHz		500 GB/7200rpm, SATA-2	Intel GMA HD Graphics 4000	2 kg, 350 mm x 240mm x 29,90–32,5 mm	3 év garancia	6 cella, 6000 mAh	DVD +/- RW, Dual Layer	Linux	10/100/1000, 802.11.b/g/n WLAN	2 USB 2.0, 2 USB 3.0, Bluetooth 4.0 (low energy), 3 in 1 kártyaolvasó, DSUB, Ujjlenyomat olvasó, Dokkolható, ExpressCard, HDMI out	HD Webkamera	eSATA			
Dell Vostro 5470 (DV5470N2-4200-4GH50DT3RD-11) Notebook	181900 Ft	14,1'', 1366x768, 16:9	Intel Core i5, -4200U 1,60GHz - 2,60GHz / 3MB cache	4 GB, DDR3 1600MHz		500 GB, SATA-2	NVIDIA GeForce GT 740M / 2GB	1,6 kg, 19,35 mm x 233,5 mm x 337,6 mm	3 év garancia	3 cella, 48,6 ~ 51,2 Wh		Linux	10/100/1000, Intel Dual Brand Wireless-N 7260 2x2 bgn	3 db USB 3.0, Bluetooth 4.0 (low energy), 2 in 1 kártyaolvasó, HDMI out	720p HD webkamera	Érintőképernyő			
Dell Vostro 5470 (DV5470N2-4200-4GH50DT3SI-11) Notebook	181900 Ft	14,1'', 1366x768, 16:9	Intel Core i5, -4200U 1,60GHz - 2,60GHz / 3MB cache	4 GB, DDR3 1600MHz		500 GB, SATA-2	NVIDIA GeForce GT 740M / 2GB	1,6 kg, 19,35 mm x 233,5 mm x 337,6 mm	3 év garancia	3 cella, 48,6 ~ 51,2 Wh		Linux	10/100/1000, Intel Dual Brand Wireless-N 7260 2x2 bgn	3 db USB 3.0, Bluetooth 4.0 (low energy), 2 in 1 kártyaolvasó, HDMI out	720p HD webkamera	Érintőképernyő			
Dell Inspiron 7537 (7537_160289) Notebook	182900 Ft	15,6", 1366x768, 16:9	Intel Core i5, -4200U 1,60GHz - 2,60GHz / 3MB cache	6 GB, DDR3 1600MHz		500 GB, SATA-2	NVIDIA GeForce GT 750M / 2GB GDDR5	2,6 kg, 379.4mm*20.5mm(22.2mm)*254.8mm	3 év garancia	4 cella, 5800mAh		Linux	10/100/1000, Intel Dual Brand Wireless-N 7260 2x2 bgn	4 db USB3.0 port, Bluetooth 4.0 (low energy), Multi in 1kártyaolvasó, HDMI out	Camera 1.0 MPix HD	Háttérvilágításos billentyűzet			
Dell Vostro 3360 (V3360_157720) Notebook	183900 Ft	13,3", 1366x768, 16:9	Intel Core i5, -3337U 1.80 / 2.70 Turbo GHz / 3MB Cache	4 GB, DDR3 1600MHz		500 GB/5400rpm, SATA-2	Intel GMA HD Graphics 4000	1,7 kg, 18,6(elöl)/19,2(hátul) x 332 x 232,5 mm	3 év garancia	4 cella, 49Wh		Windows 8 64 bit	10/100/1000, lntel WiFi 2230 802.11a/g/n	3 db USB 3.0, Bluetooth 4.0 (low energy), 8 in 1 kártyaolvasó, DSUB, HDMI out	720p HD webkamera				
Dell Vostro 3360 (V3360_157721) Notebook	183900 Ft	13,3", 1366x768, 16:9	Intel Core i5, -3337U 1.80 / 2.70 Turbo GHz / 3MB Cache	4 GB, DDR3 1600MHz		500 GB/5400rpm, SATA-2	Intel GMA HD Graphics 4000	1,7 kg, 18,6(elöl)/19,2(hátul) x 332 x 232,5 mm	3 év garancia	4 cella, 49Wh		Windows 8 64 bit	10/100/1000, lntel WiFi 2230 802.11a/g/n	3 db USB 3.0, Bluetooth 4.0 (low energy), 8 in 1 kártyaolvasó, DSUB, HDMI out	720p HD webkamera				
Dell Inspiron 5537 (INSP5537-7) Notebook	184900 Ft	15,6", 1920x1080 Full HD, LED, 16:9	Intel Core i7, -4500U - 1,80GHz / max. 3,00GHz / 4MB cache	8 GB, DDR3 1600MHz		1 TB, SATA-2	AMD/ATI Radeon HD 8850M 2GB	2,3Kg, 376 mm x 259 mm x elöl 24,9 mm/ hátul 31,3 mm	3 év garancia	6 cella, 65Wh	DVD +/- RW, Dual Layer	Linux	10/100, 802.11.b/g/n WLAN	2 USB 2.0, 2 USB 3.0, Bluetooth 4.0 (low energy), 8 in 1 kártyaolvasó, HDMI out	Camera 1.0 MPix HD	Waves MaxxAudio 4 hangrendszer			
Dell Inspiron 5537 (INSP5537-4) Notebook	184900 Ft	15,6", 1920x1080 Full HD, LED, 16:9	Intel Core i7, -4500U - 1,80GHz / max. 3,00GHz / 4MB cache	8 GB, DDR3 1600MHz		1 TB, SATA-2	AMD/ATI Radeon HD 8850M 2GB	2,3Kg, 376 mm x 259 mm x elöl 24,9 mm/ hátul 31,3 mm	3 év garancia	6 cella, 65Wh	DVD +/- RW, Dual Layer	Linux	10/100, 802.11.b/g/n WLAN	2 USB 2.0, 2 USB 3.0, Bluetooth 4.0 (low energy), 8 in 1 kártyaolvasó, HDMI out	Camera 1.0 MPix HD	Waves MaxxAudio 4 hangrendszer			
Dell Inspiron 5537 (INSP5537-5) Notebook	184900 Ft	15,6", 1920x1080 Full HD, LED, 16:9	Intel Core i7, -4500U - 1,80GHz / max. 3,00GHz / 4MB cache	8 GB, DDR3 1600MHz		1 TB, SATA-2	AMD/ATI Radeon HD 8850M 2GB	2,3Kg, 376 mm x 259 mm x elöl 24,9 mm/ hátul 31,3 mm	3 év garancia	6 cella, 65Wh	DVD +/- RW, Dual Layer	Linux	10/100, 802.11.b/g/n WLAN	2 USB 2.0, 2 USB 3.0, Bluetooth 4.0 (low energy), 8 in 1 kártyaolvasó, HDMI out	Camera 1.0 MPix HD	Waves MaxxAudio 4 hangrendszer			
Dell Inspiron 5537 (INSP5537-6) Notebook	184900 Ft	15,6", 1920x1080 Full HD, LED, 16:9	Intel Core i7, -4500U - 1,80GHz / max. 3,00GHz / 4MB cache	8 GB, DDR3 1600MHz		1 TB, SATA-2	AMD/ATI Radeon HD 8850M 2GB	2,3Kg, 376 mm x 259 mm x elöl 24,9 mm/ hátul 31,3 mm	3 év garancia	6 cella, 65Wh	DVD +/- RW, Dual Layer	Linux	10/100, 802.11.b/g/n WLAN	2 USB 2.0, 2 USB 3.0, Bluetooth 4.0 (low energy), 8 in 1 kártyaolvasó, HDMI out	Camera 1.0 MPix HD	Waves MaxxAudio 4 hangrendszer			
Dell Inspiron 5537 (DI5537A2-4500-8GH1TDF6PK-11) Notebook	185900 Ft	15,6", 1920x1080 Full HD, LED, 16:9	Intel Core i7, -4500U - 1,80GHz / max. 3,00GHz / 4MB cache	8 GB, DDR3 1600MHz		1 TB, SATA-2	AMD/ATI Radeon HD 8850M 2GB	2,3Kg, 376 mm x 259 mm x elöl 24,9 mm/ hátul 31,3 mm	3 év garancia	6 cella, 65Wh	DVD +/- RW, Dual Layer	Linux	10/100, 802.11.b/g/n WLAN	2 USB 2.0, 2 USB 3.0, Bluetooth 4.0 (low energy), 8 in 1 kártyaolvasó, HDMI out	Camera 1.0 MPix HD	Waves MaxxAudio 4 hangrendszer			
Dell Inspiron 5537 (DI5537A2-4500-8GH1TDF6PR-11) Notebook	185900 Ft	15,6", 1920x1080 Full HD, LED, 16:9	Intel Core i7, -4500U - 1,80GHz / max. 3,00GHz / 4MB cache	8 GB, DDR3 1600MHz		1 TB, SATA-2	AMD/ATI Radeon HD 8850M 2GB	2,3Kg, 376 mm x 259 mm x elöl 24,9 mm/ hátul 31,3 mm	3 év garancia	6 cella, 65Wh	DVD +/- RW, Dual Layer	Linux	10/100, 802.11.b/g/n WLAN	2 USB 2.0, 2 USB 3.0, Bluetooth 4.0 (low energy), 8 in 1 kártyaolvasó, HDMI out	Camera 1.0 MPix HD	Waves MaxxAudio 4 hangrendszer			
Dell Inspiron 5737 (5737_157768) Notebook	186900 Ft	17,3", 1600*900, 16:9	Intel Core i7, -4500U - 1,80GHz / max. 3,00GHz / 4MB cache	8 GB, DDR3 1600MHz		1 TB, SATA-2	AMD/ATI Radeon HD 8870M 2GB GDDR5	2,4 kg, 412 x 270 x 28,34 x 35,6 mm	3 év garancia	6 cella, 65Wh	DVD +/- RW, Dual Layer	Linux	10/100, 802.11.b/g/n WLAN	2 USB 2.0, 2 USB 3.0, Bluetooth 4.0 (low energy), 8 in 1 kártyaolvasó, HDMI out	Camera 1.0 MPix HD				
Dell Inspiron 5737 (5737_157769) Notebook	186900 Ft	17,3", 1600*900, 16:9	Intel Core i7, -4500U - 1,80GHz / max. 3,00GHz / 4MB cache	8 GB, DDR3 1600MHz		1 TB, SATA-2	AMD/ATI Radeon HD 8870M 2GB GDDR5	2,4 kg, 412 x 270 x 28,34 x 35,6 mm	3 év garancia	6 cella, 65Wh	DVD +/- RW, Dual Layer	Linux	10/100, 802.11.b/g/n WLAN	2 USB 2.0, 2 USB 3.0, Bluetooth 4.0 (low energy), 8 in 1 kártyaolvasó, HDMI out	Camera 1.0 MPix HD				
Dell Vostro 3560 (V3560-42) Notebook	186900 Ft	15,6", 1920x1080 Full HD, LED, 16:9	Intel Core i5, -3230M 2,60GHz max. 3,20GHz / 3MB cache	4 GB, DDR3 1600MHz		500 GB/7200rpm, SATA-2	AMD Radeon HD 7670 / 1GB	2,6 kg, 28,8(elöl)/32,5(hátul) x 375 x 259 mm	3 év garancia	6 cella, 48Wh	DVD +/- RW, Dual Layer	Linux	10/100/1000, 802.11.b/g/n WLAN	4 db USB3.0 port, Bluetooth 4.0 (low energy), 8 in 1 kártyaolvasó, DSUB, express card 34 mm, HDMI out	Camera 1.0 MPix HD	Háttérvilágításos billentyűzet			
Dell Vostro 3360 (DV3360I-3537-4GH50D4BR-11) Notebook	187900 Ft	13,3", 1366x768, 16:9	Intel Core i7, -3537U / 2,00GHz max. 3,10GHz / 4MB cache	4 GB, DDR3 1600MHz		500 GB/5400rpm, SATA-2	Intel GMA HD Graphics 4000	1,7 kg, 18,6(elöl)/19,2(hátul) x 332 x 232,5 mm	3 év garancia	4 cella, 49Wh		Linux	10/100/1000, lntel WiFi 2230 802.11a/g/n	3 db USB 3.0, Bluetooth 4.0 (low energy), 8 in 1 kártyaolvasó, DSUB, HDMI out	720p HD webkamera				
Dell Vostro 3360 (DV3360I-3537-4GH50D4SI-11) Notebook	187900 Ft	13,3", 1366x768, 16:9	Intel Core i7, -3537U / 2,00GHz max. 3,10GHz / 4MB cache	4 GB, DDR3 1600MHz		500 GB/5400rpm, SATA-2	Intel GMA HD Graphics 4000	1,7 kg, 18,6(elöl)/19,2(hátul) x 332 x 232,5 mm	3 év garancia	4 cella, 49Wh		Linux	10/100/1000, lntel WiFi 2230 802.11a/g/n	3 db USB 3.0, Bluetooth 4.0 (low energy), 8 in 1 kártyaolvasó, DSUB, HDMI out	720p HD webkamera				
Dell Latitude E5430 (E5430_154935) Notebook	193900 Ft	14,1'', 1366x768, 16:9	Intel Core i5, -3230M 2,60GHz max. 3,20GHz / 3MB cache	4 GB, DDR3 1600MHz		500 GB/7200rpm, SATA-2	Intel GMA HD Graphics 4000	2 kg, 350 mm x 240mm x 29,90–32,5 mm	3 év garancia	6 cella, 6000 mAh	DVD +/- RW, Dual Layer	Windows 7 Professional 64 bit	10/100/1000, Intel Centrino Advanced-N 6205	2 USB 2.0, 2 USB 3.0, Bluetooth 4.0 (low energy), 3 in 1 kártyaolvasó, DSUB, Ujjlenyomat olvasó, Dokkolható, ExpressCard, HDMI out	HD Webkamera	eSATA			
Lenovo Ideapad U430p (59-390455) Notebook	193900 Ft	14,1'', 1366x768, 16:9	Intel Core i5, -4200U 1,60GHz - 2,60GHz / 3MB cache	8 GB, DDR3 1600MHz		1 TB, SATA-2	NVIDIA GeForce GT 730M 2GB	1,7 kg, 33.6*23.3*0.48-1.9cm	2 év garancia	4 cella, 10 óra átlagos üzemidő, 5200mAh		Windows 8 64 bit	10/100/1000, 802.11.b/g/n WLAN	2x USB 2.0 - 1x USB 3.0, Bluetooth 4.0 (low energy), 2 in 1 kártyaolvasó, HDMI out	720p HD webkamera	Háttérvilágításos billentyűzet			
Toshiba Satellite U840W-108 Notebook	194900 Ft	14,4 ", 1792x768 Cinema HD, 16:9	Intel Core i5, -3317U 1,7GHz /3M Cache/ up to 2.60 GHz	4 GB, DDR3 1600MHz		320 GB, SATA-2	Intel GMA HD Graphics 4000	1,7 kg, 368,7 x 200,0 x 20,33 mm	2 év garancia	4 cella, 7,5 óra átlagos üzemidő	DVD +/- RW, Dual Layer	Windows 7 Home Premium Magyar 64bit	10/100, 802.11.b/g/n WLAN	3 db USB 3.0, Bluetooth 4.0 (low energy), Multi in 1kártyaolvasó, HDMI out	Camera 1.3MPix				
Dell Inspiron 7537 (7537_160287) Notebook	194900 Ft	15,6", 1366x768, 16:9	Intel Core i5, -4200U 1,60GHz - 2,60GHz / 3MB cache	6 GB, DDR3 1600MHz		750GB, SATA-2	INTEL GMA HD Graphics 4400	2,6 kg, 379.4mm*20.5mm(22.2mm)*254.8mm	3 év garancia	4 cella, 5800mAh		Linux	10/100/1000, Intel Dual Brand Wireless-N 7260 2x2 bgn	4 db USB3.0 port, Bluetooth 4.0 (low energy), Multi in 1kártyaolvasó, HDMI out	Camera 1.0 MPix HD	Háttérvilágításos billentyűzet			
Dell Vostro 3460 (V3460_157915) Notebook	194900 Ft	14,1'', 1366x768, 16:9	Intel Core i5, -3230M 2,60GHz max. 3,20GHz / 3MB cache	6 GB, DDR3 1600MHz		500 GB, SATA-2	Nvidia GeForce GT 630M 1GB	2,2 kg, 28(elöl)/30,1(hátul) x 345,5 x 244 mm	3 év garancia	6 cella, 4800 mAh	DVD +/- RW, Dual Layer	Windows 8 64 bit	10/100/1000, lntel WiFi 2230 802.11a/g/n	3 USB 3.0, 1 USB 2.0, Bluetooth 4.0 (low energy), 8 in 1 kártyaolvasó, DSUB, Ujjlenyomat olvasó, express card 34 mm, HDMI out	720p HD webkamera	Háttérvilágításos billentyűzet			
Dell Vostro 3460 (V3460_157964) Notebook	194900 Ft	14,1'', 1366x768, 16:9	Intel Core i5, -3230M 2,60GHz max. 3,20GHz / 3MB cache	6 GB, DDR3 1600MHz		500 GB, SATA-2	Nvidia GeForce GT 630M 1GB	2,2 kg, 28(elöl)/30,1(hátul) x 345,5 x 244 mm	3 év garancia	6 cella, 4800 mAh	DVD +/- RW, Dual Layer	Windows 8 64 bit	10/100/1000, lntel WiFi 2230 802.11a/g/n	3 USB 3.0, 1 USB 2.0, Bluetooth 4.0 (low energy), 8 in 1 kártyaolvasó, DSUB, Ujjlenyomat olvasó, express card 34 mm, HDMI out	720p HD webkamera	Háttérvilágításos billentyűzet			
Lenovo ThinkPad L530(N2S4YHV) Notebook	199900 Ft	15,6", 1600*900, 16:9	Intel Core i5, -3230M 2,60GHz max. 3,20GHz / 3MB cache	4 GB, DDR3 1600MHz		500 GB/7200rpm, SATA-2	Intel GMA HD Graphics 4000	2,6 kg, 380mm x 247mm x 31.7–33.4mm	1 év garancia	6 cella, 7,5 óra átlagos üzemidő, 57WHr	DVD +/- RW, Super Multi	Win 7 Pro64 preload+Win 8 Prof64 RDVD/licence	10/100/1000, Intel WiFi Link 1000 BGN	2x USB 2.0 - 1x USB 3.0, Bluetooth 4.0 (low energy), 4 in 1 kártyaolvasó, DSUB + Display port, Dokkolható, ExpressCard	HD-minőségű webkamera (1280x800)				
Toshiba Satellite P845T-10C Notebook	200900 Ft	14,1'', 1366x768, 16:9	Intel Core i5, -3337U 1.80 / 2.70 Turbo GHz / 3MB Cache	8 GB, DDR3 1600MHz		750GB, SATA-2	Nvidia GeForce GT 630M 2GB	2 kg, 349 x 234 x 24,0 (elöl) / 29,0 (hátul) mm	2 év garancia	6 cella, 6,5 óra átlagos üzemidő	DVD +/- RW, Dual Layer	Windows 8 64 bit	10/100/1000, 802.11.b/g/n WLAN	3 db USB 3.0, Bluetooth 4.0 (low energy), Multi in 1kártyaolvasó, DSUB, HDMI out	Camera 2.0 Mp				
Lenovo Ideapad G700 (59-390402) Notebook	201900 Ft	17,3", 1600*900, 16:9	Intel Core i7, -4702MQ, 2.2/3.2GHz / 6MB cache	8 GB, DDR3 1600MHz		1 TB HDD + 8GB SSD, SATA-2	Nvidia GeForce GT 720M 2GB DDR3	2,9 kg, 418 mm x 278 mm x 36,8 mm	2 év garancia	6 cella, 5 óra átlagos üzemidő, 4800 mAh	DVD +/- RW, Super Multi	FreeDos	10/100, 802.11.b/g/n WLAN	2x USB 2.0 - 1x USB 3.0, Bluetooth 4.0 (low energy), 2 in 1 kártyaolvasó, HDMI out	720p HD webkamera				
Toshiba Satellite U920t-10K Notebook	205900 Ft	12,5", 1366x768, 16:9	Intel Core i3, -3227U 1.90 GHz / 3MB Cache	4 GB, DDR3 1600MHz		128GB SSD, SSD	Intel GMA HD Graphics 4000	1,5 kg, 326,5 x 213,0 x 19,9 mm	2 év garancia	3 cella, 4 óra átlagos üzemidő		Windows 8	802.11.b/g/n WLAN	2 db USB 3.0, Bluetooth 4.0 (low energy), SD kártyaolvasó, HDMI out	1.0 MP (elöl), 3.0MP (hátul) webkamera	Kapacitív érintőképernyő			
Dell Latitude E5430 (E5430_153324) Notebook	205900 Ft	14,1'', 1600*900, 16:9	Intel Core i5, -3230M 2,60GHz max. 3,20GHz / 3MB cache	4 GB, DDR3 1600MHz		500 GB/7200rpm, SATA-2	Intel GMA HD Graphics 4000	2 kg, 350 mm x 240mm x 29,90–32,5 mm	3 év garancia	6 cella, 6000 mAh	DVD +/- RW, Dual Layer	Windows 7 Professional 64 bit	10/100/1000, Intel Centrino Advanced-N 6205	2 USB 2.0, 2 USB 3.0, Bluetooth 4.0 (low energy), 3 in 1 kártyaolvasó, IEEE1394 firewire , DSUB, Ujjlenyomat olvasó, Dokkolható, ExpressCard, HDMI out	HD Webkamera	eSATA			
Lenovo ThinkPad EDGE E531 (N4I29HV) Notebook	209900 Ft	15,6", 1920x1080 Full HD, LED, 16:9	Intel Core i5, -3230M 2,60GHz max. 3,20GHz / 3MB cache	4 GB, DDR3 1600MHz		500 GB/7200rpm, SATA-2	NVIDIA GeForce GT 730M 2GB	2,5 kg, 377 x 250mm x 26.6-29.6mm	2 év garancia	6 cella, 6 óra átlagos üzemidő, 4800 mAh	DVD +/- RW, Super Multi	Win 7 Pro64 preload+Win 8 Prof64 RDVD/licence	10/100/1000, 802.11.b/g/n WLAN	2 USB 3.0, 1 USB 2.0, Bluetooth 4.0 (low energy), 4 in 1 kártyaolvasó, DSUB, Ujjlenyomat olvasó, OneLink Docking port, HDMI out	720p HD webkamera				
Dell Inspiron 7537 (7537_160290) Notebook	209900 Ft	15,6", 1366x768, 16:9	Intel Core i5, -4200U 1,60GHz - 2,60GHz / 3MB cache	6 GB, DDR3 1600MHz		500 GB, SATA-2	NVIDIA GeForce GT 750M / 2GB GDDR5	2,6 kg, 379.4mm*20.5mm(22.2mm)*254.8mm	3 év garancia	4 cella, 5800mAh		Linux	10/100/1000, Intel Dual Brand Wireless-N 7260 2x2 bgn	4 db USB3.0 port, Bluetooth 4.0 (low energy), Multi in 1kártyaolvasó, HDMI out	Camera 1.0 MPix HD	Háttérvilágításos billentyűzet			
Toshiba Satellite L50-A-19N Notebook	210900 Ft	15,6" HD LED, 1366x768, 16:9	Intel Core i7, -4700MQ 2.40GHz / 6MB Cache	8 GB, DDR3 1600MHz		750GB, SATA-2	NVIDIA GeForce GT 740M / 2GB	2,4 kg, 377,5 x 244 x 25,95 mm	2 év garancia	4 cella, 4 óra átlagos üzemidő	DVD +/- RW, Dual Layer	Windows 8.1 64bit	10/100/1000, 802.11.b/g/n WLAN	2 USB 3.0, 1 USB 2.0, Bluetooth 4.0 (low energy), Multi in 1kártyaolvasó, DSUB, HDMI out	Camera 1.0 MPix HD				
Dell Latitude E5430 (E5430_154937) Notebook	213900 Ft	14,1'', 1600*900, 16:9	Intel Core i5, -3340M 2.70GHz / 3MB Cache	4 GB, DDR3 1600MHz		500 GB/7200rpm, SATA-2	Intel GMA HD Graphics 4000	2 kg, 350 mm x 240mm x 29,90–32,5 mm	3 év garancia	6 cella, 6000 mAh	DVD +/- RW, Dual Layer	Windows 7 Professional 64 bit	10/100/1000, Intel Centrino Advanced-N 6205	2 USB 2.0, 2 USB 3.0, Bluetooth 4.0 (low energy), 3 in 1 kártyaolvasó, DSUB, Ujjlenyomat olvasó, Dokkolható, ExpressCard, HDMI out	HD Webkamera	eSATA			
Lenovo ThinkPad T530 (N1BE4HV) Notebook	218900 Ft	15,6", 1366x768, 16:9	Intel Core i3, -3120M /2.50 GHz/3MB Cache	4 GB, DDR3 1600MHz		500 GB/5400rpm, SATA-2	Intel GMA HD Graphics 4000	2,6 kg, 372.8mm x 245.1mm x 31.8-35.6mm	3 év garancia	6 cella, 9 óra átlagos üzemidő, 57WHr	DVD +/- RW, Super Multi	Win 7 Pro64 preload+Win 8 Prof64 RDVD/licence	10/100/1000, Intel WiFi Link 1000 BGN	2x USB 3.0 - 2x USB 2.0, Bluetooth 4.0 (low energy), 4 in 1 kártyaolvasó, DSUB + Display port, Ujjlenyomat olvasó, express card 34 mm	720p HD webkamera				
Hewlett Packard HP EliteBook 2760p (LG682EA) Notebook	347900 Ft	12,1'', 1280*800, 16:9	Intel Core i5, -2540M 2.60Ghz / 3MB Cache / Dual Core	4 GB, DDR3 1333MHz		128GB SSD, SATA-2	Intel Graphics 3000 HD	1,9 kg, 29 x 21,2 x 3,23 cm	3 év garancia	6 cella, 4 óra átlagos üzemidő, 39 Wh	DVD +/- RW, Super Multi	Windows 7 Professional 64 bit	10/100/1000, 802.11.b/g/n WLAN, van, WWAN/3G mobil internet modem	3 db USB 2.0 port, Bluetooth 2.1, Multi in 1kártyaolvasó, IEEE1394 firewire , DSUB, Express Card	Camera 2.0 Mp				
Hewlett Packard HP EliteBook 8770w (LY561EA) Notebook	387900 Ft	17,3", 1920x1080 Full HD, LED, 16:9	Intel Core i5, -3360M 2,8GHz / 3MB Cache	4 GB, DDR3 1333MHz		500 GB, SATA-2	AMD FirePro M4000 1GB DDR5	3,5 kg, 37,4 x 41,65 x 27.27 cm	3 év garancia	8 cella, 3 óra átlagos üzemidő	DVD +/- RW, Super Multi	Windows 7 Professional 64 bit	10/100/1000, 802.11.b/g/n WLAN	2x USB 3.0 - 2x USB 2.0, Bluetooth 4.0 (low energy), Médiakártya-olvasó , IEEE1394 firewire , DSUB, DisplayPort	Camera 2.0 Mp	eSATA			
