TermékNév	Ár	TFT Felb.	TFT Méret	TFT Típus	TFT Arány	CPU Gyártó	CPU Család	CPU Típus	RAM Méret	RAM	RAM Slot	HDD	HDD Méret	HDD Seb.	GPU	Súly	Akku cella	OS	ODD	Chipset	RAM Modul	WLAN	Kamera Felb.	USB	VGA ki	HDMI	Audio	LAN	CR	Kensington	Technológia	Tárolt energia	Elektromos töltés	AC	Anyag	Szín	Széles	Magas	Mély	Család	Hangszóró	Mikrofon	Bill. num	Képátló	BT	USB 3	Micro HDMI ki	Egyéb	Billentyűzet világítás	Panel típus	Érintőkijelző	HDD 2	HDD 2 Méret	TPM	Egér	MSATA Foglalat	Egyéb szín	3D Technológia	Pixelhiba	DisplayPort ki	eSATA ki	ExpressCard	Ujjlenyomat olvasó	HDD leejtés védelem	Dokkolható	Tanúsítvány(ok)	Vezeték nélküli kapcsolat	Soros	TB	Mini DisplayPort ki	WiDi
Acer E1-531-20204G75MNKS 15,6"/Intel Pentium 2020M 2,4GHz/4GB/750GB/DVD író notebook	0 Ft	1366x768	15,6 "		fényes	Intel	Pentium	Intel Pentium Dual-Core 2020M (2,4 GHz, 2 MB)	4,0 GB	DDR3-1333MHz	2 db	HDD	750 GB	5400 rpm	Intel HD Graphics	2,50 kg	6	Linux	DVD író	Intel	1 x 4	802.11 b/g/n	1,30 MP	2 db	1 db	1 db	Igen	10/100/1000 Mb/s	Igen	Igen	Lítium-ion	48 wattóra	4400 mAh	65 watt	Műanyag	Fekete	381,60 mm	33,20 mm	253,0 mm	Aspire E1	sztereó	Igen	Igen																													
ACER AS5733Z-P622G50MNKK 15,6"/Intel Pentium Dual-Core P6200 2,13Hz/2GB/500GB/DVD író notebook	0 Ft	1366x768	15,6 "		Fényes	Intel	Pentium	Intel Pentium Dual-Core P6200 (2,13 GHz, 2 x 256 KB + 3 MB)	2,0 GB	DDR3-1066MHz	2 db	HDD	500 GB	5400 rpm		2,60 kg	6	Linux	DVD Super Multi	Intel	1 x 2	802.11 b/g/n	1,30 MP	3 db	1 db		Igen	10/100 Mb/s	Igen	Igen				65 watt	Műanyag	Fekete	381,00 mm	34,00 mm	253,0 mm	Aspire 5733Z	Sztereó	Igen	Igen	39,62 cm																												
ACER AS5750Z-B964G75MNKK 15,6"/Intel Pentium Dual-Core B960 2,2Hz/4GB/750GB/DVD író/Fekete notebook	0 Ft	1366x768	15,6 "		Fényes	Intel	Pentium	Intel Pentium Dual-Core B960 (2,2 GHz, 2 MB)	4,0 GB	DDR3-1066MHz	2 db	HDD	750 GB	5400 rpm		2,60 kg	6	Linux	DVD Super Multi	Intel	1 x 4	802.11 b/g/n	1,30 MP	3 db	1 db	1 db	Igen	10/100/1000 Mb/s	Igen	Igen				65 watt	Műanyag	Fekete	381,60 mm	33,20 mm	253,0 mm	Aspire 5750Z	Sztereó	Igen	Igen	39,62 cm																												
ACER Aspire S7-391-73514G25AWS 13,3" Full HD Touch /Intel Core i7-3517U 1,9GHz/4GB/256GB SSD/Win8/Fehér notebook	0 Ft	1920x1080	13,3 "		Fényes	Intel	Core i7	Intel Core i7-3517U (1,9 GHz)	4,0 GB	DDR3-1333MHz	0 db	SSD	256 GB		Intel HD 4000	1,30 kg	4	Windows 8		Intel	1 x 4	802.11 b/g/n	1,30 MP				Igen		Igen		Li-polymer			65 watt		Fehér	323,30 mm	11,90 mm	223,5 mm	Aspire S7	Sztereó	Igen		33,78 cm	4.0 + HS	2 db	1 db	Egér,USB Ethernet átalakító,Micro HDMI - VGA átalakító	Igen																							
ACER Aspire V5-131-10072G32NKK 11,6"/Intel Celeron Dual-Core 1007U 1,5GHz/2GB/320GB/Linux/Fekete notebook	0 Ft	1366x768	11,6 "		Matt	Intel	Celeron	Intel Celeron Dual-Core 1007U (1,5 GHz, 2 MB)	2,0 GB	DDR3-1600MHz	2 db	HDD	320 GB	5400 rpm	Intel HD Graphics	1,38 kg	4	Linux		Intel	1 x 2	802.11 b/g/n	0,90 MP	3 db	1 db	1 db	Igen	10/100 Mb/s	Igen	Igen	Li-ion	37 wattóra	2500 mAh	40 watt	Műanyag	Fekete	285,00 mm	27,30 mm	202,0 mm	Aspire V5	Sztereó	Igen								TN																						
ACER Aspire V5-131-10074G50NKK 11,6"/Intel Celeron Dual-Core 1007U 1,5GHz/4GB/500GB/Linux/Fekete notebook	0 Ft	1366x768	11,6 "		Fényes	Intel	Celeron	Intel Celeron Dual-Core 1007U (1,5 GHz, 2 MB)	4,0 GB	DDR3-1600MHz	2 db	HDD	500 GB	5400 rpm	Intel HD Graphics	1,38 kg	4	Linux		Intel	1 x 4	802.11 b/g/n	0,90 MP	3 db	1 db	1 db	Igen	10/100 Mb/s	Igen	Igen	Li-ion	37 wattóra	2500 mAh	40 watt	Műanyag	Fekete	285,00 mm	27,30 mm	202,0 mm	Aspire V5	Sztereó	Igen								TN																						
ACER Aspire V5-131-10074G50NSS 11,6"/Intel Celeron Dual-Core 1007U 1,5GHz/4GB/500GB/Linux/Ezüst notebook	0 Ft	1366x768	11,6 "		Fényes	Intel	Celeron	Intel Celeron Dual-Core 1007U (1,5 GHz, 2 MB)	4,0 GB	DDR3-1600MHz	2 db	HDD	500 GB	5400 rpm	Intel HD Graphics	1,38 kg	4	Linux		Intel	1 x 4	802.11 b/g/n	0,90 MP	3 db	1 db	1 db	Igen	10/100 Mb/s	Igen	Igen	Li-ion	37 wattóra	2500 mAh	40 watt	Műanyag	Ezüst	285,00 mm	27,30 mm	202,0 mm	Aspire V5	Sztereó	Igen								TN																						
Acer E1-522-45004G75MNKK 15,6"/AMD Quad-Core A4-5000 1,5GHz/4GB/750GB/DVD író/fekete notebook	0 Ft	1366x768	15,6 "		Fényes	AMD	A4	AMD Quad-Core A4-5000M (1,5GHz, 2MB)	4,0 GB	DDR3-1600MHz	2 db	HDD	750 GB	5400 rpm	AMD Radeon HD 8330	2,40 kg	4	Linux	DVD író	AMD	1 x 4	802.11 b/g/n	0,90 MP	2 db	1 db	1 db	Igen	10/100/1000 Mb/s	Igen	Igen	Li-ion	37 wattóra	2500 mAh	65 watt	Műanyag	Fekete	382,00 mm	25,30 mm	256,0 mm	Aspire E1	Sztereó	Igen	Igen		Van	1 db				TN																						
Acer E1-522-65204G1TMNKK 15,6"/AMD Quad-Core A6-5200 2,0GHz/4GB/1000GB/DVD író/fekete notebook	0 Ft	1366x768	15,6 "		Fényes	AMD	A6	AMD Quad-Core A6-5200M (2,0GHz, 2MB)	4,0 GB	DDR3-1600MHz	2 db	HDD	1000 GB	5400 rpm	AMD Radeon HD 8400	2,40 kg	4	Linux	DVD író	AMD	1 x 4	802.11 b/g/n	0,90 MP	2 db	1 db	1 db	Igen	10/100/1000 Mb/s	Igen	Igen	Li-ion	37 wattóra	2500 mAh	65 watt	Műanyag	Fekete	382,00 mm	25,30 mm	256,0 mm	Aspire E1	Sztereó	Igen	Igen		Van	1 db				TN																						
Acer E1-530-21174G50MNKK 15,6"/Intel Pentium 2117U 1,8GHz/4GB/500GB/DVD író/Fekete notebook	0 Ft	1366x768	15,6 "		Fényes	Intel	Pentium	Intel Pentium Dual-Core 2117U (1,8 GHz, 2 MB)	4,0 GB	DDR3-1600MHz	1 db	HDD	500 GB	5400 rpm	Intel HD Graphics	2,35 kg	4	Linux	DVD író	Intel	1 x 4	802.11 b/g/n	0,90 MP	2 db	1 db	1 db	Igen	10/100/1000 Mb/s	Igen	Igen	Li-ion	37 wattóra	2500 mAh	65 watt	Műanyag	Fekete	381,60 mm	25,30 mm	256,0 mm	Aspire E1	Sztereó	Igen	Igen		Van	1 db				TN																						
Acer E1-530-21174G75MNKK 15,6"/Intel Pentium 2117U 1,8GHz/4GB/750GB/DVD író/Fekete notebook	0 Ft	1366x768	15,6 "		Fényes	Intel	Pentium	Intel Pentium Dual-Core 2117U (1,8 GHz, 2 MB)	4,0 GB	DDR3-1600MHz	1 db	HDD	750 GB	5400 rpm	Intel HD Graphics	2,35 kg	4	Linux	DVD író	Intel	1 x 4	802.11 b/g/n	0,90 MP	2 db	1 db	1 db	Igen	10/100/1000 Mb/s	Igen	Igen	Li-ion	37 wattóra	2500 mAh	65 watt	Műanyag	Fekete	381,60 mm	25,30 mm	256,0 mm	Aspire E1	Sztereó	Igen	Igen		Van	1 db				TN																						
Acer E1-530-21174G75MNKK 15,6"/Intel Pentium 2117U 1,8GHz/4GB/750GB/DVD író/Win8/Fekete notebook	0 Ft	1366x768	15,6 "		Fényes	Intel	Pentium	Intel Pentium Dual-Core 2117U (1,8 GHz, 2 MB)	4,0 GB	DDR3-1600MHz	1 db	HDD	750 GB	5400 rpm	Intel HD Graphics	2,35 kg	4	Windows 8 64 bit	DVD író	Intel	1 x 4	802.11 b/g/n	0,90 MP	2 db	1 db	1 db	Igen	10/100/1000 Mb/s	Igen	Igen	Li-ion	37 wattóra	2500 mAh	65 watt	Műanyag	Fekete	381,60 mm	25,30 mm	256,0 mm	Aspire E1	Sztereó	Igen	Igen		Van	1 db				TN																						
Acer E1-530-21178G1TMNKK 15,6"/Intel Pentium 2117U 1,8GHz/8GB/1000GB/DVD író/Fekete notebook	0 Ft	1366x768	15,6 "		Fényes	Intel	Pentium	Intel Pentium Dual-Core 2117U (1,8 GHz, 2 MB)	8,0 GB	DDR3-1600MHz	1 db	HDD	1000 GB	5400 rpm	Intel HD Graphics	2,35 kg	4	Linux	DVD író	Intel	1 x 8	802.11 b/g/n	0,90 MP	2 db	1 db	1 db	Igen	10/100/1000 Mb/s	Igen	Igen	Li-ion	37 wattóra	2500 mAh	65 watt	Műanyag	Fekete	381,60 mm	25,30 mm	256,0 mm	Aspire E1	Sztereó	Igen	Igen		Van	1 db				TN																						
Acer E1-530G-21174G1TMNKK 15,6"/Intel Pentium 2117U 1,8GHz/4GB/1000GB/DVD író/Fekete notebook	0 Ft	1366x768	15,6 "		Fényes	Intel	Pentium	Intel Pentium Dual-Core 2117U (1,8 GHz, 2 MB)	4,0 GB	DDR3-1600MHz	1 db	HDD	1000 GB	5400 rpm	NVIDIA GeForce GT 720M 1GB	2,35 kg	4	Linux	DVD író	NVIDIA	1 x 4	802.11 b/g/n	0,90 MP	2 db	1 db	1 db	Igen	10/100/1000 Mb/s	Igen	Igen	Li-ion	37 wattóra	2500 mAh	65 watt	Műanyag	Fekete	381,60 mm	25,30 mm	256,0 mm	Aspire E1	Sztereó	Igen	Igen		Van	1 db				TN																						
Acer E1-530G-21174G50Mnkk 15,6"/Intel Pentium 2117U 1,8GHz/4GB/500GB/DVD író/Fekete notebook	0 Ft	1366x768	15,6 "		fényes	Intel	Pentium	Intel Pentium Dual-Core 2117U (1,8 GHz, 2 MB)	4,0 GB	DDR3-1333MHz	2 db	HDD	500 GB	5400 rpm	NVIDIA GeForce GT 720M 1GB	2,50 kg	4	Linux	DVD író	NVIDIA	1 x 4	802.11 b/g/n	1,30 MP	2 db	1 db	1 db	Igen	10/100/1000 Mb/s	Igen	Igen	Lítium-ion			65 watt	Műanyag	Fekete	381,60 mm	33,20 mm	253,0 mm	Aspire E1	sztereó	Igen	Igen																													
Acer E1-530G-21174G75MNKK 15,6"/Intel Pentium 2117U 1,8GHz/4GB/750GB/DVD író/Fekete notebook	0 Ft	1366x768	15,6 "		Fényes	Intel	Pentium	Intel Pentium Dual-Core 2117U (1,8 GHz, 2 MB)	4,0 GB	DDR3-1600MHz	1 db	HDD	750 GB	5400 rpm	NVIDIA GeForce GT 720M 1GB	2,35 kg	4	Linux	DVD író	NVIDIA	1 x 4	802.11 b/g/n	0,90 MP	2 db	1 db	1 db	Igen	10/100/1000 Mb/s	Igen	Igen	Li-ion	37 wattóra	2500 mAh	65 watt	Műanyag	Fekete	381,60 mm	25,30 mm	256,0 mm	Aspire E1	Sztereó	Igen	Igen		Van	1 db				TN																						
Acer E1-530G-21174G75MNKK 15,6"/Intel Pentium 2117U 1,8GHz/4GB/750GB/DVD író/Win8/Fekete notebook	0 Ft	1366x768	15,6 "		Fényes	Intel	Pentium	Intel Pentium Dual-Core 2117U (1,8 GHz, 2 MB)	4,0 GB	DDR3-1600MHz	1 db	HDD	750 GB	5400 rpm	NVIDIA GeForce GT 720M 1GB	2,35 kg	4	Windows 8 64 bit	DVD író	NVIDIA	1 x 4	802.11 b/g/n	0,90 MP	2 db	1 db	1 db	Igen	10/100/1000 Mb/s	Igen	Igen	Li-ion	37 wattóra	2500 mAh	65 watt	Műanyag	Fekete	381,60 mm	25,30 mm	256,0 mm	Aspire E1	Sztereó	Igen	Igen		Van	1 db				TN																						
Acer E1-530G-21178G1TMNKK 15,6"/Intel Pentium 2117U 1,8GHz/8GB/1000GB/DVD író/Fekete notebook	0 Ft	1366x768	15,6 "		Fényes	Intel	Pentium	Intel Pentium Dual-Core 2117U (1,8 GHz, 2 MB)	8,0 GB	DDR3-1600MHz	1 db	HDD	1000 GB	5400 rpm	NVIDIA GeForce GT 720M 1GB	2,35 kg	4	Linux	DVD író	NVIDIA	1 x 8	802.11 b/g/n	0,90 MP	2 db	1 db	1 db	Igen	10/100/1000 Mb/s	Igen	Igen	Li-ion	37 wattóra	2500 mAh	65 watt	Műanyag	Fekete	381,60 mm	25,30 mm	256,0 mm	Aspire E1	Sztereó	Igen	Igen		Van	1 db				TN																						
ACER E1-531-10004G50MNRR 15,6"/Intel Celeron Dual-Core 1000M 1,8GHz/4GB/500GB/DVD író/Piros notebook	0 Ft	1366x768	15,6 "		Fényes	Intel	Celeron Dual-Core	Intel Celeron Dual-Core 1000M (1,8 GHz, 2 MB)	4,0 GB		2 db	HDD	500 GB	5400 rpm	Intel HD Graphics	2,50 kg	6	Linux	DVD író	Intel	1 x 4	802.11 b/g/n	1,30 MP	3 db	1 db	1 db	Igen	10/100/1000 Mb/s	Igen	Igen	Li-ion			65 watt	Műanyag	Piros	381,60 mm	33,20 mm	253,0 mm	Aspire E1	Sztereó	Igen	Igen																													
Acer E1-531-20204G50MNKS 15,6"/Intel Pentium 2020M 2,4GHz/4GB/500GB/DVD író notebook	0 Ft	1366x768	15,6 "		fényes	Intel	Pentium	Intel Pentium Dual-Core 2020M (2,4 GHz, 2 MB)	4,0 GB	DDR3-1333MHz	2 db	HDD	500 GB	5400 rpm	Intel HD Graphics	2,50 kg	6	Linux	DVD író	Intel	1 x 4	802.11 b/g/n	1,30 MP	2 db	1 db	1 db	Igen	10/100/1000 Mb/s	Igen	Igen	Lítium-ion	48 wattóra	4400 mAh	65 watt	Műanyag	Fekete	381,60 mm	33,20 mm	253,0 mm	Aspire E1	sztereó	Igen	Igen																													
Acer E1-531-20208G1TMNKS 15,6"/Intel Pentium 2020M 2,4GHz/8GB/1000GB/DVD író notebook	0 Ft	1366x768	15,6 "		fényes	Intel	Pentium	Intel Pentium Dual-Core 2020M (2,4 GHz, 2 MB)	8,0 GB	DDR3-1333MHz	2 db	HDD	1000 GB	5400 rpm	Intel HD Graphics	2,50 kg	6	Linux	DVD író	Intel	2 x 4	802.11 b/g/n	1,30 MP	2 db	1 db	1 db	Igen	10/100/1000 Mb/s	Igen	Igen	Lítium-ion	48 wattóra	4400 mAh	65 watt	Műanyag	Fekete	381,60 mm	33,20 mm	253,0 mm	Aspire E1	sztereó	Igen	Igen																													
Acer E1-532-29554G50MNKK 15,6"/Intel Celeron Dual-Core 2955U 1,4GHz/4GB/500GB/DVD író/fekete notebook	0 Ft	1366x768	15,6 "		Fényes	Intel	Celeron	Intel Celeron 2955U (1,4 GHz, 2 MB)	4,0 GB	DDR3-1600MHz	1 db	HDD	500 GB	5400 rpm	Intel HD Graphics	2,35 kg	4	Linux	DVD író	Intel	1 x 4	802.11 b/g/n	0,90 MP	2 db	1 db	1 db	Igen	10/100/1000 Mb/s	Igen	Igen	Li-ion	37 wattóra	2500 mAh	65 watt	Műanyag	Fekete	381,60 mm	25,30 mm	256,0 mm	Aspire E1	Sztereó	Igen	Igen		Van	1 db				TN																						
Acer E1-532-29554G50MNRR 15,6"/Intel Celeron Dual-Core 2955U 1,4GHz/4GB/500GB/DVD író/piros notebook	0 Ft	1366x768	15,6 "		Fényes	Intel	Celeron	Intel Celeron 2955U (1,4 GHz, 2 MB)	4,0 GB	DDR3-1600MHz	1 db	HDD	500 GB	5400 rpm	Intel HD Graphics	2,35 kg	4	Linux	DVD író	Intel	1 x 4	802.11 b/g/n	0,90 MP	2 db	1 db	1 db	Igen	10/100/1000 Mb/s	Igen	Igen	Li-ion	37 wattóra	2500 mAh	65 watt	Műanyag	Piros	381,60 mm	25,30 mm	256,0 mm	Aspire E1	Sztereó	Igen	Igen		Van	1 db				TN																						
Acer E1-570-33214G50Mnkk 15,6"/Intel Core i3-3217U 1,8GHz/4GB/500GB/DVD író/Fekete notebook	0 Ft	1366x768	15,6 "		Fényes	Intel	Core i3	Intel Core i3-3217U (1,8 GHz, 3 MB)	4,0 GB	DDR3-1600MHz	2 db	HDD	500 GB	5400 rpm	Intel HD 4000	2,35 kg	4	Linux	DVD író	Intel	1 x 4	802.11 b/g/n	0,90 MP	2 db	1 db	1 db	Igen	10/100/1000 Mb/s	Igen	Igen	Li-ion	37 wattóra	2500 mAh	65 watt	Műanyag	Fekete	381,60 mm	25,30 mm	256,0 mm	Aspire E1	Sztereó	Igen	Igen		Van	1 db				TN																						
Acer E1-570-33214G50Mnkk 15,6"/Intel Core i3-3217U 1,8GHz/4GB/500GB/DVD író/Win8/Fekete notebook	0 Ft	1366x768	15,6 "		Fényes	Intel	Core i3	Intel Core i3-3217U (1,8 GHz, 3 MB)	4,0 GB	DDR3-1600MHz	2 db	HDD	500 GB	5400 rpm	Intel HD 4000	2,35 kg	4	Windows 8 64 bit	DVD író	Intel	1 x 4	802.11 b/g/n	0,90 MP	2 db	1 db	1 db	Igen	10/100/1000 Mb/s	Igen	Igen	Li-ion	37 wattóra	2500 mAh	65 watt	Műanyag	Fekete	381,60 mm	25,30 mm	256,0 mm	Aspire E1	Sztereó	Igen	Igen		Van	1 db				TN																						
Acer E1-570G-33214G1TMNKK 15,6"/Intel Core i3-3217U 1,8GHz/4GB/1000GB/DVD író/Fekete notebook	0 Ft	1366x768	15,6 "		Fényes	Intel	Core i3	Intel Core i3-3217U (1,8 GHz, 3 MB)	4,0 GB	DDR3-1600MHz	2 db	HDD	1000 GB	5400 rpm	NVIDIA GeForce GT 740M 2GB	2,35 kg	4	Linux	DVD író	NVIDIA	1 x 4	802.11 b/g/n	0,90 MP	2 db	1 db	1 db	Igen	10/100/1000 Mb/s	Igen	Igen	Li-ion	37 wattóra	2500 mAh	65 watt	Műanyag	Fekete	381,60 mm	25,30 mm	256,0 mm	Aspire E1	Sztereó	Igen	Igen		Van	1 db				TN																						
Acer E1-570G-33214G50MNKK 15,6"/Intel Core i3-3217U 1,8GHz/4GB/500GB/DVD író/Fekete notebook	0 Ft	1366x768	15,6 "		Fényes	Intel	Core i3	Intel Core i3-3217U (1,8 GHz, 3 MB)	4,0 GB	DDR3-1600MHz	2 db	HDD	500 GB	5400 rpm	NVIDIA GeForce GT 720M 1GB	2,35 kg	4	Linux	DVD író	NVIDIA	1 x 4	802.11 b/g/n	0,90 MP	2 db	1 db	1 db	Igen	10/100/1000 Mb/s	Igen	Igen	Li-ion	37 wattóra	2500 mAh	65 watt	Műanyag	Fekete	381,60 mm	25,30 mm	256,0 mm	Aspire E1	Sztereó	Igen	Igen		Van	1 db				TN																						
Acer E1-570G-53334G1TMNKK 15,6"/Intel Core i5-3337U 1,8GHz/4GB/1000GB/DVD író/Fekete notebook	0 Ft	1366x768	15,6 "		Fényes	Intel	Core i5	Intel Core i5-3337U (1,8 GHz, 3MB)	4,0 GB	DDR3-1600MHz	2 db	HDD	1000 GB	5400 rpm	NVIDIA GeForce GT 740M 2GB	2,35 kg	4	Linux	DVD író	NVIDIA	1 x 4	802.11 b/g/n	0,90 MP	2 db	1 db	1 db	Igen	10/100/1000 Mb/s	Igen	Igen	Li-ion	37 wattóra	2500 mAh	65 watt	Műanyag	Fekete	381,60 mm	25,30 mm	256,0 mm	Aspire E1	Sztereó	Igen	Igen		Van	1 db				TN																						
Acer E1-570G-53336G75MNKK 15,6"/Intel Core i5-3337U 1,8GHz/6GB/750GB/DVD író/Win8/Fekete notebook	0 Ft	1366x768	15,6 "		Fényes	Intel	Core i5	Intel Core i5-3337U (1,8 GHz, 3MB)	6,0 GB	DDR3-1600MHz	2 db	HDD	750 GB	5400 rpm	NVIDIA GeForce GT 740M 2GB	2,35 kg	4	Windows 8 64 bit	DVD író	NVIDIA	4 + 2	802.11 b/g/n	0,90 MP	2 db	1 db	1 db	Igen	10/100/1000 Mb/s	Igen	Igen	Li-ion	37 wattóra	2500 mAh	65 watt	Műanyag	Fekete	381,60 mm	25,30 mm	256,0 mm	Aspire E1	Sztereó	Igen	Igen		Van	1 db				TN																						
ACER E1-571-33114G50MAKS 15,6"/Intel Core i3-3110M 2,4GHz/4GB/500GB/DVD író/Fekete notebook	0 Ft	1366x768	15,6 "		Fényes	Intel	Core i3	Intel Core i3-3110M (2,4 GHz, 3 MB)	4,0 GB	DDR3-1600MHz	2 db	HDD	500 GB	5400 rpm	Intel HD Graphics	2,50 kg	6	Linux	DVD író	Intel	1 x 4	802.11 a/b/g/n	0,90 MP	3 db	1 db	1 db	Igen	10/100/1000 Mb/s	Igen	Igen	Li-ion	48 wattóra	4400 mAh		Műanyag	Fekete	381,60 mm	33,20 mm	253,0 mm	Aspire E1	Sztereó	Igen	Igen		4.0					TN																						
Acer E1-571-33114G75MNKS 15,6"/Intel Core i3-3110M 2,4GHz/4GB/750GB/DVD író notebook	0 Ft	1366x768	15,6 "		fényes	Intel	Core i3	Intel Core i3-3110M (2,4 GHz, 3 MB)	4,0 GB	DDR3-1333MHz	2 db	HDD	750 GB	5400 rpm	Intel HD Graphics	2,50 kg	6	Linux	DVD író	Intel	1 x 4	802.11 b/g/n	1,30 MP	2 db	1 db	1 db	Igen	10/100/1000 Mb/s	Igen	Igen	Lítium-ion	48 wattóra	4400 mAh	65 watt	Műanyag	Fekete	381,60 mm	33,20 mm	253,0 mm	Aspire E1	sztereó	Igen	Igen		4.0 + HS																											
Acer E1-571-33118G1TMNKS 15,6"/Intel Core i3-3110M 2,4GHz/8GB/1000GB/DVD író notebook	0 Ft	1366x768	15,6 "		fényes	Intel	Core i3	Intel Core i3-3110M (2,4 GHz, 3 MB)	8,0 GB	DDR3-1333MHz	2 db	HDD	1000 GB	5400 rpm	Intel HD Graphics	2,50 kg	6	Linux	DVD író	Intel	2 x 4	802.11 b/g/n	1,30 MP	2 db	1 db	1 db	Igen	10/100/1000 Mb/s	Igen	Igen	Lítium-ion	48 wattóra	4400 mAh	65 watt	Műanyag	Fekete	381,60 mm	33,20 mm	253,0 mm	Aspire E1	sztereó	Igen	Igen																													
Acer E1-572G-74504G1TMNII 15,6"/Intel Core i7-4500U 1,8GHz/4GB/1000GB/DVD író notebook	0 Ft	1366x768	15,6 "		Fényes	Intel	Core i7	Intel Core i7-4500U (1,8 GHz, 4 MB)	4,0 GB	DDR3-1600MHz	2 db	HDD	1000 GB	5400 rpm	AMD Radeon HD 8750M 2GB GDDR3	2,35 kg	4	Linux	DVD író	AMD	1 x 4	802.11 b/g/n	0,90 MP	2 db	1 db	1 db	Igen	10/100/1000 Mb/s	Igen	Igen	Li-ion	37 wattóra	2500 mAh	65 watt	Műanyag	Acélszürke	381,60 mm	25,30 mm	256,0 mm	Aspire E1	Sztereó	Igen	Igen		Van	1 db				TN																						
Acer E1-572G-74508G1TMNKK 15,6"/Intel Core i7-4500U 1,8GHz/8GB/1000GB/DVD író/fekete notebook	0 Ft	1366x768	15,6 "		Fényes	Intel	Core i7	Intel Core i7-4500U (1,8 GHz, 4 MB)	8,0 GB	DDR3-1600MHz	2 db	HDD	1000 GB	5400 rpm	AMD Radeon HD 8750M 2GB GDDR3	2,35 kg	4	Linux	DVD író	AMD	2 x 4	802.11 b/g/n	0,90 MP	2 db	1 db	1 db	Igen	10/100/1000 Mb/s	Igen	Igen	Li-ion	37 wattóra	2500 mAh	65 watt	Műanyag	Fekete	381,60 mm	25,30 mm	256,0 mm	Aspire E1	Sztereó	Igen	Igen		Van	1 db				TN																						
Acer E1-731-20204G1TMNII 17,3"/Intel Pentium 2020M 2,4GHz/4GB/1000GB/DVD író/Acélszürke notebook	0 Ft	1600x900	17,3 "		Fényes	Intel	Pentium	Intel Pentium Dual-Core 2020M (2,4 GHz, 2 MB)	4,0 GB	DDR3L-1600MHz	2 db	HDD	1000 GB	5400 rpm	Intel HD Graphics	3,20 kg	6	Linux	DVD író	Intel	1 x 4	802.11 b/g/n	0,90 MP	1 db	1 db	1 db	Igen	10/100/1000 Mb/s	Igen	Igen	Li-ion	48 wattóra	4400 mAh	65 watt		Acélszürke	414,80 mm	34,60 mm	275,0 mm	Aspire E1	Sztereó	Igen	Igen		Van	2 db				TN																						
Acer E1-771G-33124G1TMNII 17,3"/Intel Core i3-3120M 2,5GHz/4GB/1000GB/DVD író notebook	0 Ft	1600x900	17,3 "		Fényes	Intel	Core i3	Intel Core i3-3120M (2,5 GHz, 3MB)	4,0 GB	DDR3-1600MHz	2 db	HDD	1000 GB	5400 rpm	NVIDIA GeForce 710M 2GB	3,20 kg	6	Linux	DVD író	NVIDIA	1 x 4	802.11 b/g/n	0,90 MP	2 db	1 db	1 db	Igen	10/100/1000 Mb/s	Igen	Igen	Li-ion	48 wattóra	4400 mAh	90 watt	Műanyag	Acélszürke	414,80 mm	34,60 mm	275,0 mm	Aspire E1	Sztereó	Igen	Igen		Van	1 db				TN																						
Acer E1-771G-53234G1TMNII 17,3"/Intel Core i5-3230M 2,6GHz/4GB/1000GB/DVD író notebook	0 Ft	1600x900	17,3 "		Fényes	Intel	Core i5	Intel Core i5-3230M (2,6 GHz, 3MB)	4,0 GB	DDR3-1600MHz	2 db	HDD	1000 GB	5400 rpm	NVIDIA GeForce 710M 2GB	3,20 kg	6	Linux	DVD író	NVIDIA	1 x 4	802.11 b/g/n	0,90 MP	2 db	1 db	1 db	Igen	10/100/1000 Mb/s	Igen	Igen	Li-ion	48 wattóra	4400 mAh	90 watt	Műanyag	Acélszürke	414,80 mm	34,60 mm	275,0 mm	Aspire E1	Sztereó	Igen	Igen		Van	1 db				TN																						
Acer E1-772-34004G1TMNSK 17,3"/Intel i3-4000M 2,4GHz/4GB/1000GB/DVD író/Fekete notebook	0 Ft	1600x900	17,3 "		Fényes	Intel	Core i3	Intel Core i3-4000M (2,4GHz, 3MB)	4,0 GB	DDR3L-1600MHz	2 db	HDD	1000 GB	5400 rpm	Intel HD Graphics 4600	3,20 kg	6	Linux	DVD író	Intel	1 x 4	802.11 b/g/n	0,90 MP	1 db	1 db	1 db	Igen	10/100/1000 Mb/s	Igen	Igen	Li-ion	48 wattóra	4400 mAh	65 watt		Fekete	414,80 mm	34,60 mm	275,0 mm	Aspire E1	Sztereó	Igen	Igen		Van	2 db				TN																						
Acer E1-772G-34004G1TMNSK 17,3"/Intel i3-4000M 2,4GHz/4GB/1000GB/DVD író/Fekete notebook	0 Ft	1600x900	17,3 "		Fényes	Intel	Core i3	Intel Core i3-4000M (2,4GHz, 3MB)	4,0 GB	DDR3L-1600MHz	2 db	HDD	1000 GB	5400 rpm	NVIDIA GeForce GT 820M 2GB	3,20 kg	6	Linux	DVD író	NVIDIA	1 x 4	802.11 b/g/n	0,90 MP	1 db	1 db	1 db	Igen	10/100/1000 Mb/s	Igen	Igen	Li-ion	48 wattóra	4400 mAh	90 watt		Fekete	414,80 mm	34,60 mm	275,0 mm	Aspire E1	Sztereó	Igen	Igen		Van	2 db				TN																						
Acer E1-772G-54204G1TMNSK 17,3"/Intel i5-4200M 2,5GHz/4GB/1000GB/DVD író/Fekete notebook	0 Ft	1600x900	17,3 "		Fényes	Intel	Core i5	Intel Core i5-4200U (1,6 GHz, 3 MB)	4,0 GB	DDR3L-1600MHz	2 db	HDD	1000 GB	5400 rpm	NVIDIA GeForce GT 820M 2GB	3,20 kg	6	Linux	DVD író	NVIDIA	1 x 4	802.11 b/g/n	0,90 MP	1 db	1 db	1 db	Igen	10/100/1000 Mb/s	Igen	Igen	Li-ion	48 wattóra	4400 mAh	90 watt		Fekete	414,80 mm	34,60 mm	275,0 mm	Aspire E1	Sztereó	Igen	Igen		Van	2 db				TN																						
Acer P3-171-5333Y4G12AS 11,6" Multi-touch IPS/Intel Core i5-3229Y 1,5GHz/4GB/120GB/Win8 notebook	0 Ft	1366x768	11,6 "		Fényes	Intel	Core i5	Intel Core i5-3339Y (1,5 GHz, 3MB)	4,0 GB	DDR3-1600MHz	0 db	SSD	120 GB		Intel HD 4000	0,79 kg	4	Windows 8 64 bit		Intel	1 x 4	802.11 a/b/g/n	5,00 MP				Igen				Li-ion	40 wattóra	5280 mAh	65 watt	Műanyag	Ezüst	190,77 mm	10,10 mm	295,0 mm	Aspire P3	Sztereó	Igen			4.0	1 db	1 db	Bluetooth billentyűzet		IPS	Igen																					
Acer R7-572G-54208G1.02TASS 15,6" Full HD Multi-touch IPS/Intel Core i5-4200U 1,6GHz/8GB/1000GB+24GBSSD/Win8 notebook	0 Ft	1920x1080	15,6 "		Fényes	Intel	Core i5	Intel Core i5-4200U (1,6 GHz, 3 MB)	8,0 GB	DDR3-1600MHz	2 db	HDD	1000 GB	5400 rpm	NVIDIA GeForce GT 750M 2GB DDR5	2,50 kg	4	Windows 8 64 bit		NVIDIA	2 x 4	802.11 a/b/g/n	0,90 MP	1 db		1 db	Igen		Igen	Igen	Li-polymer	53 wattóra	3560 mAh	90 watt		Ezüst	376,80 mm	28,50 mm	254,5 mm	Aspire R7	Sztereó	Igen			4.0	2 db		Acer Converter 3in1 (VGA Ethernet USB 2.0)	Igen	IPS	Igen	SSD	24 GB	Igen	Stylus																	
Acer R7-572G-74508G1.02TASS 15,6" Full HD Multi-touch IPS/Intel Core i7-4500U 1,8GHz/8GB/1000GB+24GBSSD/Win8 notebook	0 Ft	1920x1080	15,6 "		Fényes	Intel	Core i7	Intel Core i7-4500U (1,8 GHz, 4 MB)	8,0 GB	DDR3-1600MHz	2 db	HDD	1000 GB	5400 rpm	NVIDIA GeForce GT 750M 2GB DDR5	2,50 kg	4	Windows 8 64 bit		NVIDIA	2 x 4	802.11 a/b/g/n	0,90 MP	1 db		1 db	Igen		Igen	Igen	Li-polymer	53 wattóra	3560 mAh	90 watt		Ezüst	376,80 mm	28,50 mm	254,5 mm	Aspire R7	Sztereó	Igen			4.0	2 db		Acer Converter 3in1 (VGA Ethernet USB 2.0)	Igen	IPS	Igen	SSD	24 GB	Igen	Stylus																	
Acer S3-371-33214G50add 13,3"/Intel Core i3 3217U 1,8GHz/4GB/500GB notebook	0 Ft	1366x768	13,3 "		Fényes	Intel	Core i3	Intel Core i3-3217U (1,8 GHz, 3 MB)	4,0 GB	DDR3-1600MHz	0 db	HDD	500 GB	5400 rpm	Intel HD 4000	1,36 kg	3	Linux		Intel	1 x 4	802.11 a/b/g/n	0,90 MP			1 db	Igen		Igen		Li-polymer	36 wattóra	3280 mAh	65 watt	alumínium	Champagne gold	323,00 mm	17,50 mm	218,5 mm	Aspire S3	Sztereó	Igen			4.0	2 db				TN																						
ACER S7-391-53334G12AWS 13,3" FHD Touch /Intel Core i5-3337U 1,8GHz/4GB/128GB SSD/Win8/Fehér notebook	0 Ft	1920x1080	13,3 "			Intel	Core i5	Intel Core i5-3337U (1,8 GHz, 3MB)	4,0 GB	DDR3-1600MHz	0 db	SSD	128 GB		Intel HD 4000	1,30 kg	4	Windows 8 64 bit		Intel	1 x 4	802.11 a/g/n	0,90 MP				Igen		Igen		Li-ion	35 wattóra	4680 mAh	65 watt		Fehér	323,30 mm	11,90 mm	223,5 mm	Aspire S7	Sztereó	Igen			4.0	2 db	1 db		Igen	IPS	Igen																					
ACER S7-391-53334G25AWS 13,3" FHD Touch /Intel Core i5-3337U 1,8GHz/4GB/256GB SSD/Win8/Fehér notebook	0 Ft	1920x1080	13,3 "			Intel	Core i5	Intel Core i5-3337U (1,8 GHz, 3MB)	4,0 GB	DDR3-1600MHz	0 db	SSD	256 GB		Intel HD 4000	1,30 kg	4	Windows 8 64 bit		Intel	1 x 4	802.11 a/g/n	0,90 MP				Igen		Igen		Li-ion	35 wattóra	4680 mAh	65 watt		Fehér	323,30 mm	11,90 mm	223,5 mm	Aspire S7	Sztereó	Igen			4.0	2 db	1 db		Igen	IPS	Igen																					
ACER S7-392-54208G25TWS 13,3" WQHD Touch /Intel Core i5-4200U 1,6GHz/8GB/256GB SSD/Win8/Fehér notebook	0 Ft	2560 x 1440	13,3 "			Intel	Core i5	Intel Core i5-4200U (1,6 GHz, 3 MB)	8,0 GB	DDR3L-1600MHz	0 db	SSD	256 GB		Intel HD 4400	1,30 kg	4	Windows 8 64 bit		Intel	1 x 8	802.11 a/g/n	0,90 MP			1 db	Igen		Igen		Li-polymer	35 wattóra	4680 mAh	45 watt		Fehér	323,30 mm	11,90 mm	223,5 mm	Aspire S7	Sztereó	Igen			4.0	2 db			Igen	IPS	Igen																					
ACER S7-392-74508G25TWS 13,3" WQHD Touch /Intel Core i7-4500U 1,8GHz/8GB/256GB SSD/Win8/Fehér notebook	0 Ft	2560 x 1440	13,3 "			Intel	Core i7	Intel Core i7-4500U (1,8 GHz, 4 MB)	8,0 GB	DDR3L-1600MHz	0 db	SSD	256 GB		Intel HD 4400	1,30 kg	4	Windows 8 64 bit		Intel	1 x 8	802.11 a/g/n	0,90 MP			1 db	Igen		Igen		Li-polymer	35 wattóra	4680 mAh	45 watt		Fehér	323,30 mm	11,90 mm	223,5 mm	Aspire S7	Sztereó	Igen			4.0	2 db			Igen	IPS	Igen																					
ACER V3-531-B9702G32MAII 15,6"/Intel Pentium Dual-Core B970 2,3Hz/2GB/320GB/DVD író/Grafitszürke notebook	0 Ft	1366x768	15,6 "		Fényes	Intel	Pentium	Intel Pentium Dual-Core B970 (2,3 GHz, 2 MB)	2,0 GB	DDR3-1066MHz	2 db	HDD	320 GB	5400 rpm		2,60 kg	6	Linux	DVD Super Multi	Intel	1 x 2	802.11 b/g/n	1,30 MP	2 db	1 db	1 db	Igen	10/100/1000 Mb/s	Igen	Igen	Lítium-ion			65 watt	Műanyag	Grafitszürke	381,60 mm	33,20 mm	253,0 mm	Aspire V3	Sztereó	Igen	Igen	39,62 cm	4.0	1 db																										
ACER V3-571G-33118G1TMAKK 15,6"/Intel Core i3-3110M 2,4GHz/8GB/1000GB/DVD író/Fekete notebook	0 Ft	1366x768	15,6 "		Fényes	Intel	Core i3	Intel Core i3-3110M (2,4 GHz, 3 MB)	8,0 GB	DDR3-1333MHz	2 db	HDD	1000 GB	5400 rpm	NVIDIA GeForce GT 630M 2GB	2,60 kg	6	Linux	DVD Super Multi	NVIDIA	2 x 4	802.11 b/g/n	1,30 MP	2 db	1 db	1 db	Igen	10/100/1000 Mb/s	Igen	Igen	Lítium-ion			90 watt	Műanyag	Fekete	381,60 mm	33,20 mm	253,0 mm	Aspire V3	Sztereó	Igen	Igen	39,62 cm	4.0 + HS	1 db																										
Acer V3-772G-54208G1.12TMakk 17,3" FHD/Intel Core i5-4200M 2,5GHz/8GB/1000GB+120GB SSD/DVD író/fekete notebook	0 Ft	1920x1080	17,3 "		Matt	Intel	Core i5	Intel Core i5-4200M (2,5 GHz, 3MB)	8,0 GB	DDR3-1600MHz	2 db	HDD	1000 GB	5400 rpm	NVIDIA GeForce GTX 760M 2GB	3,20 kg	6	Linux	DVD író	NVIDIA	1 x 8	802.11 a/b/g/n	0,90 MP	2 db	1 db	1 db	Igen	10/100/1000 Mb/s	Igen	Igen	Li-ion	48 wattóra	4400 mAh	120 watt	Műanyag	Fekete	414,80 mm	34,60 mm	275,0 mm	Aspire V3	Sztereó	Igen	Igen		4.0	2 db				TN		SSD	120 GB																			
Acer V3-772G-54208G1.12TMamm 17,3" FHD/Intel Core i5-4200M 2,5GHz/8GB/1000GB+120GB SSD/DVD író/pezsgőszín notebook	0 Ft	1920x1080	17,3 "		Matt	Intel	Core i5	Intel Core i5-4200M (2,5 GHz, 3MB)	8,0 GB	DDR3-1600MHz	2 db	HDD	1000 GB	5400 rpm	NVIDIA GeForce GT 750M 4GB	3,20 kg	6	Linux	DVD író	NVIDIA	1 x 8	802.11 a/b/g/n	0,90 MP	2 db	1 db	1 db	Igen	10/100/1000 Mb/s	Igen	Igen	Li-ion	48 wattóra	4400 mAh	120 watt	Műanyag	Champagne gold	414,80 mm	34,60 mm	275,0 mm	Aspire V3	Sztereó	Igen	Igen		4.0	2 db				TN		SSD	120 GB																			
Acer V3-772G-54208G1TMakk 17,3" FHD/Intel Core i5-4200M 2,5GHz/8GB/1000GB/DVD író/fekete notebook	0 Ft	1920x1080	17,3 "		Matt	Intel	Core i5	Intel Core i5-4200M (2,5 GHz, 3MB)	8,0 GB	DDR3-1600MHz	2 db	HDD	1000 GB	5400 rpm	NVIDIA GeForce GT 750M 4GB	3,20 kg	6	Linux	DVD író	NVIDIA	1 x 8	802.11 a/b/g/n	0,90 MP	2 db	1 db	1 db	Igen	10/100/1000 Mb/s	Igen	Igen	Li-ion	48 wattóra	4400 mAh	120 watt	Műanyag	Fekete	414,80 mm	34,60 mm	275,0 mm	Aspire V3	Sztereó	Igen	Igen		4.0	2 db				TN																						
Acer V3-772G-54208G1TMAKK 17,3" Full HD/Intel Core i5-4200M 2,5GHz/8GB/1000GB/DVD író/fekete notebook	0 Ft	1920x1080	17,3 "		Matt	Intel	Core i5	Intel Core i5-4200M (2,0 GHz, 3 MB)	8,0 GB	DDR3-1600MHz	2 db	HDD	1000 GB	5400 rpm	NVIDIA GeForce GTX 760M 2GB	3,20 kg	6	Linux	DVD író	NVIDIA	1 x 8	802.11 a/b/g/n	0,90 MP	2 db	1 db	1 db	Igen	10/100/1000 Mb/s	Igen	Igen	Li-ion	48 wattóra	4400 mAh	120 watt	Műanyag	Fekete	414,80 mm	34,60 mm	275,0 mm	Aspire V3	Sztereó	Igen	Igen		4.0	2 db				TN																						
Acer V3-772G-747A161TMAKK 17,3" Full HD/Intel Core i7-4702MQ 2,2GHz/16GB/1000GB/DVD író/fekete notebook	0 Ft	1920x1080	17,3 "		Matt	Intel	Core i7	Intel Core i7-4702MQ (2,2 GHz, 6 MB)	16,0 GB	DDR3-1600MHz	2 db	HDD	1000 GB	5400 rpm	NVIDIA GeForce GTX 760M 2GB	3,20 kg	6	Linux	DVD író	NVIDIA	2 x 8	802.11 a/b/g/n	0,90 MP	2 db	1 db	1 db	Igen	10/100/1000 Mb/s	Igen	Igen	Li-ion	48 wattóra	4400 mAh	120 watt	Műanyag	Fekete	414,80 mm	34,60 mm	275,0 mm	Aspire V3	Sztereó	Igen	Igen		4.0	2 db				TN																						
Acer V3-772G-747a161TMamm 17,3" FHD/Intel Core i7-4702MQ 2,2GHz/16GB/1000GB/DVD író/pezsgőszín notebook	0 Ft	1920x1080	17,3 "		Matt	Intel	Core i7	Intel Core i7-4702MQ (2,2 GHz, 6 MB)	16,0 GB	DDR3-1600MHz	2 db	HDD	1000 GB	5400 rpm	NVIDIA GeForce GTX 760M 2GB	3,20 kg	6	Linux	DVD író	NVIDIA	2 x 8	802.11 a/b/g/n	0,90 MP	2 db	1 db	1 db	Igen	10/100/1000 Mb/s	Igen	Igen	Li-ion	48 wattóra	4400 mAh	120 watt	Műanyag	Champagne gold	414,80 mm	34,60 mm	275,0 mm	Aspire V3	Sztereó	Igen	Igen		4.0	2 db				TN																						
Acer V3-772G-747A8G1.12TMAKK 17,3" Full HD/Intel Core i7-4702MQ 2,2GHz/8GB/1000GB+120GB SSD/DVD író/fekete notebook	0 Ft	1920x1080	17,3 "		Matt	Intel	Core i7	Intel Core i7-4702MQ (2,2 GHz, 6 MB)	8,0 GB	DDR3-1600MHz	2 db	HDD	1000 GB	5400 rpm	NVIDIA GeForce GTX 760M 2GB	3,20 kg	6	Linux	DVD író	NVIDIA	1 x 8	802.11 a/b/g/n	0,90 MP	2 db	1 db	1 db	Igen	10/100/1000 Mb/s	Igen	Igen	Li-ion	48 wattóra	4400 mAh	120 watt	Műanyag	Fekete	414,80 mm	34,60 mm	275,0 mm	Aspire V3	Sztereó	Igen	Igen		4.0	2 db				TN		SSD	120 GB																			
Acer V3-772G-747a8G1.12TMamm 17,3" FHD/Intel Core i7-4702MQ 2,2GHz/8GB/1000GB+120GB SSD/DVD író/pezsgőszín notebook	0 Ft	1920x1080	17,3 "		Matt	Intel	Core i7	Intel Core i7-4702MQ (2,2 GHz, 6 MB)	8,0 GB	DDR3-1600MHz	2 db	HDD	1000 GB	5400 rpm	NVIDIA GeForce GTX 760M 2GB	3,20 kg	6	Linux	DVD író	NVIDIA	1 x 8	802.11 a/b/g/n	0,90 MP	2 db	1 db	1 db	Igen	10/100/1000 Mb/s	Igen	Igen	Li-ion	48 wattóra	4400 mAh	120 watt	Műanyag	Champagne gold	414,80 mm	34,60 mm	275,0 mm	Aspire V3	Sztereó	Igen	Igen		4.0	2 db				TN		SSD	120 GB																			
Acer V3-772G-747a8G1.26TMakk 17,3" FHD/Intel Core i7-4702MQ 2,2GHz/8GB/1000GB+256GB SSD/DVD író/fekete notebook	0 Ft	1920x1080	17,3 "		Matt	Intel	Core i7	Intel Core i7-4702MQ (2,2 GHz, 6 MB)	8,0 GB	DDR3-1600MHz	2 db	HDD	1000 GB	5400 rpm	NVIDIA GeForce GTX 760M 2GB	3,20 kg	6	Linux	DVD író	NVIDIA	1 x 8	802.11 a/b/g/n	0,90 MP	2 db	1 db	1 db	Igen	10/100/1000 Mb/s	Igen	Igen	Li-ion	48 wattóra	4400 mAh	120 watt	Műanyag	Fekete	414,80 mm	34,60 mm	275,0 mm	Aspire V3	Sztereó	Igen	Igen		4.0	2 db				TN		SSD	256 GB																			
Acer V3-772G-747a8G1.26TMamm 17,3" FHD/Intel Core i7-4702MQ 2,2GHz/8GB/1000GB+256GB SSD/DVD író/pezsgőszín notebook	0 Ft	1920x1080	17,3 "		Matt	Intel	Core i7	Intel Core i7-4702MQ (2,2 GHz, 6 MB)	8,0 GB	DDR3-1600MHz	2 db	HDD	1000 GB	5400 rpm	NVIDIA GeForce GTX 760M 2GB	3,20 kg	6	Linux	DVD író	NVIDIA	1 x 8	802.11 a/b/g/n	0,90 MP	2 db	1 db	1 db	Igen	10/100/1000 Mb/s	Igen	Igen	Li-ion	48 wattóra	4400 mAh	120 watt	Műanyag	Champagne gold	414,80 mm	34,60 mm	275,0 mm	Aspire V3	Sztereó	Igen	Igen		4.0	2 db				TN		SSD	256 GB																			
Acer V3-772G-747a8G1TMakk 17,3" FHD/Intel Core i7-4702MQ 2,2GHz/8GB/1000GB/DVD író/fekete notebook	0 Ft	1920x1080	17,3 "		Matt	Intel	Core i7	Intel Core i7-4702MQ (2,2 GHz, 6 MB)	8,0 GB	DDR3-1600MHz	2 db	HDD	1000 GB	5400 rpm	NVIDIA GeForce GT 750M 4GB	3,20 kg	6	Linux	DVD író	NVIDIA	1 x 8	802.11 a/b/g/n	0,90 MP	2 db	1 db	1 db	Igen	10/100/1000 Mb/s	Igen	Igen	Li-ion	48 wattóra	4400 mAh	120 watt	Műanyag	Fekete	414,80 mm	34,60 mm	275,0 mm	Aspire V3	Sztereó	Igen	Igen		4.0	2 db				TN																						
Acer V3-772G-747A8G1TMAKK 17,3" Full HD/Intel Core i7-4702MQ 2,2GHz/8GB/1000GB/DVD író/fekete notebook	0 Ft	1920x1080	17,3 "		Matt	Intel	Core i7	Intel Core i7-4702MQ (2,2 GHz, 6 MB)	8,0 GB	DDR3-1600MHz	2 db	HDD	1000 GB	5400 rpm	NVIDIA GeForce GTX 760M 2GB	3,20 kg	6	Linux	DVD író	NVIDIA	1 x 8	802.11 a/b/g/n	0,90 MP	2 db	1 db	1 db	Igen	10/100/1000 Mb/s	Igen	Igen	Li-ion	48 wattóra	4400 mAh	120 watt	Műanyag	Fekete	414,80 mm	34,60 mm	275,0 mm	Aspire V3	Sztereó	Igen	Igen		4.0	2 db				TN																						
Acer V5-132P-3322Y4G50NSS 11,6" Multi-touch/Intel Core i3-3229Y 1,4GHz/4GB/500GB/Win8/ezüst notebook	0 Ft	1366x768	11,6 "		fényes	Intel	Core i3	Intel Core i3-3229Y (1,4 GHz, 3MB)	4,0 GB	DDR3-1600MHz	1 db	HDD	500 GB	5400 rpm	Intel HD Graphics	1,38 kg	3	Windows 8 64 bit		Intel	2 x 2	802.11 b/g/n	1,30 MP	1 db			Igen		Igen	Igen	Lítium-ion	30 wattóra	2640 mAh	40 watt	Műanyag	Ezüst	289,00 mm	21,00 mm	206,0 mm	Aspire V5	sztereó	Igen			4.0 + HS	1 db			Igen																							
Acer V5-171-33214G50ASS 11,6"/Intel Core i3 3217U 1,8GHz/4GB/500GB/ezüst notebook	0 Ft	1366x768	11,6 "		Matt	Intel	Core i3	Intel Core i3-3217U (1,8 GHz, 3 MB)	4,0 GB	DDR3-1600MHz	2 db	HDD	500 GB	5400 rpm	Intel HD Graphics	1,38 kg	4	Linux		Intel	1 x 4	802.11 a/b/g/n	0,90 MP	2 db	1 db	1 db	Igen	10/100/1000 Mb/s	Igen	Igen	Li-ion	37 wattóra	2500 mAh	40 watt	Műanyag	Ezüst	285,00 mm	20,90 mm	202,0 mm	Aspire V5	Sztereó	Igen			4.0	1 db				TN																						
Acer V5-171-53334G50ASS 11,6"/Intel Core i5 3337U 1,8GHz/4GB/500GB/ezüst notebook	0 Ft	1366x768	11,6 "		Matt	Intel	Core i5	Intel Core i5-3337U (1,8 GHz, 3MB)	4,0 GB	DDR3-1600MHz	2 db	HDD	500 GB	5400 rpm	Intel HD Graphics	1,38 kg	4	Linux		Intel	1 x 4	802.11 a/b/g/n	0,90 MP	2 db	1 db	1 db	Igen	10/100/1000 Mb/s	Igen	Igen	Li-ion	37 wattóra	2500 mAh	40 watt	Műanyag	Ezüst	285,00 mm	20,90 mm	202,0 mm	Aspire V5	Sztereó	Igen			4.0	1 db				TN																						
ACER V5-431-10074G50MAUU 14"/Intel Celeron Dual-Core 1007U 1,5GHz/4GB/500GB/DVD író/Lila notebook	0 Ft	1366x768	14,0 "		fényes	Intel	Celeron Dual-Core	Intel Celeron Dual-Core 1007U (1,5 GHz, 2 MB)	4,0 GB	DDR3-1066MHz	2 db	HDD	500 GB	5400 rpm	Intel HD Graphics	2,10 kg	4	Linux	DVD író	Intel	2 x 2	802.11 b/g/n	1,30 MP	2 db	1 db	1 db	Igen	10/100/1000 Mb/s	Igen	Igen	Lítium-ion	37 wattóra	2500 mAh	65 watt	Műanyag	Lila	342,00 mm	23,00 mm	245,0 mm	Aspire V5	sztereó	Igen			4.0 + HS	1 db																										
ACER V5-431-987B4G50MABB 14"/Intel Pentium Dual-Core 987 1,5GHz/4GB/500GB/DVD író/Kék notebook	0 Ft	1366x768	14,0 "		fényes	Intel	Pentium	Intel Pentium Dual-Core 987 ULV (1,5 GHz, 2 MB)	4,0 GB	DDR3-1066MHz	2 db	HDD	500 GB	5400 rpm	Intel HD Graphics	2,10 kg	4	Linux	DVD író	Intel	2 x 2	802.11 b/g/n	1,30 MP	2 db	1 db	1 db	Igen	10/100/1000 Mb/s	Igen	Igen	Lítium-ion	37 wattóra	2500 mAh	65 watt	Műanyag	Kék	342,00 mm	23,00 mm	245,0 mm	Aspire V5	sztereó	Igen			4.0 + HS	1 db			Igen																							
ACER V5-573-34014G50AMM 15,6"/Intel Core i3 4010U 1,7GHz/4GB/500GB/pezsgőszín notebook	0 Ft	1366x768	15,6 "		Matt	Intel	Core i3	Intel Core i3-4010U (1,7 GHz, 3 MB)	4,0 GB	DDR3-1600MHz	1 db	HDD	500 GB	5400 rpm	Intel HD 4400	2,00 kg	4	Linux		Intel	1 x 4	802.11 a/b/g/n	0,90 MP	2 db		1 db	Igen	10/100/1000 Mb/s	Igen	Igen	Li-polymer	53 wattóra	3560 mAh	65 watt	Magnézium	Champagne gold	381,60 mm	20,70 mm	226,0 mm	Aspire V5	Sztereó	Igen	Igen		4.0	1 db		Acer Converter (VGA)		TN																						
Acer V5-573-54204G1TAMM 15,6"/Intel Core i5-4200U 1,6GHz/4GB/1000GB/pezsgőszín notebook	0 Ft	1366x768	15,6 "		Matt	Intel	Core i5	Intel Core i5-4200U (1,6 GHz, 3 MB)	4,0 GB	DDR3-1600MHz	1 db	HDD	1000 GB	5400 rpm	Intel HD 4400	2,00 kg	4	Linux		Intel	1 x 4	802.11 a/b/g/n	0,90 MP	2 db		1 db	Igen	10/100/1000 Mb/s	Igen	Igen	Li-polymer	53 wattóra	3560 mAh	65 watt	Műanyag	Champagne gold	381,60 mm	20,70 mm	226,0 mm	Aspire V5	Sztereó	Igen	Igen		4.0	1 db		Acer Converter (VGA)		TN																						
Acer V5-573G-34014G1TAKK 15,6"/Intel Core i3-4010U 1,7GHz/4GB/1000GB/fekete notebook	0 Ft	1366x768	15,6 "		Matt	Intel	Core i3	Intel Core i3-4010U (1,7 GHz, 3 MB)	4,0 GB	DDR3-1600MHz	1 db	HDD	1000 GB	5400 rpm	NVIDIA GeForce GT 720M 2GB	2,00 kg	4	Linux		NVIDIA	1 x 4	802.11 a/b/g/n	0,90 MP	2 db		1 db	Igen	10/100/1000 Mb/s	Igen	Igen	Li-polymer	53 wattóra	3560 mAh	90 watt	Műanyag	Fekete	381,60 mm	20,70 mm	226,0 mm	Aspire V5	Sztereó	Igen	Igen		4.0	1 db		Acer Converter (VGA)		TN																						
Acer V5-573G-54204G1Taii 15,6" FHD IPS/Intel Core i5-4200U 1,6GHz/4GB/1000GB/Acélszürke notebook	0 Ft	1920x1080	15,6 "		Matt	Intel	Core i5	Intel Core i5-4200U (1,6 GHz, 3 MB)	4,0 GB	DDR3-1600MHz	1 db	HDD	1000 GB	5400 rpm	NVIDIA GeForce GT 750M 4GB	2,00 kg	4	Linux		NVIDIA	1 x 4	802.11 a/b/g/n	0,90 MP	2 db		1 db	Igen	10/100/1000 Mb/s	Igen	Igen	Li-polymer	53 wattóra	3560 mAh	90 watt	Műanyag	Acélszürke	381,60 mm	20,70 mm	226,0 mm	Aspire V5	Sztereó	Igen	Igen		4.0	1 db		Acer Converter (VGA)	Igen	IPS																						
Acer V5-573G-54204G1TAKK 15,6"/Intel Core i5-4200U 1,6GHz/4GB/1000GB/fekete notebook	0 Ft	1366x768	15,6 "		Matt	Intel	Core i5	Intel Core i5-4200U (1,6 GHz, 3 MB)	4,0 GB	DDR3-1600MHz	1 db	HDD	1000 GB	5400 rpm	NVIDIA GeForce GT 720M 2GB	2,00 kg	4	Linux		NVIDIA	1 x 4	802.11 a/b/g/n	0,90 MP	2 db		1 db	Igen	10/100/1000 Mb/s	Igen	Igen	Li-polymer	53 wattóra	3560 mAh	90 watt	Műanyag	Fekete	381,60 mm	20,70 mm	226,0 mm	Aspire V5	Sztereó	Igen	Igen		4.0	1 db		Acer Converter (VGA)		TN																						
Acer V5-573G-74508G1Taii 15,6" FHD IPS/Intel Core i7-4500U 1,8GHz/8GB/1000GB/acélszürke notebook	0 Ft	1920x1080	15,6 "		Matt	Intel	Core i7	Intel Core i7-4500U (3.0 GHz, 4 MB)	8,0 GB	DDR3-1600MHz	1 db	HDD	1000 GB	5400 rpm	NVIDIA GeForce GT 750M 4GB	2,00 kg	4	Linux		NVIDIA	2 x 4	802.11 a/b/g/n	0,90 MP	2 db		1 db	Igen	10/100/1000 Mb/s	Igen	Igen	Li-polymer	53 wattóra	3560 mAh	90 watt	Műanyag	Acélszürke	381,60 mm	20,70 mm	226,0 mm	Aspire V5	Sztereó	Igen	Igen		4.0	1 db		Acer Converter (VGA)	Igen	IPS																						
Acer V7-581G-53334G1.02TAKK 15,6"/Intel Core i5-3337U 1,8GHz/4GB/1000GB+CacheSSD/Win8 notebook	0 Ft	1366x768	15,6 "		Matt	Intel	Core i5	Intel Core i5-3337U (1,8 GHz, 3MB)	4,0 GB	DDR3-1600MHz	1 db	HDD	1000 GB	5400 rpm	NVIDIA GeForce GT 720M 2GB	2,00 kg	4	Windows 8 64 bit		NVIDIA	1 x 4	802.11 a/b/g/n	0,90 MP	2 db		1 db	Igen	10/100/1000 Mb/s	Igen	Igen	Li-polymer	53 wattóra	3560 mAh	90 watt		Fekete	381,60 mm	20,80 mm	256,0 mm	Aspire V7	Sztereó	Igen	Igen		4.0	1 db		Acer Converter (VGA)		TN																						
Acer V7-581G-53334G12AKK 15,6" Full HD IPS/Intel Core i5-3337U 1,8GHz/4GB/120GB SSD/Win8 notebook	0 Ft	1920x1080	15,6 "		Matt	Intel	Core i5	Intel Core i5-3337U (1,8 GHz, 3MB)	4,0 GB	DDR3-1600MHz	1 db	SSD	120 GB		NVIDIA GeForce GT 720M 2GB	2,00 kg	4	Windows 8 64 bit		NVIDIA	1 x 4	802.11 a/b/g/n	0,90 MP	2 db		1 db	Igen	10/100/1000 Mb/s	Igen	Igen	Li-polymer	53 wattóra	3560 mAh	90 watt		Fekete	381,60 mm	20,80 mm	256,0 mm	Aspire V7	Sztereó	Igen	Igen		4.0	1 db		Acer Converter (VGA)		IPS																						
Acer V7-581G-53334G12AKK 15,6"/Intel Core i5-3337U 1,8GHz/4GB/120GB SSD/Win8 notebook	0 Ft	1366x768	15,6 "		Matt	Intel	Core i5	Intel Core i5-3337U (1,8 GHz, 3MB)	4,0 GB	DDR3-1600MHz	1 db	SSD	120 GB		NVIDIA GeForce GT 720M 2GB	2,00 kg	4	Windows 8 64 bit		NVIDIA	1 x 4	802.11 a/b/g/n	0,90 MP	2 db		1 db	Igen	10/100/1000 Mb/s	Igen	Igen	Li-polymer	53 wattóra	3560 mAh	90 watt		Fekete	381,60 mm	20,80 mm	256,0 mm	Aspire V7	Sztereó	Igen	Igen		4.0	1 db		Acer Converter (VGA)		TN																						
Acer V7-581G-73538G1.02TAKK 15,6"/Intel Core i7-3537U 2GHz/8GB/1000GB+CacheSSD/Win8 notebook	0 Ft	1366x768	15,6 "		Matt	Intel	Core i7	Intel Core i7-3537U (2,0 GHz, 4MB)	8,0 GB	DDR3-1600MHz	1 db	HDD	1000 GB	5400 rpm	NVIDIA GeForce GT 720M 2GB	2,00 kg	4	Windows 8 64 bit		NVIDIA	2 x 4	802.11 a/b/g/n	0,90 MP	2 db		1 db	Igen	10/100/1000 Mb/s	Igen	Igen	Li-polymer	53 wattóra	3560 mAh	90 watt		Fekete	381,60 mm	20,80 mm	256,0 mm	Aspire V7	Sztereó	Igen	Igen		4.0	1 db		Acer Converter (VGA)		TN																						
Acer V7-581G-73538G12AKK 15,6" Full HD IPS /Intel Core i7-3537U 2GHz/8GB/120GB SSD/Win8 notebook	0 Ft	1920x1080	15,6 "		Matt	Intel	Core i7	Intel Core i7-3537U (2,0 GHz, 4MB)	8,0 GB	DDR3-1600MHz	1 db	SSD	120 GB		NVIDIA GeForce GT 720M 2GB	2,00 kg	4	Windows 8 64 bit		NVIDIA	2 x 4	802.11 a/b/g/n	0,90 MP	2 db		1 db	Igen	10/100/1000 Mb/s	Igen	Igen	Li-polymer	53 wattóra	3560 mAh	90 watt		Fekete	381,60 mm	20,80 mm	256,0 mm	Aspire V7	Sztereó	Igen	Igen		4.0	1 db		Acer Converter (VGA)		IPS																						
Acer V7-581G-73538G25AKK 15,6" Full HD IPS /Intel Core i7-3537U 2GHz/8GB/256GB SSD/Win8 notebook	0 Ft	1920x1080	15,6 "		Matt	Intel	Core i7	Intel Core i7-3537U (2,0 GHz, 4MB)	8,0 GB	DDR3-1600MHz	1 db	SSD	256 GB		NVIDIA GeForce GT 720M 2GB	2,00 kg	4	Windows 8 64 bit		NVIDIA	2 x 4	802.11 a/b/g/n	0,90 MP	2 db		1 db	Igen	10/100/1000 Mb/s	Igen	Igen	Li-polymer	53 wattóra	3560 mAh	90 watt		Fekete	381,60 mm	20,80 mm	256,0 mm	Aspire V7	Sztereó	Igen	Igen		4.0	1 db		Acer Converter (VGA)		IPS																						
Acer V7-582PG-54208G1.02TTII 15,6" IPS Touch /Intel Core i5-4200U 1,6GHz/8GB/1000GB/Win8 notebook	0 Ft	1366x768	15,6 "			Intel	Core i5	Intel Core i5-4200U (1,6 GHz, 3 MB)	8,0 GB	DDR3L-1600MHz	1 db	HDD	1000 GB	5400 rpm	NVIDIA GeForce GT 750M 4GB	2,00 kg	4	Windows 8 64 bit		NVIDIA	1 x 4	802.11 a/g/n	0,90 MP	2 db		1 db	Igen	10/100/1000 Mb/s	Igen	Igen	Li-polymer	53 wattóra	3560 mAh	90 watt		Acélszürke	381,60 mm	20,80 mm	256,0 mm	Aspire V7	Sztereó	Igen	Igen		4.0	1 db			Igen	IPS	Igen																					
Acer V7-582PG-74508G25TII 15,6" Full HD IPS Touch /Intel Core i7-4500U 1,8GHz/8GB/256GB SSD/Win8 notebook	0 Ft	1920x1080	15,6 "			Intel	Core i7	Intel Core i7-4500U (1,8 GHz, 4 MB)	8,0 GB	DDR3L-1600MHz	1 db	SSD	256 GB		NVIDIA GeForce GT 750M 4GB	2,00 kg	4	Windows 8 64 bit		NVIDIA	1 x 4	802.11 a/g/n	0,90 MP	2 db		1 db	Igen	10/100/1000 Mb/s	Igen	Igen	Li-polymer	53 wattóra	3560 mAh	90 watt		Acélszürke	381,60 mm	20,80 mm	256,0 mm	Aspire V7	Sztereó	Igen	Igen		4.0	1 db			Igen	IPS	Igen																					
ASUS S500CA-CJ085D 15,6"/Intel Core i7-3537U/8GB(4GB+ 4GB/OB)/500GB+24GB SSD/ezüst notebook	0 Ft	1366x768	15,6 "		Fényes	Intel	Core i7	Intel Core i7-3537U (2,0 GHz, 4MB)	8,0 GB	DDR3-1600MHz	1 db	HDD	500 GB	5400 rpm	Intel® HD Graphics 4000	2,10 kg	3			Intel	1db alaplapi integrált 1db cserélhető	802.11 b/g/n	1,00 MP	2 db	1 db	1 db	Igen	10/100/1000 Mb/s	Igen	Igen	Li-ion		4000 mAh	65 watt		Ezüst	383,00 mm	21,55 mm	258,0 mm			Igen	Igen	39,62 cm	Van	1 db					Igen	MSATA	24 GB			Igen	Fekete															
ASUS S550CB-CJ136D 15,6"/Intel Core i3-3217U/4GB/500GB/sötét szürke notebook	0 Ft	1366x768	15,6 "		Fényes	Intel	Core i3	Intel Core i3-3217U (1,8 GHz, 3 MB)	4,0 GB	DDR3-1600MHz	2 db	HDD	500 GB	5400 rpm	NVIDIA GeForce GT 740M 2GB	2,65 kg	4	FreeDOS	DVD Super Multi	NVIDIA		802.11 b/g/n	0,90 MP	2 db	1 db	1 db			Igen		Li-ion	44 wattóra	2950 mAh	65 watt	Fém	Sötétszürke	38,00 mm	27,00 mm	2,0 mm		Sonic Master	Igen	Igen		4.0	1 db					Igen							Nincs														
ASUS U32VJ-RO015P 13,3"/Intel Core i5-3210M 2,5GHz/4GB/750GB/VGA/Win8 Pro/Metál sötétszürke notebook	0 Ft	1366x768	13,3 "		Fényes	Intel	Core i5	Intel Core i5-3210M (3,1 GHz, 3 MB)	4,0 GB	DDR3-1600MHz		HDD	750 GB	5400 rpm	NVIDIA GeForce GT 635M 1GB		6	Windows 8 Professional		NVIDIA		802.11 b/g/n	0,30 MP		1 db		Igen		Igen	Igen			5600 mAh		műanyag	Sötétszürke				U32VJ		Igen		33,78 cm	3.0			Táska,Egér																								
ASUS X450CC-WX037D 14"/Intel Core i7-3537U/4GB/500GB/szürke notebook	0 Ft	1366x768	14,0 "		Fényes	Intel	Core i7	Intel Core i7-3537U (2,0 GHz, 4MB)	4,0 GB	DDR3-1066MHz	1 db	HDD	500 GB		NVIDIA GeForce GT 720M 2GB		4	FreeDOS	DVD Super Multi	Intel		802.11 b/g/n	0,90 MP	1 db	1 db	1 db							2600 mAh			Szürke									Nincs	1 db												Nincs														
ASUS X502CA-XX004D 15,6"/Intel Core i3-3217U/4GB/500GB/fekete notebook	0 Ft	1366x768	15,6 "		Fényes	Intel	Core i3	Intel Core i3-3217U (1,8 GHz, 3 MB)	4,0 GB	DDR3-1600MHz	0 db	HDD	500 GB	5400 rpm	Intel® HD Graphics 4000	1,86 kg	2	FreeDOS	nincs	Intel		802.11 b/g/n	0,90 MP	2 db	1 db	1 db	Igen	10/100/1000 Mb/s			Li-polymer		5136 mAh			Fekete	383,00 mm	21,55 mm	258,0 mm				Igen		Nincs	1 db												Nincs														
ASUS X502CA-XX030D 15,6"/Intel Core i3-3217U/4GB/500GB/fehér notebook	0 Ft	1366x768	15,6 "		Fényes	Intel	Core i3	Intel Core i3-3217U (1,8 GHz, 3 MB)	4,0 GB	DDR3-1600MHz	0 db	HDD	500 GB	5400 rpm	Intel® HD Graphics 4000	1,80 kg	2	FreeDOS	nincs	Intel		802.11 b/g/n	0,90 MP	2 db	1 db	1 db	Igen	10/100/1000 Mb/s			Li-polymer		5136 mAh			Fehér	383,00 mm	21,55 mm	258,0 mm				Igen		Nincs	1 db												Nincs														
ASUS X502CA-XX052D 15,6"/Intel Core i5-3317U 1,7GHz/4GB/500GB/fekete notebook	0 Ft	1366x768	15,6 "		Fényes	Intel	Core i5	Intel Core i5-3317U (1,7 GHz, 3MB)	4,0 GB	DDR3-1333MHz	0 db	HDD	500 GB	5400 rpm	Intel® HD Graphics 4000	1,86 kg	2	FreeDOS	nincs	Intel		802.11 b/g/n	0,90 MP	2 db	1 db	1 db	Igen	10/100/1000 Mb/s			Li-polymer		5136 mAh			Fekete	383,00 mm	21,55 mm	258,0 mm				Igen		Nincs	1 db												Nincs														
ASUS X502CA-XX075D 15,6"/Intel Pentium 2117U /4GB/500GB/fekete notebook	0 Ft	1366x768	15,6 "		Fényes	Intel	Pentium	Intel Pentium Dual-Core 2117U (1,8 GHz, 2 MB)	4,0 GB	DDR3-1333MHz	0 db	HDD	500 GB	5400 rpm	Intel HD Graphics	2,00 kg	2	FreeDOS	nincs	Intel		802.11 b/g/n	0,90 MP	2 db	1 db	1 db	Igen	10/100/1000 Mb/s			Li-polymer		5136 mAh			Fekete	383,00 mm	21,55 mm	258,0 mm				Igen		Nincs	1 db												Nincs														
ASUS X502CA-XX077D 15,6"/Intel Celeron 1007U/4GB/320GB/fekete notebook	0 Ft	1366x768	15,6 "		Fényes	Intel	Celeron Dual-Core	Intel Celeron Dual-Core 1007U (1,5 GHz, 2 MB)	4,0 GB	DDR3-1600MHz	0 db	HDD	320 GB	5400 rpm	Intel HD Graphics	2,00 kg	2	FreeDOS	nincs	Intel		802.11 b/g/n	0,90 MP	2 db	1 db	1 db	Igen	10/100/1000 Mb/s	Igen		Li-polymer		5136 mAh			Fekete	383,00 mm	21,55 mm	258,0 mm				Igen		Nincs	1 db												Nincs														
ASUS X502CA-XX078D 15,6"/Intel Celeron 1007U/4GB/500GB/fekete notebook	0 Ft	1366x768	15,6 "		Fényes	Intel	Celeron Dual-Core	Intel Celeron Dual-Core 1007U (1,5 GHz, 2 MB)	4,0 GB	DDR3-1600MHz	0 db	HDD	500 GB	5400 rpm	Intel HD Graphics	1,86 kg	2	FreeDOS	nincs	Intel		802.11 b/g/n	0,90 MP	2 db	1 db	1 db	Igen	10/100/1000 Mb/s	Igen		Li-polymer		5136 mAh			Fekete	383,00 mm	21,55 mm	258,0 mm				Igen		Nincs	1 db												Nincs														
ASUS X502CA-XX084D 15,6"/Intel Celeron 1007U/4GB/320GB/fehér notebook	0 Ft	1366x768	15,6 "		Fényes	Intel	Celeron Dual-Core	Intel Celeron Dual-Core 1007U (1,5 GHz, 2 MB)	4,0 GB	DDR3-1600MHz	0 db	HDD	320 GB	5400 rpm	Intel HD Graphics	1,86 kg	2	FreeDOS	nincs	Intel		802.11 b/g/n	0,90 MP	2 db	1 db	1 db	Igen	10/100/1000 Mb/s	Igen		Li-polymer		5136 mAh			Fehér	383,00 mm	21,55 mm	258,0 mm				Igen		Nincs	1 db												Nincs														
ASUS X502CA-XX118D 15,6"/Intel Pentium 2117U /4GB/500GB/fehér notebook	0 Ft	1366x768	15,6 "		Fényes	Intel	Pentium	Intel Pentium Dual-Core 2117U (1,8 GHz, 2 MB)	4,0 GB	DDR3-1333MHz	0 db	HDD	500 GB	5400 rpm	Intel® HD Graphics	1,86 kg	2	FreeDOS	nincs	Intel		802.11 b/g/n	0,90 MP	2 db	1 db	1 db		10/100/1000 Mb/s			Li-polymer		5136 mAh			Fehér	383,00 mm	21,55 mm	258,0 mm				Igen		Nincs	1 db												Nincs														
ASUS X502CA-XX125D 15,6"/Intel Pentium 2117U /4GB/320GB/fekete notebook	0 Ft	1366x768	15,6 "		Fényes	Intel	Pentium	Intel Pentium Dual-Core 2117U (1,8 GHz, 2 MB)	4,0 GB	DDR3-1600MHz		HDD	320 GB	5400 rpm	Intel HD Graphics	2,00 kg	2	FreeDOS	nincs	Intel		802.11 b/g/n	0,90 MP	2 db	1 db	1 db	Igen	10/100/1000 Mb/s	Igen		Li-polymer		5136 mAh			Fekete	383,00 mm	21,55 mm	258,0 mm				Igen		Nincs	1 db											Fekete	Nincs														
ASUS X502CA-XX126D 15,6"/Intel Pentium 2117U /4GB/320GB/fehér notebook	0 Ft	1366x768	15,6 "		Fényes	Intel	Pentium	Intel Pentium Dual-Core 2117U (1,8 GHz, 2 MB)	4,0 GB	DDR3-1600MHz	0 db	HDD	320 GB	5400 rpm	Intel HD Graphics	2,00 kg	2	FreeDOS	nincs	Intel		802.11 b/g/n	0,90 MP	2 db	1 db	1 db	Igen	10/100/1000 Mb/s	Igen		Li-polymer		5136 mAh			Fehér	383,00 mm	21,55 mm	258,0 mm				Igen		Nincs	1 db												Nincs														
ASUS X53BE-SX016D 15,6"/AMD E2-1800 1,7GHz/6GB/750GB/VGA/DVD író/fekete notebook	0 Ft	1366x768	15,6 "		fényes	AMD	E-Series	AMD Dual-Core E2-1800 (1,7 GHz, 1MB)	6,0 GB	DDR3-1600MHz		HDD	750 GB	5400 rpm			6	FreeDOS	DVD író	AMD		802.11 b/g/n	1,00 MP	2 db	1 db		Igen		Igen	Igen			4400 mAh		műanyag	fekete				X53BE		Igen		39,62 cm	3.0	1 db		Táska,Egér																								
ASUS X550CA-XO153D 15,6"/Intel Core i3-3217U/4GB/500GB/szürke notebook	0 Ft	1366x768	15,6 "		Matt	Intel	Core i3	Intel Core i3-3217U (1,8 GHz, 3 MB)	4,0 GB	DDR3-1600MHz	1 db	HDD	500 GB	5400 rpm	Intel HD 4000	2,10 kg	4	FreeDOS	DVD Super Multi	Intel		802.11 b/g/n	0,90 MP	1 db	1 db	1 db	Igen	10/100/1000 Mb/s	Igen		Li-ion		2600 mAh			Sötétszürke	380,00 mm	31,70 mm	251,0 mm				Igen		4.0	1 db												Nincs														
ASUS X550CA-XO155D 15,6"/Intel Core i3-3217U/4GB/500GB/fehér notebook	0 Ft	1366x768	15,6 "		Matt	Intel	Core i3	Intel Core i3-3217U (1,8 GHz, 3 MB)	4,0 GB	DDR3-1600MHz	1 db	HDD	500 GB	5400 rpm	Intel HD Graphics	2,10 kg	4	FreeDOS	DVD Super Multi	Intel		802.11 b/g/n	0,90 MP	1 db	1 db	1 db	Igen	10/100/1000 Mb/s	Igen		Li-polymer		2600 mAh			Fehér	380,00 mm	31,70 mm	251,0 mm				Igen			1 db												Nincs														
ASUS X550CA-XO632D 15,6"/Intel Core i7-3537U/8GB(2*4GB[1*4GBonboard]/1TB/fehér notebook	0 Ft	1366x768	15,6 "		Matt	Intel	Core i7	Intel Core i7-3537U (2,0 GHz, 4MB)	8,0 GB	DDR3-1600MHz	1 db	HDD	1000 GB	5400 rpm	Intel® HD Graphics 4000	2,10 kg	4	FreeDOS	SuperMulti	Intel		802.11 b/g/n		1 db	1 db	1 db	Igen	10/100/1000 Mb/s	Igen	Igen	Li-ion		2600 mAh	65 watt		Fehér	380,00 mm	31,70 mm	251,0 mm			Igen	Igen		Nincs	1 db						HDD																				
ASUS X550CA-XX230H 15,6"/Intel Pentium 2117U /4GB/500GB/Win8/piros notebook	0 Ft	1366x768	15,6 "		Fényes	Intel	Pentium	Intel Pentium Dual-Core 2117U (1,8 GHz, 2 MB)	4,0 GB	DDR3-1600MHz	1 db	HDD	500 GB	5400 rpm	Intel® HD Graphics 4000	2,10 kg	4	Windows 8	DVD Super Multi	Intel		802.11 b/g/n	0,90 MP	1 db	1 db	1 db	Igen	10/100/1000 Mb/s	Igen		Li-ion		2600 mAh			Piros							Igen		Van	1 db												Nincs														
ASUS X550CC-XX353D 15,6"/Intel Core i3-3217U/4GB/500GB/fehér notebook	0 Ft	1366x768	15,6 "		Fényes	Intel	Core i3	Intel Core i3-3217U (1,8 GHz, 3 MB)	4,0 GB	DDR3-1600MHz	2 db	HDD	500 GB	5400 rpm	NVIDIA GeForce GT 720M 2GB	2,00 kg	4	FreeDOS	SuperMulti	Intel		802.11 b/g/n	0,90 MP	1 db	1 db	1 db	Igen	10/100/1000 Mb/s					2600 mAh			Fehér	380,00 mm	31,70 mm	251,0 mm				Igen		Nincs	1 db												Nincs														
ASUS X550CC-XX412D 15,6"/Intel Core i3-3217U/4GB/750GB/fehér notebook	0 Ft	1366x768	15,6 "		Fényes	Intel	Core i3	Intel Core i3-3217U (1,8 GHz, 3 MB)	4,0 GB	DDR3-1600MHz	1 db	HDD	750 GB	5400 rpm	NVIDIA GeForce GT 720M 2GB	2,00 kg	4	FreeDOS	SuperMulti	Intel		802.11 b/g/n	0,90 MP	1 db	1 db	1 db	Igen	10/100/1000 Mb/s					2600 mAh			Fehér	380,00 mm	31,70 mm	251,0 mm				Igen		Nincs	1 db												Nincs														
ASUS X551CA-SX029D 15,6"/Intel Celeron 1007U/4GB/500GB/fekete notebook	0 Ft	1366x768	15,6 "		Fényes	Intel	Celeron Dual-Core	Intel Celeron Dual-Core 1007U (1,5 GHz, 2 MB)	4,0 GB	DDR3-1600MHz	0 db	HDD	500 GB	5400 rpm	Intel HD Graphics	21,36 kg	4	FreeDOS	DVD Super Multi	Intel		802.11 b/g/n	0,90 MP	1 db	1 db	1 db	Igen	10/100/1000 Mb/s	Igen		Li-polymer		2600 mAh			Fekete	380,00 mm	21,55 mm	258,0 mm				Igen		Nincs	1 db												Nincs														
ASUS X551CA-SX030D 15,6"/Intel Pentium 2117U /4GB/500GB/fekete notebook	0 Ft	1366x768	15,6 "		Fényes	Intel	Pentium	Intel Pentium Dual-Core 2117U (1,8 GHz, 2 MB)	4,0 GB	DDR3-1333MHz	0 db	HDD	500 GB	5400 rpm	Intel HD Graphics	2,15 kg	4	FreeDOS	DVD Super Multi	Intel		802.11 b/g/n	0,90 MP	1 db	1 db	1 db	Igen	10/100/1000 Mb/s			Li-polymer		2600 mAh			Fekete	383,00 mm	21,55 mm	258,0 mm				Igen		Nincs	1 db												Nincs														
ASUS Zenbook Prime UX21A-K1009H 11,6"/Intel Core i7-3517U 1,9GHz/4GB/256GB SSD/Win8/sötétszürke-ezüst notebook	0 Ft	1920x1080	11,6 "		Fényes	Intel	Core i7	Intel Core i7-3517U (1,9 GHz)	4,0 GB	DDR3-1600MHz		SSD	256 GB				6	Windows 8		Intel		802.11 b/g/n	1,00 MP		1 db		Igen		Igen	Igen			4800 mAh		fém	Sötétszürke				UX21A		Igen		29,46 cm	4.0			Védőtok	Igen		Igen						Ezüst															
HP 250 G1 H0W20EA 15,6"/Intel Pentium B960 2,2GHz/4GB/500GB/DVD író notebook	0 Ft	1366x768	15,6 "		Matt	Intel	Pentium	Intel Pentium Dual-Core B960 (2,2 GHz, 2 MB)	4,0 GB	DDR3-1600MHz	2 db	HDD	500 GB	5400 rpm	Intel HD Graphics	2,45 kg	6	Linux	DVD Super Multi	Intel	1 x 4	802.11 b/g/n	0,90 MP	3 db	1 db	1 db	Igen	10/100/1000 Mb/s	Igen	Igen	Lítium-ion			65 watt	Műanyag	Szürke	376,00 mm	35,80 mm	247,0 mm		Sztereó	Igen		39,62 cm	4.0 + HS														HP pixel policy alapján													
HP 250 G1 H6Q56EA 15,6"/Intel Pentium 2020M 2,4GHz/4GB/500GB/DVD író/Windows 8 notebook	0 Ft	1366x768	15,6 "		Matt	Intel	Pentium	Intel Pentium Dual-Core 2020M (2,4 GHz, 2 MB)	4,0 GB	DDR3-1600MHz	2 db	HDD	500 GB	5400 rpm	Intel HD Graphics	2,45 kg	6	Windows 8 64 bit	DVD Super Multi	Intel	1 x 4	802.11 b/g/n	0,90 MP	3 db	1 db	1 db	Igen	10/100/1000 Mb/s	Igen	Igen	Lítium-ion			65 watt	Műanyag	Szürke	376,00 mm	35,80 mm	247,0 mm		Altec Lansing	Igen		39,62 cm	4.0 + HS														HP pixel policy alapján													
HP 250 G1 H6Q59EA 15,6"/Intel Pentium 2020M 2,4GHz/4GB/750GB/DVD író/táska notebook	0 Ft	1366x768	15,6 "		Matt	Intel	Pentium	Intel Pentium Dual-Core 2020M (2,4 GHz, 2 MB)	4,0 GB	DDR3-1600MHz	2 db	HDD	750 GB	5400 rpm	Intel HD Graphics	2,45 kg	6	Linux	DVD Super Multi	Intel	1 x 4	802.11 b/g/n	0,90 MP	3 db	1 db	1 db	Igen	10/100/1000 Mb/s	Igen	Igen	Lítium-ion			65 watt	Műanyag	Szürke	376,00 mm	35,80 mm	247,0 mm		Altec Lansing	Igen		39,62 cm	4.0 + HS			Táska											HP pixel policy alapján													
HP 250 G1 H6Q77EA 15,6"/Intel Core i3-3110M 2,4GHz/4GB/500GB/DVD író notebook	0 Ft	1366x768	15,6 "		Matt	Intel	Core i3	Intel Core i3-3110M (2,4 GHz, 3 MB)	4,0 GB	DDR3-1600MHz	2 db	HDD	500 GB	5400 rpm	Intel HD Graphics	2,45 kg	6	Linux	DVD Super Multi	Intel	1 x 4	802.11 b/g/n	0,90 MP	3 db	1 db	1 db	Igen	10/100/1000 Mb/s	Igen	Igen	Lítium-ion			65 watt	Műanyag	Szürke	376,00 mm	35,80 mm	247,0 mm		Altec Lansing	Igen		39,62 cm	4.0 + HS														HP pixel policy alapján													
HP 250 G1 H6Q81EA 15,6"/Intel Core i3-3110M 2,4GHz/4GB/500GB/DVD író/Windows 8 notebook	0 Ft	1366x768	15,6 "		Matt	Intel	Core i3	Intel Core i3-3110M (2,4 GHz, 3 MB)	4,0 GB	DDR3-1600MHz	2 db	HDD	500 GB	5400 rpm	Intel HD Graphics	2,45 kg	6	Windows 8 64 bit	DVD Super Multi	Intel	1 x 4	802.11 b/g/n	0,90 MP	3 db	1 db	1 db	Igen	10/100/1000 Mb/s	Igen	Igen	Lítium-ion			65 watt	Műanyag	Szürke	376,00 mm	35,80 mm	247,0 mm		Altec Lansing	Igen		39,62 cm	4.0 + HS														HP pixel policy alapján													
HP 255 G1 H6R11EA 15,6"/AMD Dual-core E2-1800 1,7GHz/4GB/500GB/DVD író/Windows 8 notebook	0 Ft	1366x768	15,6 "		Matt	AMD	E2-1800	AMD Dual-Core E2-1800 (1,7 GHz, 1MB)	4,0 GB	DDR3-1600MHz	2 db	HDD	500 GB	5400 rpm	AMD Radeon HD 7340M (AMD Dual Core E2-1800 APU)	2,45 kg	6	Windows 8 64 bit	DVD Super Multi	AMD	1 x 4	802.11 b/g/n	0,90 MP	3 db	1 db	1 db	Igen	10/100/1000 Mb/s	Igen	Igen	Lítium-ion			65 watt	Műanyag	Szürke	376,00 mm	35,80 mm	247,0 mm		Altec Lansing	Igen			4.0 + HS														HP pixel policy alapján													
HP 255 G1 H6R17EA 15,6"/AMD Dual-core E2-1800 1,7GHz/4GB/500GB/DVD író notebook	0 Ft	1366x768	15,6 "		Matt	AMD	E2-1800	AMD Dual-Core E2-1800 (1,7 GHz, 1MB)	4,0 GB	DDR3-1600MHz	2 db	HDD	500 GB	5400 rpm	AMD Radeon HD 7340M (AMD Dual Core E2-1800 APU)	2,45 kg	6	Linux	DVD Super Multi	AMD	1 x 4	802.11 b/g/n	0,90 MP	3 db	1 db	1 db	Igen	10/100/1000 Mb/s	Igen	Igen	Lítium-ion			65 watt	Műanyag	Szürke	376,00 mm	35,80 mm	247,0 mm		Altec Lansing	Igen			4.0 + HS														HP pixel policy alapján													
HP EliteBook 2570p C5A40EA 12,5"/Intel Core i5 3210M 2,5GHz/4GB/500GB/DVD író/Win8 notebook	0 Ft	1366x768	12,5 "		Matt	Intel	Core i5	Intel Core i5-3210M (2,5 GHz, 3 MB)	4,0 GB	DDR3-1600MHz	2 db	HDD	500 GB	7200 rpm	Intel® HD Graphics 4000	1,63 kg	6	Windows 8 Professional 64 bit (Windows 7 Professional 64bit downgrade lehetőség)	DVD Super Multi	Intel	1 x 4	802.11 a/b/g/n	0,90 MP	2 db	1 db		Igen	10/100/1000 Mb/s		Igen	Lítium-ion			65 watt	Fém		305,00 mm	27,00 mm	209,0 mm	EliteBook 2570p	SRS Premium Sound	Igen			4.0 + EDR	1 db			Igen	TN				Igen					HP pixel policy alapján	1 db	1 db	ExpressCard/34	Igen	Igen	Igen	ENERGY STAR						
HP EliteBook 820 G1 H5G10EA 12,5"/Intel Core i5-4200U 1,6GHz/4GB/180GB SSD/Windows8 Pro notebook	0 Ft	1366x768	12,5 "		Matt	Intel	Core i5	Intel Core i5-4200U (1,6 GHz, 3 MB)	4,0 GB	DDR3L-1600MHz	2 db	SSD	180 GB		Intel® HD Graphics 4400	1,33 kg	3	Windows 7 Professional 64bit és Windows 8 Professional 64 bit	nincs	Intel	1 x 4	802.11 a/b/g/n	0,90 MP		1 db		Igen	10/100/1000 Mb/s	Igen	Igen				45 watt			310,00 mm	21,00 mm	215,9 mm		Sztereó	Igen			4.0	3 db								Igen					HP pixel policy alapján	1 db			Igen	Igen	Igen							
HP EliteBook 820 G1 H5G15EA 12,5"/Intel Core i7-4600U 2,1GHz/8GB/256GB SSD/3G/Windows8 Pro notebook	0 Ft	1366x768	12,5 "		Matt	Intel	Core i7	Intel Core i7-4600U (2.1 GHz, 4MB)	8,0 GB	DDR3L-1600MHz	2 db	SSD	256 GB		Intel® HD Graphics 4400	1,33 kg	3	Windows 7 Professional 64bit és Windows 8 Professional 64 bit	nincs	Intel	2 x 4	802.11 a/b/g/n	0,90 MP		1 db		Igen	10/100/1000 Mb/s	Igen	Igen				45 watt			310,00 mm	21,00 mm	215,9 mm		Sztereó	Igen			4.0	3 db								Igen					HP pixel policy alapján	1 db			Igen	Igen	Igen		4G (LTE)					
HP EliteBook 840 G1 H5G17EA 14"/Intel Core i5-4200U 1,6GHz/4GB/500GB notebook	0 Ft	1366x768	14,0 "		Matt	Intel	Core i5	Intel Core i5-4200U (1,6 GHz, 3 MB)	4,0 GB	DDR3L-1600MHz	2 db	HDD	500 GB	7200 rpm	Intel® HD Graphics 4400	1,58 kg	3	FreeDOS	nincs	Intel	1 x 4	802.11 a/b/g/n	0,90 MP		1 db		Igen	10/100/1000 Mb/s	Igen	Igen				45 watt	Fém		339,00 mm	21,00 mm	237,0 mm		Sztereó	Igen			4.0	4 db								Igen					HP pixel policy alapján	1 db			Igen	Igen	Igen							
HP EliteBook 840 G1 H5G21EA 14"/Intel Core i5-4200U 1,6GHz/4GB/500GB/Win7 és Win8 Pro notebook	0 Ft	1600x900	14,0 "		Matt	Intel	Core i5	Intel Core i5-4200U (1,6 GHz, 3 MB)	4,0 GB	DDR3L-1600MHz	2 db	HDD	500 GB	7200 rpm	Intel® HD Graphics 4400	1,58 kg	3	Windows 7 Professional 64bit és Windows 8 Professional 64 bit	nincs	Intel	1 x 4	802.11 a/b/g/n	0,90 MP		1 db		Igen	10/100/1000 Mb/s	Igen	Igen				45 watt	Fém		339,00 mm	21,00 mm	237,0 mm		Sztereó	Igen			4.0	4 db								Igen					HP pixel policy alapján	1 db			Igen	Igen	Igen							
HP EliteBook 850 G1 H5G36EA 15,6"/Intel Core i5-4200U 1,6 GHz/4GB/500GB/Win8 Pro notebook	0 Ft	1920x1080	15,6 "		Matt	Intel	Core i5	Intel Core i5-4200U (1,6 GHz, 3 MB)	4,0 GB	DDR3L-1600MHz	2 db	HDD	500 GB	7200 rpm	Intel® HD Graphics 4400	1,80 kg	3	Windows 7 Professional 64bit és Windows 8 Professional 64 bit	nincs	Intel	1 x 4	802.11 a/b/g/n	0,90 MP		1 db		Igen	10/100/1000 Mb/s	Igen	Igen				45 watt	Fém		375,00 mm	21,55 mm	253,0 mm		Sztereó	Igen			4.0	4 db								Igen		Igen			HP pixel policy alapján	1 db			Igen	Igen	Igen	ENERGY STAR						
HP EliteBook 850 G1 H5G42EA 15,6"/Intel Core i7-4600U 2,1 GHz/8GB/500GB/Radeon HD 8750M 1GB/Win8 Pro notebook	0 Ft	1920x1080	15,6 "		Matt	Intel	Core i7	Intel Core i7-4600U (2.1 GHz, 4MB)	8,0 GB	DDR3L-1600MHz	2 db	HDD	500 GB	7200 rpm	AMD Radeon HD 8750 1GB GDDR3	1,80 kg	3	Windows 7 Professional 64bit és Windows 8 Professional 64 bit	nincs	AMD	2 x 4	802.11 a/b/g/n	0,90 MP		1 db		Igen	10/100/1000 Mb/s	Igen	Igen				65 watt	Fém		375,00 mm	21,55 mm	253,0 mm		Sztereó	Igen			4.0	4 db								Igen					HP pixel policy alapján	1 db			Igen	Igen	Igen	ENERGY STAR						
HP EliteBook Folio 9470m H4P03EA 14"/Intel Core i5 3437U 1,9GHz/4GB/500GB/Win7 és Win8 Pro notebook	0 Ft	1366x768	14,0 "		Matt	Intel	Core i5	Intel Core i5-3437U (1,9 GHz, 3MB)	4,0 GB	DDR3-1600MHz	2 db	HDD	500 GB	7200 rpm	Intel® HD Graphics 4000	1,63 kg	4	Windows 7 Professional 64bit és Windows 8 Professional 64 bit	nincs	Intel	1 x 4	802.11 a/b/g/n	0,90 MP	1 db	1 db		Igen	10/100/1000 Mb/s	Igen	Igen	Lítium-ion			45 watt	Fém		338,00 mm	18,90 mm	231,0 mm	Folio	SRS Premium Sound	Igen			Van	2 db			Igen					Igen						1 db			Igen		Igen	ENERGY STAR	3G (UMTS)					
HP EliteBook Folio 9470m H5E47EA 14"/Intel Core i5 3437U 1,9GHz/4GB/180GB SSD/Win7 és Win8 Pro notebook	0 Ft	1366x768	14,0 "		Matt	Intel	Core i5	Intel Core i5-3437U (1,9 GHz, 3MB)	4,0 GB	DDR3-1600MHz	2 db	SSD	180 GB		Intel® HD Graphics 4000	1,63 kg	4	Windows 7 Professional 64bit és Windows 8 Professional 64 bit	nincs	Intel	1 x 4	802.11 a/b/g/n	0,90 MP	1 db	1 db		Igen	10/100/1000 Mb/s	Igen	Igen	Lítium-ion			45 watt	Fém		338,00 mm	18,90 mm	231,0 mm	Folio	SRS Premium Sound	Igen			Van	2 db			Igen					Igen					HP pixel policy alapján	1 db			Igen		Igen	ENERGY STAR						
HP EliteBook Folio 9470m H5F49EA 14"/Intel Core i7-3687U 2,1GHz/8GB/256GB SSD/3G/Win7 Pro és Win8 Pro szürke notebook	0 Ft	1600x900	14,0 "		Matt	Intel	Core i7	Intel Core i7-3687U (2.1 GHz, 4 MB)	8,0 GB	DDR3-1600MHz	2 db	SSD	256 GB		Intel® HD Graphics 4000	1,60 kg	4	Windows 7 Professional 64bit és Windows 8 Professional 64 bit	nincs	Intel	2 x 4	802.11 a/b/g/n	0,90 MP		1 db		Igen	10/100/1000 Mb/s	Igen	Igen				45 watt		Szürke	338,00 mm	18,90 mm	231,0 mm		Sztereó	Igen			4.0	3 db			Igen					Igen					HP pixel policy alapján	1 db			Igen	Igen	Igen		3G (UMTS)					
HP EliteBook Folio 9470m H5F50EA 14"/Intel Core i7-3687U 2,1GHz/8GB/256GB SSD/Win7 Pro és Win8 Pro szürke notebook	0 Ft	1600x900	14,0 "		Matt	Intel	Core i7	Intel Core i7-3687U (2.1 GHz, 4 MB)	8,0 GB	DDR3-1600MHz	2 db	SSD	256 GB		Intel® HD Graphics 4000	1,60 kg	4	Windows 7 Professional 64bit és Windows 8 Professional 64 bit	nincs	Intel	2 x 4	802.11 a/b/g/n	0,90 MP		1 db		Igen	10/100/1000 Mb/s	Igen	Igen				45 watt		Szürke	338,00 mm	18,90 mm	231,0 mm		Sztereó	Igen			4.0	3 db			Igen					Igen					HP pixel policy alapján	1 db			Igen	Igen	Igen							
HP EliteBook Revolve 810 G1 H5F12EA 11,6"/Intel Core i5 3437U 1,9GHz/8GB/256GB SSD/Win8 Pro notebook	0 Ft	1366x768	11,6 "		Fényes	Intel	Core i5	Intel Core i5-3437U (1,9 GHz, 3MB)	8,0 GB	DDR3-1600MHz	1 db	mSATA SSD	256 GB		Intel HD Graphics	1,40 kg	6	Windows 8 Professional 64 bit	nincs	Intel	2 x 4	802.11 a/b/g/n	1,00 MP				Igen	10/100/1000 Mb/s	Igen	Igen	Li-polymer			45 watt	Fém		212,00 mm	22,30 mm	285,0 mm			Igen			Van	2 db			Igen	TN	Igen			Igen					HP pixel policy alapján	1 db				Igen	Igen		3G (UMTS)					
HP EliteBook Revolve 810 G1 H5F14EA 11,6"/Intel Core i5 3437U 1,9GHz/4GB/128GB SSD/Win8 Pro notebook	0 Ft	1366x768	11,6 "		Fényes	Intel	Core i5	Intel Core i5-3437U (1,9 GHz, 3MB)	4,0 GB	DDR3-1600MHz	1 db	SSD	128 GB		Intel HD Graphics	1,40 kg	6	Windows 8 Professional 64 bit	nincs	Intel	1 x 4	802.11 a/b/g/n	1,00 MP				Igen	10/100/1000 Mb/s	Igen	Igen	Li-polymer			45 watt	Fém		212,00 mm	22,30 mm	285,0 mm		Sztereó	Igen			Van	2 db			Igen	TN	Igen			Igen					HP pixel policy alapján	1 db				Igen	Igen	ENERGY STAR						
HP Pavilion 15-n000sh F2T40EA 15,6"/Intel Pentium 2117U 1,8GHz/4GB/750GB/AMD Radeon 8670M 1GB/DVD író fekete notebook	0 Ft	1366x768	15,6 "		Fényes	Intel	Pentium	Intel Pentium Dual-Core 2117U (1,8 GHz, 2 MB)	4,0 GB	DDR3L-1600MHz	2 db	HDD	750 GB	5400 rpm	AMD HD Radeon 8670M 1GB	2,28 kg	4	FreeDOS	DVD Super Multi	AMD	1 x 4	802.11 b/g/n	0,90 MP	1 db		1 db	Igen	10/100 Mb/s		Igen	Lítium-ion			65 watt		Fekete	385,70 mm	22,30 mm	258,0 mm		Sztereó	Igen	Igen		Van	2 db																										
HP Pavilion 15-n001sh F2T41EA 15,6"/Intel Core i3-3217U 1,8GHz/6GB/750GB/AMD Radeon 8670M 1GB/DVD író/Windows 8 notebook	0 Ft	1366x768	15,6 "		Fényes	Intel	Core i3	Intel Core i3-3217U (1,8 GHz, 3 MB)	6,0 GB	DDR3L-1600MHz	2 db	HDD	750 GB	5400 rpm	AMD HD Radeon 8670M 1GB	2,28 kg	4	Windows 8 64 bit	DVD Super Multi	AMD	4 + 2	802.11 b/g/n	0,90 MP	1 db		1 db	Igen	10/100 Mb/s		Igen	Lítium-ion			65 watt			385,70 mm	23,00 mm	258,0 mm			Igen	Igen		Van	2 db													HP pixel policy alapján													
HP Pavilion 15-n005eh F6Q12EA 15,6"/Intel Core i3-4005U 1,7GHz/6GB/750GB/DVD író fehér notebook	0 Ft	1366x768	15,6 "		Fényes	Intel	Core i3	Intel Core i3-4005U (1,7 GHz, 3MB)	6,0 GB	DDR3L-1600MHz	2 db	HDD	750 GB	5400 rpm	Intel® HD Graphics 4600	2,28 kg	4	FreeDOS	DVD Super Multi	Intel	4 + 2	802.11 b/g/n	0,90 MP	1 db		1 db	Igen	10/100 Mb/s		Igen	Lítium-ion			65 watt		Fekete	385,70 mm	22,30 mm	258,0 mm		Sztereó	Igen	Igen		Van	2 db																										
HP Pavilion 17-e050sh E6A88EA 17,3"/AMD A4-5000M 1,5GHz/4GB/750GB notebook	0 Ft	1600x900	17,3 "		Fényes	AMD	A4	AMD Quad-Core A4-5000M (1,5GHz, 2MB)	4,0 GB	DDR3-1600MHz	2 db	HDD	750 GB	5400 rpm		2,90 kg	6	FreeDOS	DVD Super Multi	AMD	1 x 4	802.11 b/g/n	0,90 MP	1 db	1 db	1 db	Igen	10/100 Mb/s		Igen	Lítium-ion			65 watt	Műanyag		420,00 mm	33,00 mm	267,0 mm		Sztereó	Igen	Igen		Van	2 db																										
HP ProBook 430 G1 H0W66EA 13,3"/Intel Core i3-4010U 1,7GHz/4GB/500GB/táska notebook	0 Ft	1366x768	13,3 "		Matt	Intel	Core i3	Intel Core i3-4010U (1,7 GHz, 3 MB)	4,0 GB	DDR3L-1600MHz	2 db	HDD	500 GB	5400 rpm	Intel® HD Graphics 4400	1,50 kg	4	Linux	nincs	Intel	1 x 4	802.11 b/g/n	0,90 MP	1 db	1 db	1 db	Igen	10/100/1000 Mb/s	Igen	Igen				45 watt			326,00 mm	21,00 mm	233,0 mm		Sztereó	Igen			4.0	2 db		Táska											HP pixel policy alapján													
HP ProBook 430 G1 H6P49EA 13,3"/Intel Core i5-4200U 1,6GHz/4GB/500GB notebook	0 Ft	1366x768	13,3 "		Matt	Intel	Core i5	Intel Core i5-4200U (1,6 GHz, 3 MB)	4,0 GB	DDR3L-1600MHz	2 db	HDD	500 GB	5400 rpm	Intel® HD Graphics 4400	1,50 kg	4	Linux	nincs	Intel	1 x 4	802.11 b/g/n	0,90 MP	1 db	1 db	1 db	Igen	10/100/1000 Mb/s	Igen	Igen				45 watt			326,00 mm	21,00 mm	233,0 mm		Sztereó	Igen			4.0	2 db													HP pixel policy alapján													
HP ProBook 430 G1 H6P58EA 13,3"/Intel Core i5-4200U 1,6GHz/4GB/500GB/Windows 8 Pro notebook	0 Ft	1366x768	13,3 "		Matt	Intel	Core i5	Intel Core i5-4200U (1,6 GHz, 3 MB)	4,0 GB	DDR3L-1600MHz	2 db	HDD	500 GB	5400 rpm	Intel® HD Graphics 4400	1,50 kg	4	Windows 8 Professional 64 bit	nincs	Intel	1 x 4	802.11 b/g/n	0,90 MP	1 db	1 db	1 db	Igen	10/100/1000 Mb/s	Igen	Igen				45 watt			326,00 mm	21,00 mm	233,0 mm		Sztereó	Igen			4.0	2 db													HP pixel policy alapján								3G (UMTS)					
HP ProBook 450 G1 E9Y33EA 15,6"/Intel Core i3-4000M 2,4 GHz/4GB/500GB/8750M 1GB/DVD író notebook	0 Ft	1366x768	15,6 "		Matt	Intel	Core i3	Intel Core i3-4000M (2,4GHz, 3MB)	4,0 GB	DDR3L-1600MHz	2 db	HDD	500 GB	5400 rpm	AMD Radeon HD 8750 1GB GDDR3	2,26 kg	6	FreeDOS	DVD Super Multi	AMD	1 x 4	802.11 b/g/n	0,90 MP	2 db	1 db	1 db	Igen	10/100/1000 Mb/s	Igen	Igen				90 watt			375,00 mm	23,00 mm	256,0 mm		Sztereó	Igen	Igen		4.0	2 db													HP pixel policy alapján							ENERGY STAR						
HP ProBook 450 G1 E9Y39EA 15,6"/Intel Core i5-4200M 2,5 GHz/4GB/750GB/8750M 2GB/DVD író notebook	0 Ft	1366x768	15,6 "		Matt	Intel	Core i5	Intel Core i5-4200M (2,5 GHz, 3MB)	4,0 GB	DDR3L-1600MHz	2 db	HDD	750 GB	5400 rpm	AMD Radeon HD 8750M 2GB GDDR3	2,26 kg	6	FreeDOS	DVD Super Multi	AMD	1 x 4	802.11 b/g/n	0,90 MP	2 db	1 db	1 db	Igen	10/100/1000 Mb/s	Igen	Igen	Lítium-ion			90 watt			375,00 mm	23,00 mm	256,0 mm		Sztereó	Igen	Igen		4.0	2 db													HP pixel policy alapján							ENERGY STAR						
HP ProBook 450 G1 E9Y42EA 15,6"/Intel Core i5-4200M 2,5 GHz/8GB/750GB/8750M 2GB/DVD író/Windows 8 notebook	0 Ft	1366x768	15,6 "		Matt	Intel	Core i5	Intel Core i5-4200M (2,5 GHz, 3MB)	8,0 GB	DDR3L-1600MHz	2 db	HDD	750 GB	5400 rpm	AMD Radeon HD 8750M 2GB GDDR3	2,26 kg	6	Windows 8 64 bit	DVD Super Multi	AMD	2 x 4	802.11 b/g/n	0,90 MP	2 db	1 db	1 db	Igen	10/100/1000 Mb/s	Igen	Igen	Lítium-ion			90 watt			375,00 mm	23,00 mm	256,0 mm		Sztereó	Igen	Igen		4.0	2 db													HP pixel policy alapján							ENERGY STAR						
HP ProBook 450 G1 E9Y54EA 15,6"/Intel Core i5-4200M 2,5 GHz/4GB/500GB/DVD író notebook	0 Ft	1366x768	15,6 "		Matt	Intel	Core i5	Intel Core i5-4200M (2,5 GHz, 3MB)	4,0 GB	DDR3L-1600MHz	2 db	HDD	500 GB	5400 rpm	Intel HD Graphics 4600	2,26 kg	6	FreeDOS	DVD Super Multi	Intel	1 x 4	802.11 b/g/n	0,90 MP	2 db	1 db	1 db	Igen	10/100/1000 Mb/s	Igen	Igen	Lítium-ion			65 watt			375,00 mm	23,00 mm	256,0 mm		Sztereó	Igen	Igen		4.0	2 db													HP pixel policy alapján													
HP ProBook 4545s H5K12EA 15,6"/AMD A4-4300M 2,5 GHz/4GB/500GB/DVD író/Win8 notebook	0 Ft	1366x768	15,6 "		Matt	AMD	A4	AMD Dual-Core A4-4300M APU (2,5 GHz, 1 MB)	4,0 GB	DDR3-1600MHz	2 db	HDD	500 GB	5400 rpm	AMD Radeon HD 7420G	2,33 kg	6	Windows 8 64 bit	DVD Super Multi	AMD	1 x 4	802.11 b/g/n	0,90 MP	2 db	1 db	1 db	Igen	10/100/1000 Mb/s	Igen	Igen	Lítium-ion			65 watt	Fém		375,00 mm	35,00 mm	256,0 mm	ProBook 4540	SRS Premium Sound	Igen	Igen		Van	2 db													HP pixel policy alapján													
HP ProBook 470 G1 E9Y79EA 17,3"/Intel Core i5-4200M 2,5 GHz/4GB/1TB/8750 2GB/DVD író/Windows 8 táska notebook	0 Ft	1600x900	17,3 "		Matt	Intel	Core i5	Intel Core i5-4200M (2,5 GHz, 3MB)	4,0 GB	DDR3L-1600MHz	2 db	HDD	1000 GB	5400 rpm	AMD Radeon HD 8570M 2GB GDDR3	2,90 kg	6	Windows 8 64 bit	DVD Super Multi	AMD	1 x 4	802.11 b/g/n	0,90 MP	2 db	1 db	1 db		10/100/1000 Mb/s	Igen	Igen	Lítium-ion			90 watt			413,60 mm	25,30 mm	280,0 mm		Sztereó	Igen	Igen		4.0	2 db		Táska											HP pixel policy alapján													
HP ProBook 470 G1 E9Y82EA 17,3"/Intel Core i5-4200M 2,5 GHz/8GB/1TB/8750 2GB/DVD író/táska notebook	0 Ft	1600x900	17,3 "		Matt	Intel	Core i5	Intel Core i5-4200M (2,5 GHz, 3MB)	8,0 GB	DDR3L-1600MHz	2 db	HDD	1000 GB	5400 rpm	AMD Radeon HD 8570M 2GB GDDR3	2,90 kg	6	FreeDOS	DVD Super Multi	AMD	2 x 4	802.11 b/g/n	0,90 MP	2 db	1 db	1 db		10/100/1000 Mb/s	Igen	Igen	Lítium-ion			90 watt			413,60 mm	25,30 mm	280,0 mm		Sztereó	Igen	Igen		4.0	2 db		Táska											HP pixel policy alapján													
HP ProBook 640 G1 H5G66EA 14"/Intel Core i5-4200M 2,5GHz/4GB/500GB/DVD író/Win7 és Win8 Pro notebook	0 Ft	1600x900	14,0 "		Matt	Intel	Core i5	Intel Core i5-4200M (2,5 GHz, 3MB)	4,0 GB	DDR3L-1600MHz	2 db	HDD	500 GB	7200 rpm	Intel HD Graphics 4600	2,00 kg	6	Windows 7 Professional 64bit és Windows 8 Professional 64 bit	DVD Super Multi	Intel	1 x 4	802.11 a/b/g/n	0,90 MP		1 db		Igen	10/100/1000 Mb/s	Igen	Igen				65 watt		Fekete	340,00 mm	25,30 mm	237,0 mm		Sztereó	Igen			4.0	4 db								Igen					HP pixel policy alapján	1 db			Igen	Igen	Igen							
HP ProBook 640 G1 H5G68EA 14"/Intel Core i5-4200M 2,5GHz/4GB/128GB SSD/DVD író/Win7 és Win8 Pro notebook	0 Ft	1600x900	14,0 "		Matt	Intel	Core i5	Intel Core i5-4200M (2,5 GHz, 3MB)	4,0 GB	DDR3L-1600MHz	2 db	SSD	128 GB		Intel HD Graphics 4600	2,00 kg	6	Windows 7 Professional 64bit és Windows 8 Professional 64 bit	DVD Super Multi	Intel	1 x 4	802.11 a/b/g/n	0,90 MP		1 db		Igen	10/100/1000 Mb/s	Igen	Igen				65 watt		Fekete	340,00 mm	25,30 mm	237,0 mm		Sztereó	Igen			4.0	4 db								Igen					HP pixel policy alapján	1 db			Igen	Igen	Igen							
HP ProBook 650 G1 H5G73EA 15,6"/Intel Core i5-4200M 2,5GHz/4GB/500GB/DVD író fekete notebook	0 Ft	1366x768	15,6 "		Matt	Intel	Core i5	Intel Core i5-4200M (2,5 GHz, 3MB)	4,0 GB	DDR3L-1600MHz	2 db	HDD	500 GB	7200 rpm	Intel HD Graphics 4600	2,32 kg	6	FreeDOS	DVD Super Multi	Intel	1 x 4	802.11 a/b/g/n	0,90 MP		1 db		Igen	10/100/1000 Mb/s	Igen	Igen				65 watt		Fekete	378,00 mm	25,30 mm	257,0 mm		Sztereó	Igen	Igen		4.0	5 db								Igen					HP pixel policy alapján	1 db			Igen	Igen	Igen			1 db				
HP ProBook 650 G1 H5G74EA 15,6"/Intel Core i3-4000M 2,4GHz/4GB/500GB/DVD író/Win7 Pro és Win8 Pro fekete notebook	0 Ft	1366x768	15,6 "		Matt	Intel	Core i3	Intel Core i3-4000M (2,4GHz, 3MB)	4,0 GB	DDR3L-1600MHz	2 db	HDD	500 GB	7200 rpm	Intel HD Graphics 4600	2,32 kg	6	Windows 7 Professional 64bit és Windows 8 Professional 64 bit	DVD Super Multi	Intel	1 x 4	802.11 a/b/g/n	0,90 MP		1 db		Igen	10/100/1000 Mb/s	Igen	Igen				65 watt		Fekete	378,00 mm	25,30 mm	257,0 mm		Sztereó	Igen	Igen		4.0	5 db								Igen					HP pixel policy alapján	1 db			Igen	Igen	Igen			1 db				
HP ProBook 650 G1 H5G75EA 15,6"/Intel Core i5-4200M 2,5GHz/4GB/500GB/DVD író/Win7 Pro és Win8 Pro fekete notebook	0 Ft	1366x768	15,6 "		Matt	Intel	Core i5	Intel Core i5-4200M (2,5 GHz, 3MB)	4,0 GB	DDR3L-1600MHz	2 db	HDD	500 GB	7200 rpm	Intel HD Graphics 4600	2,32 kg	6	Windows 7 Professional 64bit és Windows 8 Professional 64 bit	DVD Super Multi	Intel	1 x 4	802.11 a/b/g/n	0,90 MP		1 db		Igen	10/100/1000 Mb/s	Igen	Igen				65 watt		Fekete	378,00 mm	25,30 mm	257,0 mm		Sztereó	Igen	Igen		4.0	5 db								Igen					HP pixel policy alapján	1 db			Igen	Igen	Igen			1 db				
HP ProBook 650 G1 H5G76EA 15,6" FHD/Intel Core i5-4200M 2,5GHz/4GB/500GB/DVD író/Win7 Pro és Win8 Pro fekete notebook	0 Ft	1920x1080	15,6 "		Matt	Intel	Core i5	Intel Core i5-4200M (2,5 GHz, 3MB)	4,0 GB	DDR3L-1600MHz	2 db	HDD	500 GB	7200 rpm	Intel HD Graphics 4600	2,32 kg	6	Windows 7 Professional 64bit és Windows 8 Professional 64 bit	DVD Super Multi	Intel	1 x 4	802.11 a/b/g/n	0,90 MP		1 db		Igen	10/100/1000 Mb/s	Igen	Igen				65 watt		Fekete	378,00 mm	25,30 mm	257,0 mm		Sztereó	Igen	Igen		4.0	5 db								Igen					HP pixel policy alapján	1 db			Igen	Igen	Igen			1 db				
HP ProBook 650 G1 H5G77EA 15,6"/Intel Core i5-4200M 2,5GHz/4GB/500GB/DVD író/3G/Win7 Pro és Win8 Pro fekete notebook	0 Ft	1366x768	15,6 "		Matt	Intel	Core i5	Intel Core i5-4200M (2,5 GHz, 3MB)	4,0 GB	DDR3L-1600MHz	2 db	HDD	500 GB	7200 rpm	Intel HD Graphics 4600	2,32 kg	6	Windows 7 Professional 64bit és Windows 8 Professional 64 bit	DVD Super Multi	Intel	1 x 4	802.11 a/b/g/n	0,90 MP		1 db		Igen	10/100/1000 Mb/s	Igen	Igen				65 watt		Fekete	378,00 mm	25,30 mm	257,0 mm		Sztereó	Igen	Igen		4.0	5 db								Igen					HP pixel policy alapján	1 db			Igen	Igen	Igen		3G (UMTS)	1 db				
HP ProBook 650 G1 H5G79EA 15,6" FHD/Intel Core i5-4200M 2,5GHz/4GB/500GB/8750M 1GB/DVD író/Win7 és Win8 fekete notebook	0 Ft	1920x1080	15,6 "		Matt	Intel	Core i5	Intel Core i5-4200M (2,5 GHz, 3MB)	4,0 GB	DDR3L-1600MHz	2 db	HDD	500 GB	7200 rpm	AMD Radeon HD 8570M 1GB GDDR3	2,32 kg	6	Windows 7 Professional 64bit és Windows 8 Professional 64 bit	DVD Super Multi	AMD	1 x 4	802.11 a/b/g/n	0,90 MP		1 db		Igen	10/100/1000 Mb/s	Igen	Igen				90 watt		Fekete	378,00 mm	25,30 mm	257,0 mm		Sztereó	Igen	Igen		4.0	5 db								Igen					HP pixel policy alapján	1 db			Igen	Igen	Igen			1 db				
HP ProBook 650 G1 H5G80EA 15,6" FHD/Intel Core i5-4200M 2,5GHz/4GB/128GB SSD/DVD író/Win7 Pro ésWin8 Pro fekete notebook	0 Ft	1920x1080	15,6 "		Matt	Intel	Core i5	Intel Core i5-4200M (2,5 GHz, 3MB)	4,0 GB	DDR3L-1600MHz	2 db	SSD	128 GB		Intel HD Graphics 4600	2,32 kg	6	Windows 7 Professional 64bit és Windows 8 Professional 64 bit	DVD Super Multi	Intel	1 x 4	802.11 a/b/g/n	0,90 MP		1 db		Igen	10/100/1000 Mb/s	Igen	Igen				65 watt		Fekete	378,00 mm	25,30 mm	257,0 mm		Sztereó	Igen	Igen		4.0	5 db								Igen					HP pixel policy alapján	1 db			Igen	Igen	Igen			1 db				
HP Spectre XT Pro H6D55EA 13,3"/Intel Core i7 3537U 2,0GHz/4GB/256GB SSD/Win8 Pro notebook	0 Ft	1366x768	13,3 "		Fényes	Intel	Core i7	Intel Core i7-3537U (2,0 GHz, 4MB)	4,0 GB	DDR3-1600MHz	1 db	mSATA SSD	256 GB		Intel® HD Graphics 4000	1,42 kg	4	Windows 8 Professional 64 bit	nincs	Intel	1 x 4	802.11 a/b/g/n	0,90 MP	1 db		1 db	Igen	10/100/1000 Mb/s	Igen	Igen	Lítium-ion			65 watt	Fém		316,50 mm	14,70 mm	224,5 mm	Spectre	Beats Audio	Igen			4.0	1 db			Igen					Igen					HP pixel policy alapján													
HP ZBook F0U60EA 15,6"/Intel Core i7 4700QM 2,4GHz/4GB/500GB/DVD író/NVIDIA Quadro K110M 2GB/Win8Pro notebook	0 Ft	1920x1080	15,6 "		Matt	Intel	Core i7	Intel Core i7-4700MQ (3,4 GHz, 6 MB)	4,0 GB	DDR3L-1600MHz	4 db	HDD	500 GB	7200 rpm	NVIDIA Quadro K1100M 2GB GDDR5	2,80 kg	8	Windows 7 Professional 64bit és Windows 8 Professional 64 bit	DVD Super Multi	NVIDIA	1 x 4	802.11 a/b/g/n	0,90 MP	1 db	1 db		Igen	10/100/1000 Mb/s	Igen	Igen	Lítium-ion			200 watt	Fém	Fekete	381,60 mm	30,50 mm	257,0 mm		Sztereó	Igen	Igen		4.0	3 db								Igen		Igen			HP pixel policy alapján	1 db		ExpressCard/54	Igen	Igen	Igen	ENERGY STAR			1 db			
LENOVO G500 59-390041 15,6"/Intel Core i3-3110M 2,4GHz/4GB/500GB//DVD író/fekete notebook	0 Ft	1366x768	15,6 "		Fényes	Intel	Core i3	Intel Core i3-3110M (2,4 GHz, 3 MB)	4,0 GB	DDR3-1600MHz		HDD	500 GB	5400 rpm	Intel HD Graphics	2,28 kg	6	FreeDOS	DVD író	Intel		802.11 b/g/n	0,90 MP	1 db		1 db	Igen	10/100 Mb/s	Igen			48 wattóra		65 watt	Fém + műanyag	Fekete	377,00 mm	34,00 mm	250,0 mm	G500	sztereó	Igen	Igen		4.0	2 db																										
LENOVO G500 59-390042 15,6"/Intel Dual-Core Pentium 2020M 2,4GHz/4GB/500GB/DVD író/fekete/Win8 notebook	0 Ft	1366x768	15,6 "		Fényes	Intel	Pentium	Intel Pentium Dual-Core 2020M (2,4 GHz, 2 MB)	4,0 GB	DDR3-1600MHz		HDD	500 GB	5400 rpm	Intel HD Graphics	2,28 kg	6	Windows 8	DVD író	Intel		802.11 b/g/n	0,90 MP	1 db		1 db	Igen	10/100 Mb/s	Igen			48 wattóra		65 watt	Fém + műanyag	Fekete	377,00 mm	34,00 mm	250,0 mm	G500	sztereó	Igen	Igen		4.0	2 db																										
LENOVO G500 59-390048 15,6"/Intel Dual-Core Pentium 2020M 2,4GHz/4GB/500GB/DVD író/fekete notebook	0 Ft	1366x768	15,6 "		Fényes	Intel	Pentium	Intel Pentium Dual-Core 2020M (2,4 GHz, 2 MB)	4,0 GB	DDR3-1600MHz	2 db	HDD	500 GB	5400 rpm	Intel® HD Graphics 4000	2,30 kg	6	FreeDOS	DVD Super Multi	Intel	1 x 4	802.11 b/g/n	1,00 MP	1 db	1 db	1 db	Igen	10/100 Mb/s	Igen		Lítium-ion	48 wattóra		65 watt	Fém + műanyag	Fekete	377,00 mm	34,00 mm	250,0 mm	G500	sztereó	Igen	Igen		4.0	2 db																										
LENOVO G500 59-390067 15,6"/Intel Dual-Core Pentium 2020M 2,4GHz/4GB/1000GB/DVD író/fekete notebook	0 Ft				Fényes	Intel	Pentium	Intel Pentium Dual-Core 2020M (2,4 GHz, 2 MB)	4,0 GB	DDR3-1600MHz		HDD	1000 GB	5400 rpm	Intel HD Graphics	2,28 kg	6	FreeDOS	DVD író	Intel		802.11 b/g/n	0,90 MP	1 db		1 db	Igen	10/100 Mb/s	Igen			48 wattóra		65 watt	Fém + műanyag	Fekete	377,00 mm	34,00 mm	250,0 mm	G500	sztereó	Igen	Igen		4.0	2 db																										
LENOVO G500 59-390087 15,6"/Intel Dual-Core Pentium 2020M 2,4GHz/4GB/1000GB/8570 1GB/DVD író/fekete notebook	0 Ft	1366x768	15,6 "		Fényes	Intel	Pentium	Intel Pentium Dual-Core 2020M (2,4 GHz, 2 MB)	4,0 GB	DDR3-1600MHz	2 db	HDD	1000 GB	5400 rpm	AMD Radeon HD 8570M 1GB GDDR3	2,30 kg	6	FreeDOS	DVD Super Multi	AMD	1 x 4	802.11 b/g/n	1,00 MP	1 db	1 db	1 db	Igen	10/100 Mb/s	Igen		Lítium-ion	48 wattóra		65 watt	Fém + műanyag	Fekete	377,00 mm	34,00 mm	250,0 mm	G500	sztereó	Igen	Igen		4.0	2 db																										
LENOVO G500 59-390091 15,6"/Intel Dual-Core Pentium 2020M 2,4GHz/4GB/1000GB/8570 2GB/DVD író/fekete notebook	0 Ft		15,6 "		Fényes	Intel	Pentium	Intel Pentium Dual-Core 2020M (2,4 GHz, 2 MB)	4,0 GB	DDR3-1600MHz		HDD	1000 GB	5400 rpm	Intel HD Graphics	2,28 kg	6	FreeDOS	DVD író	Intel		802.11 b/g/n	0,90 MP	1 db		1 db	Igen	10/100 Mb/s	Igen			48 wattóra		65 watt	Fém + műanyag	Fekete	377,00 mm	34,00 mm	250,0 mm	G500	sztereó	Igen	Igen		4.0	2 db																										
LENOVO G500 59-390095 15,6"/Intel Core i3-3110M 2,4GHz/4GB/1000GB/8570 1GB/DVD író/fekete notebook	0 Ft	1366x768	15,6 "		Fényes	Intel	Core i3	Intel Core i3-3110M (2,4 GHz, 3 MB)	4,0 GB	DDR3-1600MHz	2 db	HDD	1000 GB	5400 rpm	AMD Radeon HD 8570M 1GB GDDR3	2,30 kg	6	FreeDOS	DVD Super Multi	AMD	1 x 4	802.11 b/g/n	1,00 MP	1 db	1 db	1 db	Igen	10/100 Mb/s	Igen		Lítium-ion	48 wattóra		65 watt	Fém + műanyag	Fekete	377,00 mm	34,00 mm	250,0 mm	G500	sztereó	Igen	Igen		4.0	2 db																										
LENOVO G500 59-390483 15,6"/Intel Celeron 1005M 1,9GHz/4GB/1TB//DVD író/fekete notebook	0 Ft		15,6 "		Fényes	Intel	Celeron	Intel Celeron 1005M (1,9 GHz, 2 MB)	4,0 GB	DDR3-1600MHz		HDD	1000 GB	5400 rpm	Intel HD Graphics	2,28 kg	6	FreeDOS	DVD író	Intel		802.11 b/g/n	0,90 MP	1 db		1 db	Igen	10/100 Mb/s	Igen			48 wattóra		65 watt	Műanyag	Fekete	377,00 mm	34,00 mm	250,0 mm	G500	sztereó	Igen	Igen		4.0	2 db																										
LENOVO G500 59-390509 15,6"/Intel Celeron 1005M 1,9GHz/4GB/500GB/DVD író/ fekete notebook	0 Ft	1366x768	15,6 "		Fényes	Intel	Celeron Dual-Core	Intel Celeron 1005M (1,9 GHz, 2 MB)	4,0 GB	DDR3-1600MHz	2 db	HDD	500 GB	5400 rpm	Intel HD Graphics	2,30 kg	6	FreeDOS	DVD Super Multi	Intel	1 x 4	802.11 b/g/n	1,00 MP	1 db	1 db	1 db	Igen	10/100 Mb/s	Igen		Lítium-ion	48 wattóra		65 watt	Műanyag	Fekete	377,00 mm	34,00 mm	250,0 mm	G500	sztereó	Igen	Igen		4.0	2 db																										
LENOVO G500 59-402605 15,6"/Intel Core i3-3110M 2,4GHz/4GB/1000GB/8570 2GB/DVD író/fekete notebook	0 Ft	1366x768	15,6 "		Fényes	Intel	Core i3	Intel Core i3-3110M (2,4 GHz, 3 MB)	4,0 GB	DDR3-1600MHz	2 db	HDD	1000 GB	5400 rpm	AMD Radeon HD 8570M 2GB GDDR3	2,30 kg	6	FreeDOS	DVD Super Multi	AMD	1 x 4	802.11 b/g/n	1,00 MP	1 db	1 db	1 db	Igen	10/100 Mb/s	Igen		Lítium-ion	48 wattóra		65 watt	Fém + műanyag	Fekete	377,00 mm	34,00 mm	250,0 mm	G500	sztereó	Igen	Igen		4.0	2 db																										
LENOVO G500 59-402606 15,6"/Intel Dual-Core Pentium 2020M 2,4GHz/4GB/500GB/8570 2GB/DVD író/fekete notebook	0 Ft	1366x768	15,6 "		Fényes	Intel	Pentium	Intel Pentium Dual-Core 2020M (2,4 GHz, 2 MB)	4,0 GB	DDR3-1600MHz		HDD	500 GB	5400 rpm	AMD Radeon HD 8570M 2GB GDDR3	2,28 kg	6	FreeDOS	DVD író	AMD		802.11 b/g/n	0,90 MP	1 db		1 db	Igen	10/100 Mb/s	Igen			48 wattóra		65 watt	Fém + műanyag	Fekete	377,00 mm	34,00 mm	250,0 mm	G500	sztereó	Igen	Igen		4.0	2 db																										
LENOVO G505 59-402610 15,6"/AMD Quad-Core A4-5000/4GB/1000GB/DVD író/ fekete notebook	0 Ft	1366x768	15,6 "		Fényes	AMD	A4	AMD Quad-Core A4-5000M (1,5GHz, 2MB)	4,0 GB	DDR3-1600MHz		HDD	1000 GB	5400 rpm	Integrált	2,49 kg	6	FreeDOS	DVD író			802.11 b/g/n	0,90 MP				Igen		Igen			48 wattóra		45 watt	Műanyag	Fekete				G505			Igen		4.0																											
LENOVO G505 59-402612 15,6"/AMD Dual-Core E1-2100 /4GB/500GB/DVD író/ fekete notebook	0 Ft	1366x768	15,6 "		Fényes	AMD	E1-2100	AMD Dual-Core E1-2100 (1,0 GHz, 1MB)	4,0 GB	DDR3-1600MHz		HDD	500 GB	5400 rpm	Intel HD Graphics	2,49 kg	6	FreeDOS	DVD író	AMD		802.11 b/g/n	0,90 MP	1 db	1 db	1 db	Igen	10/100 Mb/s	Igen			48 wattóra		45 watt	Műanyag	Fekete				G505	sztereó	Igen	Igen		4.0	2 db																										
LENOVO G505s 59-404323 15,6"/AMD Quad-Core A8-4500M/4GB/500GB/8570 2GB/DVD író/fekete notebook	0 Ft	1366x768	15,6 "		Fényes	AMD	A8	AMD Quad-Core A8-4500M (2,1GHz, 4MB)	4,0 GB	DDR3-1600MHz		HDD	500 GB	5400 rpm	AMD Radeon HD 8570M 2GB GDDR3	2,40 kg	4	FreeDOS	DVD író	AMD		802.11 b/g/n	0,90 MP	1 db	1 db	1 db	Igen		Igen			41 wattóra		65 watt	Műanyag	Fekete				G505	Sztereó	Igen	Igen		4.0	2 db																										
LENOVO G510 59-402665 15,6"/Intel Core i5-4200M 3,1GHz/4GB/1000GB/8750 2GB/DVD író/fekete notebook	0 Ft	1366x768	15,6 "		Fényes	Intel	Core i5	Intel Core i5-4200M (2,5 GHz, 3MB)	4,0 GB	DDR3L-1600MHz	2 db	HDD	1000 GB	5400 rpm	AMD Radeon HD 8750M 2GB GDDR3	2,60 kg	6	FreeDOS	DVD író	AMD	1 x 4	802.11 b/g/n	0,90 MP	1 db		1 db	Igen	10/100 Mb/s	Igen			48 wattóra		90 watt	Fém + műanyag	Fekete				G510	sztereó	Igen	Igen		4.0	2 db																										
LENOVO G710 59-390397 17,3"/Intel Core i3-4000M 2,4GHz/4GB/1000GB+8GB SSHD/DVD író/fekete notebook	0 Ft	1600x900	17,3 "		Fényes	Intel	Core i3	Intel Core i3-4000M (2,4GHz, 3MB)	4,0 GB	DDR3-1600MHz		SSHD	1000 GB	5400 rpm	Intel HD Graphics 4600	2,90 kg	6	FreeDOS	DVD író		1 x 4	802.11 b/g/n	0,90 MP	2 db	1 db	1 db	Igen	10/100 Mb/s	Igen		Li-ion	48 wattóra		90 watt	Műanyag	Fekete	418,00 mm	36,80 mm	278,0 mm		Sztereó	Igen	Igen		4.0	1 db				TN			8 GB																			
LENOVO G710 59-390399 17,3"/Intel Core i5-4200M 3,1GHz/4GB/1000GB+8GB SSHD/GT720 2GB/DVD író/fekete notebook	0 Ft	1600x900	17,3 "		Fényes	Intel	Core i7	Intel Core i5-4200M (2,5 GHz, 3MB)	4,0 GB	DDR3-1600MHz		SSHD	1000 GB	5400 rpm	NVIDIA GeForce GT 720M 2GB	2,90 kg	6	FreeDOS	DVD író	NVIDIA	1 x 4	802.11 b/g/n	0,90 MP	2 db	1 db	1 db	Igen	10/100 Mb/s	Igen		Li-ion	48 wattóra		90 watt	Műanyag	Fekete	418,00 mm	36,80 mm	278,0 mm		Sztereó	Igen	Igen		4.0	1 db				TN			8 GB																			
LENOVO G710 59-390402 17,3"/Intel Core i7-4702MQ 3,2GHz/8GB/1000GB+8GB SSHD/GT720 2GB/DVD író/fekete notebook	0 Ft	1600x900	17,3 "		Fényes	Intel	Core i7	Intel Core i7-4702MQ (2,2 GHz, 6 MB)	8,0 GB	DDR3-1600MHz		SSHD	1000 GB	5400 rpm	NVIDIA GeForce GT 720M 2GB	2,90 kg	6	FreeDOS	DVD író	NVIDIA	2 x 4	802.11 b/g/n	0,90 MP	2 db	1 db	1 db	Igen	10/100 Mb/s	Igen		Li-ion	48 wattóra		90 watt	Műanyag	Fekete	418,00 mm	36,80 mm	278,0 mm		Sztereó	Igen	Igen		4.0	1 db				TN			8 GB																			
LENOVO S510 FLEX Touch 59-390771 15,6"/Intel Core i5-4200U 2,6GHz/8GB/500GB+8GB SSHD/GT720 2GB/fekete/Win8 notebook	0 Ft	1366x768	15,6 "			Intel	Core i5	Intel Core i5-4200U (2.6 GHz, 3 MB)	8,0 GB	DDR3-1600MHz		SSHD	500 GB	5400 rpm	NVIDIA GeForce GT 720M 2GB	2,30 kg	4	Windows 8 64 bit	nincs	NVIDIA		802.11 b/g/n	0,90 MP	2 db	1 db	1 db	Igen	10/100 Mb/s			Li-ion	48 wattóra		65 watt	Fém + műanyag	Fekete					Sztereó	Igen			4.0	1 db				TN	Igen		8 GB				Narancs															
LENOVO S510P 59-402693 15,6"/Intel Core 2955U/4GB/500B/DVD író/fekete notebook	0 Ft	1366x768	15,6 "		Fényes	Intel	Pentium	Intel Celeron 2955U (1,4 GHz, 2 MB)	4,0 GB	DDR3-1600MHz		HDD	500 GB	5400 rpm	Intel HD Graphics	2,28 kg	4	FreeDOS	DVD író	Intel		802.11 b/g/n	0,90 MP				Igen	10/100 Mb/s	Igen			41 wattóra		45 watt	Műanyag	Fekete				S510p	sztereó	Igen	Igen		4.0																											
LENOVO ThinkPad E531 N4I2AHV 15,6"/Intel Core i5-3230M 3,2GHz/4GB/128GB SSD/DVD író/fekete/Win 7/8 notebook	0 Ft				Matt	Intel	Core i5	Intel Core i5-3230M (2,6 GHz, 3 MB)	4,0 GB	DDR3-1600MHz		SSD	128 GB		Intel HD Graphics	2,46 kg	6	Windows 7 Professional 64bit és Windows 8 Professional 64 bit	DVD író	Intel		802.11 b/g/n	0,90 MP	1 db	1 db	1 db	Igen	10/100 Mb/s	Igen	Igen	Lítium-ion	48 wattóra		65 watt	Műanyag	Fekete	377,00 mm	29,60 mm	250,0 mm	E531	sztereó	Igen	Igen		4.0	2 db																	Igen		Igen							
LENOVO ThinkPad E540 20C60043HV 15,6"/Intel Core i5-4200M/4GB/500GB/DVD író/fekete notebook	0 Ft				Matt	Intel	Core i5	Intel Core i5-4200M (2,5 GHz, 3MB)	4,0 GB	DDR3-1600MHz		HDD	500 GB		Intel HD Graphics	2,44 kg	6	FreeDOS	DVD író	Intel		802.11 b/g/n	0,90 MP				Igen	10/100 Mb/s	Igen							Fekete		39,60 mm		E540	sztereó	Igen			4.0																		Igen									
LENOVO ThinkPad L430 N2L5AHV 15,6"/Intel Core i3-3120M/4GB/500GB/DVD író/Win7/8 Pro fekete notebook	0 Ft				Matt	Intel	Core i3	Intel Core i3-3120M (2,5 GHz, 3MB)	4,0 GB	DDR3-1600MHz		HDD	500 GB		Intel HD Graphics	2,32 kg	6	Windows 7 Professional 64bit és Windows 8 Professional 64 bit	DVD író	Intel		802.11 b/g/n	0,90 MP	3 db	1 db	1 db	Igen	10/100 Mb/s	Igen	Igen	Lítium-ion			65 watt	Műanyag	Fekete	354,00 mm	31,40 mm	343,0 mm	L430	sztereó	Igen			4.0	1 db																	Igen									
LENOVO ThinkPad S540 20B3002GHV 15,6" FHD/Intel Core i5-4200U/4GB/1TB/8670-2G/fekete notebook	0 Ft				Matt	Intel	Core i5	Intel Core i5-4200U (1,6 GHz, 3 MB)	4,0 GB	DDR3-1600MHz		HDD	1000 GB		AMD Radeon HD 8670M 2GB DDR5	2,11 kg		FreeDOS		AMD		802.11 b/g/n	0,90 MP				Igen	10/100 Mb/s	Igen							Fekete		39,60 mm		S540	sztereó	Igen			4.0				Igen														Igen									
LENOVO Thinkpad T430 N1XPVHV 14"/Intel Core i5-3230M 3,2GHz/4GB/500GB/NVS5400 2GB/DVD író/fekete/Win 7/8 Pro notebook	0 Ft	1600x900	14,0 "			Intel	Core i5	Intel Core i5-3230M (2,6 GHz, 3 MB)	4,0 GB	DDR3L-1600MHz	2 db	HDD	500 GB	7200 rpm	nVidia NVS 5400 2GB	2,17 kg	6	Windows 7 Professional 64bit és Windows 8 Professional 64 bit	DVD író	NVIDIA		802.11 a/g/n	0,90 MP	2 db	1 db		Igen		Igen			57 wattóra			Carbon	Fekete	340,00 mm	233,00 mm	30,0 mm	ThinkPad T430	Sztereó	Igen			4.0	2 db																			Igen		3G (UMTS)			1 db		
LENOVO ThinkPad T431s 20AA0014HV 15,6"/Intel Core i5-3337U/4GB/128GB SSD/Win 7/8 Pro notebook	0 Ft				Matt	Intel	Core i5	Intel Core i5-3337U (1,8 GHz, 3MB)	4,0 GB	DDR3-1600MHz	1 db	SSD	128 GB		Intel HD Graphics	1,63 kg	3	Windows 7 Professional 64bit és Windows 8 Professional 64 bit		Intel		802.11 b/g/n	0,90 MP		1 db		Igen	10/100/1000 Mb/s	Igen	Igen	Li-polymer	47 wattóra			Carbon + Magnézium	Fekete	331,00 mm	20,65 mm	226,0 mm	T431s	sztereó	Igen			4.0	2 db			Igen																Igen		3G (UMTS)			1 db		
LENOVO Thinkpad T530 N1E85HV 15,6"/Intel Core i5-3230M 3,2GHz/4GB/240GB SSD/DVD író/fekete/Win 8 Pro notebook	0 Ft	1600x900	15,6 "		Matt	Intel	Core i5	Intel Core i5-3230M (2,6 GHz, 3 MB)	4,0 GB	DDR3-1600MHz		SSD	240 GB		Intel® HD Graphics 4000	2,50 kg	6	Windows 7 Professional 64bit és Windows 8 Professional 64 bit	DVD író	Intel	1 x 4	802.11 a/g/n	0,90 MP	1 db	1 db		Igen		Igen						Carbon + Magnézium	Fekete	245,00 mm	35,60 mm	373,0 mm	ThinkPad T530	Sztereó	Igen			4.0	2 db																ExpressCard/34	Igen		Igen					1 db		
LENOVO U510 59-393097 15,6"/Intel Core i3-3217U 1,8GHz/4GB/1000GB/DVD író/szürke notebook	0 Ft	1366x768	15,6 "		Fényes	Intel	Core i3	Intel Core i3-3217U (1,8 GHz, 3 MB)	4,0 GB	DDR3-1600MHz	2 db	HDD	1000 GB	5400 rpm	Intel® HD Graphics 4000	2,20 kg		FreeDOS	DVD Super Multi	Intel	1 x 4	802.11 b/g/n	1,00 MP	2 db	1 db	1 db	Igen	10/100 Mb/s	Igen		Lítium-ion	45 wattóra		65 watt	Fém	Sötétszürke	382,00 mm	21,00 mm	250,0 mm	U510	sztereó	Igen	Igen		4.0	1 db																				EPEAT Silver						
LENOVO U510 59-393107 15,6"/Intel Core i3-3217U 1,8GHz/4GB/1000GB/GT720 2GB/szürke notebook	0 Ft	1366x768	15,6 "		Fényes	Intel	Core i3	Intel Core i3-3217U (1,8 GHz, 3 MB)	4,0 GB	DDR3-1600MHz	2 db	HDD	1000 GB	5400 rpm	NVIDIA GeForce GT 720M 2GB	2,20 kg		FreeDOS	DVD Super Multi	nVidia	1 x 4	802.11 b/g/n	1,00 MP	2 db	1 db	1 db	Igen	10/100 Mb/s	Igen		Lítium-ion	45 wattóra		65 watt	Fém	Sötétszürke	382,00 mm	21,00 mm	250,0 mm	U510	sztereó	Igen	Igen		4.0	1 db																				EPEAT Silver						
LENOVO Yoga 59-390585 13,3" Multi-Touch/Intel Core i3-3217U 1,8GHz/8GB/128GB SSD/szürke/Win8 notebook	0 Ft	1600x900	13,3 "		Fényes	Intel	Core i3	Intel Core i3-3217U (1,8 GHz, 3 MB)	8,0 GB	DDR3-1600MHz	1 db	SSD	128 GB		Intel® HD Graphics 4000	1,50 kg	4	Windows 8		Intel	1 x 8	802.11 b/g/n	1,00 MP	1 db		1 db	Igen	10/100 Mb/s	Igen		Lítium-ion	54 wattóra		65 watt	Fém	Szürke	333,00 mm	17,00 mm	225,0 mm	Yoga	sztereó	Igen			4.0	1 db																										
LENOVO Z510 59-390308 15,6"/Intel Core i7-4702MQ 3,2GHz/8GB/1000GB+8GB SSHD/GT740 2GB/DVD író/fekete notebook	0 Ft	1366x768	15,6 "		Matt	Intel	Core i7	Intel Core i7-4702MQ (2,2 GHz, 6 MB)	8,0 GB	DDR3-1600MHz	2 db	SSHD	1000 GB	5400 rpm	NVIDIA GeForce GT 740M 2GB	2,20 kg	4	FreeDOS	DVD író	NVIDIA		802.11 b/g/n	0,90 MP	2 db	1 db	1 db	Igen		Igen		Li-ion	48 wattóra			Fém + műanyag	Fekete	375,00 mm	25,00 mm	263,0 mm		Sztereó	Igen	Igen		4.0	1 db						SSD	8 GB																			
LENOVO Z510 59-403832 15,6"/Intel Core i7-4702MQ 3,2GHz/4GB/1000GB/GT740 2GB/DVD író/fekete notebook	0 Ft	1366x768	15,6 "		Matt	Intel	Core i7	Intel Core i7-4702MQ (2,2 GHz, 6 MB)	4,0 GB	DDR3-1600MHz	2 db	HDD	1000 GB	5400 rpm	NVIDIA GeForce GT 740M 2GB	2,20 kg	4	FreeDOS	DVD író	NVIDIA		802.11 b/g/n	0,90 MP	2 db	1 db	1 db	Igen		Igen		Li-ion	48 wattóra			Fém + műanyag	Fekete	375,00 mm	25,00 mm	263,0 mm		Sztereó	Igen	Igen		4.0	1 db			Igen																							
LENOVO Z510 59-403847 15,6"/Intel Dual-Core Pentium 3550M 2,3GHz/4GB/1000GB/DVD író/fehér notebook	0 Ft	1366x768	15,6 "		Matt	Intel	Pentium	Intel Pentium Dual-Core 3550 (2,3 GHz, 2MB)	4,0 GB	DDR3-1600MHz		HDD	1000 GB	5400 rpm	Intel HD Graphics	2,33 kg	4	FreeDOS	DVD író	Intel		802.11 b/g/n	1,00 MP			1 db	Igen	10/100 Mb/s	Igen			48 wattóra		65 watt	Fém + műanyag	Fehér				Z510	sztereó	Igen	Igen		4.0																											
LENOVO Z710 59-390191 17,3"FHD/Intel Core i5-4200M 3,1GHz/6GB/1000GB+8GSSHD/GT745M 2GB/DVD író/fekete notebook	0 Ft	1920x1080	17,3 "		Fényes	Intel	Core i5	Intel Core i5-4200M (2,5 GHz, 3MB)	6,0 GB	DDR3-1600MHz		SSHD	1000 GB	5400 rpm	NVIDIA GeForce GT 745M 2GB	2,90 kg	4	FreeDOS	DVD író	nVidia		802.11 b/g/n	0,90 MP			1 db	Igen	10/100 Mb/s	Igen			41 wattóra		90 watt	Fém + műanyag	Fekete				Z710	sztereó	Igen	Igen		4.0				Igen				8 GB																			
PACKARD BELL EASYNOTE F5211-HC-851HG 15,6"/Intel Pentium Dual-Core B970 2,3Hz/8GB/500GB/DVD író/Fekete notebook	0 Ft	1366x768	15,6 "		Fényes	Intel		Intel Pentium Dual-Core B970 (2,3 GHz, 2 MB)	8,0 GB	DDR3-1066MHz	2 db	HDD	500 GB	5400 rpm		2,60 kg	6	Linux	DVD Super Multi	Intel	2 x 4	802.11 b/g/n	1,30 MP	3 db	1 db	1 db	Igen	10/100/1000 Mb/s	Igen	Igen	Lítium-ion			65 watt	Műanyag	Fekete	381,60 mm	33,20 mm	253,0 mm	Easynote TE11	Sztereó	Igen	Igen	39,62 cm																												
Packard Bell ENME69BMP-28052G50nii 10"/ Intel Bay Trail N2805 1,46GHz/2GB/500GB/Win8 ST notebook	0 Ft	1366x768	10,1 "			Intel	Celeron	Intel Celeron 2805 (1,46 GHz, 1 MB)	2,0 GB	DDR3L-1600MHz		HDD	500 GB	5400 rpm			3	Windows 8 32 bit				802.11 b/g/n	0,90 MP						Igen		Li-ion			40 watt							Sztereó	Igen			Van					TN	Igen																					
Samsung NP270E5E-K04HU 15,6"/Intel Pentium Dual-Core 2117U 1,8GHz/4GB/500GB/DVD író/Win8/Fekete notebook	0 Ft	1366x768	15,6 "		Matt	Intel	Pentium	Intel Pentium Dual-Core 2117U (1,8 GHz, 2 MB)	4,0 GB	DDR3-1600MHz	2 db	HDD	500 GB	5400 rpm	Intel HD Graphics	2,20 kg	6	Windows 8 64 bit	DVD Super Multi	Intel	1 x 4	802.11 b/g/n		3 db	1 db	1 db	Igen	10/100 Mb/s	Igen	Igen		48 wattóra				Fekete	376,00 mm	248,00 mm	31,8 mm	Samsung ATIV Book 2	Sztereó	Igen	Igen		4.0														72h pixelhiba garancia													
Samsung NP270E5E-X05HU 15,6"/Intel Core i3-3120M 2,5GHz/4GB/500GB/GT710/DVD író/Win8/Fekete notebook	0 Ft	1366x768	15,6 "		Matt	Intel	Core i3	Intel Core i3-3120M (2,5 GHz, 3MB)	4,0 GB	DDR3-1600MHz	2 db	HDD	500 GB	5400 rpm	NVIDIA GeForce 710M 1GB	2,20 kg	6	Windows 8 64 bit	DVD Super Multi	NVIDIA	1 x 4	802.11 b/g/n		3 db	1 db	1 db	Igen	10/100 Mb/s	Igen	Igen		48 wattóra				Fekete	376,00 mm	248,00 mm	31,8 mm	Samsung ATIV Book 2	Sztereó	Igen	Igen		4.0														72h pixelhiba garancia													
Samsung NP270E5V-K02HU 15,6"/Intel Pentium Dual-Core 2117U 1,8GHz/4GB/500GB/DVD író/Fekete notebook	0 Ft	1366x768	15,6 "		Matt	Intel	Pentium	Intel Pentium Dual-Core 2117U (1,8 GHz, 2 MB)	4,0 GB	DDR3-1600MHz	2 db	HDD	500 GB	5400 rpm	Intel HD Graphics	2,20 kg	6	FreeDOS	DVD Super Multi	Intel	1 x 4	802.11 b/g/n		3 db	1 db	1 db	Igen	10/100 Mb/s	Igen	Igen		48 wattóra				Fekete	376,00 mm	248,00 mm	31,8 mm	Samsung ATIV Book 2	Sztereó	Igen	Igen		4.0														72h pixelhiba garancia													
Samsung NP270E5V-X03HU 15,6"/Intel Core i3-3120M 2,5GHz/4GB/500GB/GT710/DVD író/Fekete notebook	0 Ft	1366x768	15,6 "		Matt	Intel	Core i3	Intel Core i3-3120M (2,5 GHz, 3MB)	4,0 GB	DDR3-1600MHz	2 db	HDD	500 GB	5400 rpm	NVIDIA GeForce 710M 1GB	2,20 kg	6	FreeDOS	DVD Super Multi	NVIDIA	1 x 4	802.11 b/g/n		3 db	1 db	1 db	Igen	10/100 Mb/s	Igen	Igen		48 wattóra				Fekete	376,00 mm	248,00 mm	31,8 mm	Samsung ATIV Book 2	Sztereó	Igen	Igen		4.0														72h pixelhiba garancia													
Samsung NP450R5E-X01HU 15,6"/Intel Core i5-3230M 2,6GHz/4GB/500GB/GT710/Win8/Fehér notebook	0 Ft	1366x768	15,6 "		Matt	Intel	Core i5	Intel Core i5-3230M (2,6 GHz, 3MB)	4,0 GB	DDR3-1600MHz	2 db	HDD	500 GB	5400 rpm	NVIDIA GeForce 710M 2GB	1,99 kg	3	Windows 8 64 bit		NVIDIA	1 x 4	802.11 a/b/g/n		2 db	1 db	1 db	Igen	10/100/1000 Mb/s	Igen	Igen		43 wattóra				Fehér	376,00 mm	248,00 mm	22,9 mm	Samsung ATIV Book 4	Sztereó	Igen	Igen		4.0	1 db													72h pixelhiba garancia												Igen	
Samsung NP450R5E-X03HU 15,6"/Intel Core i3-3120M 2,5GHz/4GB/500GB/GT710/Win8/Piros notebook	0 Ft	1366x768	15,6 "		Matt	Intel	Core i3	Intel Core i3-3120M (2,5 GHz, 3MB)	4,0 GB	DDR3-1600MHz	2 db	HDD	500 GB	5400 rpm	NVIDIA GeForce 710M 2GB	1,99 kg	3	Windows 8 64 bit		NVIDIA	1 x 4	802.11 a/b/g/n		2 db	1 db	1 db	Igen	10/100/1000 Mb/s	Igen	Igen		43 wattóra				Piros	376,00 mm	248,00 mm	22,9 mm	Samsung ATIV Book 4	Sztereó	Igen	Igen		4.0	1 db											Fehér		72h pixelhiba garancia												Igen	
Samsung NP540U4E-K01HU 14" Touch Screen/Intel Core i5-3337U 1,8GHz/4GB/500GB+24SSD/Win8/Fekete notebook	0 Ft	1366x768	14,0 "		Matt	Intel	Core i5	Intel Core i5-3337U (1,8 GHz, 3MB)	4,0 GB	DDR3-1600MHz	1 db	HDD	500 GB	5400 rpm	Intel HD 4000	1,83 kg	4	Windows 8 64 bit		Intel	1 x 4	802.11 a/b/g/n		2 db		1 db	Igen	10/100/1000 Mb/s	Igen	Igen		57 wattóra				Fekete	338,00 mm	234,00 mm	19,5 mm	Samsung ATIV Book 5	JBL sztereo hangszórók	Igen			4.0	1 db						SSD	24 GB						72h pixelhiba garancia												Igen	
Samsung NP740U3E-X01HU 13,3" FHD Touch/Intel Core i5-3337U 1,8GHz/4GB/128GB SSD/HD8750M/Win8/Fekete notebook	0 Ft	1920x1080	13,3 "			Intel	Core i5	Intel Core i5-3337U (1,8 GHz, 3MB)	4,0 GB	DDR3-1600MHz	1 db	SSD	128 GB		AMD Radeon HD 8570M 1GB GDDR3	1,65 kg	4	Windows 8 64 bit		AMD	2 x 2	802.11 a/b/g/n		2 db		1 db	Igen	10/100/1000 Mb/s	Igen	Igen		57 wattóra				Fekete	324,00 mm	224,00 mm	18,9 mm	Samsung ATIV Book 7	JBL sztereo hangszórók	Igen			4.0	1 db			Igen										72h pixelhiba garancia												Igen	
Samsung NP900X3E-K01HU 13,3" FHD/Intel Core i7-3537U 2,0 GHz/4GB/256GB SSD/Win8/Fekete notebook	0 Ft	1920x1080	13,3 "		Matt	Intel	Core i7	Intel Core i7-3537U (2,0 GHz, 4MB)	4,0 GB	DDR3-1600MHz	0 db	SSD	256 GB		Intel HD 4000	1,16 kg	4	Windows 8 64 bit		Intel	1 x 4	802.11 a/b/g/n		1 db		1 db	Igen	10/100/1000 Mb/s	Igen			44 wattóra				Fekete	313,80 mm	218,50 mm	12,9 mm	Samsung ATIV Book 9	Sztereó	Igen			4.0	1 db			Igen										72h pixelhiba garancia												Igen	
Samsung NP900X3E-K02HU 13,3" FHD/Intel Core i5-3337U 1,8 GHz/4GB/256GB SSD/Win8/Fekete notebook	0 Ft	1920x1080	13,3 "		Matt	Intel	Core i5	Intel Core i5-3337U (1,8 GHz, 3MB)	4,0 GB	DDR3-1600MHz	0 db	SSD	256 GB		Intel HD 4000	1,16 kg	4	Windows 8 64 bit		Intel	1 x 4	802.11 a/b/g/n		1 db		1 db	Igen	10/100/1000 Mb/s	Igen			44 wattóra				Fekete	313,80 mm	218,50 mm	12,9 mm	Samsung ATIV Book 9	Sztereó	Igen			4.0	1 db			Igen										72h pixelhiba garancia												Igen	
Samsung NP915S3G-K01HU 13,3" Touch/Quad-Core 1,4GHz/4GB/128GB SSD/Win8 fehér notebook	0 Ft	1366x768	13,3 "		Fényes			Quad-Core 1,4 GHz	4,0 GB	DDR3-1066MHz	0 db	SSD	128 GB		AMD Radeon™ HD	1,58 kg	2	Windows 8 64 bit		AMD	1 x 4	802.11 b/g/n		1 db			Igen	10/100/1000 Mb/s	Igen			30 wattóra			Műanyag	Fehér	324,00 mm	224,00 mm	17,4 mm		Sztereó	Igen			4.0	1 db	1 db												72 órás pixelgarancia subpixelekre is													
Samsung XE300TZC-K02HU 10,1" Touch/Intel ATOM Z2760 1,8GHz/2GB/64GB Flash/Win8/Fehér tablet + Microsoft Office	0 Ft	1366x768			Fényes	Intel	Atom	Intel Atom Z2760 (1,8 GHz, 2x512 kB)	2,0 GB	DDR2-800MHz	0 db	Flash	64 GB		Intel GMA	0,58 kg	2	Windows 8		Intel	1 x 2	802.11 a/g/n	2,00 MP	1 db					Igen			25 wattóra			Műanyag	Fehér	257,40 mm	165,30 mm	8,0 mm	Samsung ATIV TAB 3	Sztereó	Igen			4.0		1 db																									
Samsung XE500T1C-G01HU 11,6" Touch/Intel ATOM Z2760 1,8GHz/2GB/64GB Flash/3G/Win8/Fehér smart pc	0 Ft	1366x768			Fényes	Intel	Atom	Intel Atom Z2760 (1,8 GHz, 2x512 kB)	2,0 GB	DDR2-800MHz	0 db	Flash	64 GB		Intel GMA	0,75 kg	4	Windows 8		Intel	1 x 2	802.11 a/b/g/n		1 db			Igen		Igen			31 wattóra				Fehér	296,00 mm	184,00 mm	9,9 mm	Samsung ATIV Tab 5	Sztereó	Igen			4.0		1 db												72h pixelhiba garancia								3G (UMTS)					
Samsung XE500T1C-K01HU 11,6" Touch/Intel ATOM Z2760 1,8GHz/2GB/64GB Flash/Win8/Fehér smart pc	0 Ft	1366x768			Fényes	Intel	Atom	Intel Atom Z2760 (1,8 GHz, 2x512 kB)	2,0 GB	DDR2-800MHz	0 db	Flash	64 GB		Intel GMA	0,75 kg	4	Windows 8		Intel	1 x 2	802.11 a/b/g/n		1 db			Igen		Igen			31 wattóra				Fehér	296,00 mm	184,00 mm	9,9 mm	Samsung ATIV Tab 5	Sztereó	Igen			4.0		1 db												72h pixelhiba garancia													
Samsung XE700T1C-G02HU 11,6" FHD Touch/Intel Pentium 2117U 1,8GHz/4GB/128GB SSD/3G/TPM/Win8 Pro/Fekete smart pc	0 Ft	1920x1080			Fényes	Intel	Pentium	Intel Pentium Dual-Core 2117U (1,8 GHz, 2 MB)	4,0 GB	DDR3-1600MHz	0 db	SSD	128 GB		Intel HD 4000	0,88 kg	4	Windows 8 Professional 64 bit		Intel	1 x 4	802.11 a/b/g/n					Igen		Igen			49 wattóra				Fekete	304,00 mm	189,40 mm	11,9 mm	Samsung ATIV Tab 7	Sztereó	Igen			4.0	1 db	1 db							Igen					72h pixelhiba garancia								3G (UMTS)				Igen	
