TermékNév	Ár	TFT Méret	TFT Felb.	CPU Típus	CPU Frek.	RAM Méret	RAM Típus	HDD Méret	HDD Seb.	GPU Típus	GPU RAM	Súly	Gar.	Akku	ODD	OS	Audio	LAN	WLAN	Modem	Portok	CR	Bill.	Egyéb	Állapot	Méret	Ajándék	2. Merevlemez mérete
Acer Aspire One D270-26Cws Notebook	58189 Ft	10.10 inch	WSVGA (1024x600) LED	Intel® Atom processzor N2600	1600 MHz	2048 MB	DDR3 1333MHz	320 GB	5400 rpm	Intel® HD Graphics	- MB	1.20 Kg	1 év	6 cella	Külső DVD-RW	Linux	igen	10/100/1000Mbps, WLAN b/g	802.11b/g	opció	3xUSB 2.0, HDMI	Memóriakártya-olvasó	magyar	Webcamera	új				
Dell Inspiron Mini 1018 10,1 WSVGA Notebook	63701 Ft	10.10 inch	WSVGA (1024x600) LED	Intel® Atom processzor N455	1660 MHz	2048 MB	DDR3 1333MHz	320 GB	5400 rpm	Intel GMA3150	384 MB	1.30 Kg	2 év	2400 cella	opció	Linux	AC97	10/100Mbps, WLAN b/g	igen	opció	VGA, 2xUSB 2.0	SD, MS, MMC	magyar	Webcamera	új	268 x 197 x 25.5 mm			
Acer AO725- C6Ckk Notebook	70787 Ft	11.60 inch	HD WXGA (1366x768) LED	AMD C series processzor C-60B	1000 MHz	2048 MB	DDR3 1066MHz	320 GB	5400 rpm	-	- MB	1.30 Kg	1 év	4 cella	opció	Linux	igen	10/100Mbps, WLAN a/b/g/n	802.11b/g/n	opció	3xUSB 2.0	Memóriakártya-olvasó	magyar	HD Webcamera	új				
Acer AS4352- B812G32MNkk Notebook	71575 Ft	14.00 inch	HD WXGA (1366x768) LED	Intel® Celeron™ Dual Core processzor B815	1600 MHz	2048 MB	DDR3 1333MHz	320 GB	5400 rpm	Intel® HD Graphics	- MB	2.25 Kg	1 év	6 cella	DVD-RW SuperMulti DL	Linux	igen	10/100/1000Mbps, WLAN a/b/g/n	802.11b/g/n	opció	3xUSB 2.0, VGA, HDMI	Memóriakártya-olvasó	magyar	HD Webcamera	új				
Asus X55U -SX007D Notebook	71575 Ft	15.60 inch	HD WXGA (1366x768) LED	AMD Dual Core processzor C-60	1000 MHz	2048 MB	DDR3 1333MHz	320 GB	5400 rpm	AMD Mobility Radeon™ HD 6290M	- MB	2.45 Kg	2 év	6 cella	DVD-RW SuperMulti DL	opció	igen	10/100/1000Mbps, WLAN a/b/g/n	802.11b/g/n	opció	USB 2.0, VGA, HDMI, 1xUSB 3.0	Memóriakártya-olvasó	magyar	Webcamera	új	378 x 253 x 26,2-31,9 mm			
Packard Bell EASYNOTE TK-F4013-BZ-230HG Notebook	71575 Ft	15.60 inch	HD WXGA (1366x768) LED	AMD E series processzor 300	1300 MHz	2048 MB	DDR3 1066MHz	320 GB	5400 rpm	ATI Mobility Radeon™ HD6310	1024 MB		1 év	6 cella	DVD-RW SuperMulti DL	Linux	igen	10/100Mbps, WLAN a/b/g/n	802.11b/g/n	opció	3xUSB 2.0, VGA, HDMI	SD, MMC	magyar	Webcamera	új				
Packard Bell EASYNOTE TS-F4211-HR-453HG Notebook	76299 Ft	15.60 inch	HD WXGA (1366x768) LED	Intel® Celeron™ processzor B815	1600 MHz	4096 MB	DDR3 1333MHz	500 GB	5400 rpm	Intel® HD Graphics 3000	- MB		1 év	6 cella	DVD-RW SuperMulti DL	Linux	igen	10/100Mbps, WLAN a/b/g/n	802.11b/g/n	opció	3xUSB 2.0, VGA, HDMI	SD, MMC	magyar	Webcamera	új				
Asus X55A -SX044D Notebook	77087 Ft	15.60 inch	HD WXGA (1366x768) LED	Intel® Celeron™ Dual Core processzor B820	1700 MHz	2048 MB	DDR3 1333MHz	320 GB	5400 rpm	Intel® HD Graphics	- MB	2.52 Kg	2 év	6 cella	DVD-RW SuperMulti DL	opció	igen	10/100/1000Mbps, WLAN a/b/g/n	802.11b/g/n	opció	USB 2.0, VGA, HDMI, 1xUSB 3.0	Memóriakártya-olvasó	magyar	Webcamera	új	251 x 378 x 25,5-31,9 mm			
Acer V3-531 -B824G32Makk Notebook	78661 Ft	15.60 inch	HD WXGA (1366x768) LED	Intel® Celeron™ Dual Core processzor B820	1700 MHz	4096 MB	DDR3 1333MHz	320 GB	5400 rpm	Intel® HD Graphics	- MB	2.40 Kg	1 év	6 cella	DVD-RW SuperMulti DL	Linux	igen	10/100/1000Mbps, WLAN a/b/g/n	802.11b/g/n	opció	VGA, Bluetooth, 2xUSB 3.0	Memóriakártya-olvasó	magyar	HD Webcamera	új				
Asus X55U -SX003D Notebook	79449 Ft	15.60 inch	HD WXGA (1366x768) LED	AMD E series processzor E-450	1650 MHz	2048 MB	DDR3 1333MHz	320 GB	5400 rpm	AMD Radeon™ HD6320	- MB	2.45 Kg	2 év	6 cella	DVD-RW SuperMulti DL	opció	igen	10/100/1000Mbps, WLAN a/b/g/n	802.11b/g/n	opció	USB 2.0, VGA, HDMI, 1xUSB 3.0	Memóriakártya-olvasó	magyar	Webcamera	új	378 x 253 x 26,2-31,9 mm			
Toshiba Tablet PC AT100-100 Notebook	79449 Ft	10.10 inch	WXGA (1280x800)	NVIDIA® Tegra™ 2 Dual Core processzor 250	1000 MHz	1024 MB	DDR2 667MHz	16 GB		-	- MB	0.77 Kg	2 év		-	Android 3.1			802.11b/g/n	opció	USB 2.0, Bluetooth, HDMI, Mini USB		magyar	Érintőképernyő, Front Camera, Back Camera	új	273x177x15.8 mm			
Toshiba Satellite C660D-1H2 Notebook	80236 Ft	15.60 inch	HD WXGA (1366x768) LED	AMD E series processzor E-300	1300 MHz	4096 MB	DDR3 1066MHz	320 GB	5400 rpm	ATI Mobility Radeon™ HD6310	- MB	2.30 Kg	2 év	6 cella	DVD-RW SuperMulti DL	opció		10/100Mbps, WLAN a/b/g/n	802.11b/g/n	opció	2xUSB 2.0, VGA, Bluetooth	SD, MMC, mini SD, micro SD, SDHC, SDXC	magyar	Webcamera	új	380 x 254 x 35 mm			
Dell Inspiron N5050 Notebook	111732 Ft	15.60 inch	HD WXGA (1366x768) LED	Intel® Core™ i3 processzor 2350M	2300 MHz	4096 MB	DDR3 1333MHz	1000 GB	5400 rpm	Intel HD Graphics 3000	- MB	2.37 Kg	3 év	6 cella	DVD+-RW	Linux	igen	10/100Mbps, WLAN a/b/g/n	802.11b/g/n	opció	3xUSB 2.0, Bluetooth, HDMI	Memóriakártya-olvasó	magyar	Webcamera	új				
HP 650 Notebook	82598 Ft	15.60 inch	HD WXGA (1366x768) LED	Intel® Celeron™ processzor B820	1700 MHz	2048 MB	DDR3 1600MHz	500 GB	5400 rpm	Intel® HD Graphics	- MB	2.45 Kg	2 év	6 cella	DVD-RW SuperMulti DL	Linux	igen	10/100/1000Mbps, WLAN a/b/g/n	802.11b/g/n	opció	3xUSB 2.0, VGA, HDMI	Memóriakártya-olvasó	magyar	Webcamera	új		Táska		
Lenovo Ideapad B575e Notebook	82598 Ft	15.60 inch	HD WXGA (1366x768) LED	AMD E series processzor E2-1800	1700 MHz	4096 MB	DDR3 1333MHz	320 GB	5400 rpm	AMD Radeon™ integrated graphics	- MB	2.70 Kg	2 év	6 cella	DVD-RW SuperMulti DL	opció	igen	10/100/1000Mbps, WLAN a/b/g/n	802.11b/g/n	opció	3xUSB 2.0, VGA, Bluetooth, HDMI	Memóriakártya-olvasó	magyar	HD Webcamera	új				
Lenovo Ideapad B570e2 Notebook	83386 Ft	15.60 inch	HD WXGA (1366x768) LED	Intel® Pentium™ M Dual-Core processzor B950	2100 MHz	4096 MB	DDR3 1333MHz	500 GB	5400 rpm	Intel® HD Graphics	- MB	2.70 Kg	2 év	6 cella	DVD+-RW	opció	igen	10/100/1000Mbps, WLAN a/b/g/n	802.11b/g/n	opció	VGA, HDMI, 3xUSB 3.0	Memóriakártya-olvasó	magyar	HD Webcamera	új				
Asus X54C -SO083D Notebook	84173 Ft	15.60 inch	HD WXGA (1366x768)	Intel® Celeron™ Dual Core processzor B815	1600 MHz	2048 MB	DDR3 1333MHz	320 GB	5400 rpm	Intel® HD Graphics	- MB		2 év	4 cella	DVD-RW SuperMulti DL	opció	igen	10/100/1000Mbps, WLAN a/b/g/n	802.11b/g/n	opció	USB 2.0, VGA, Bluetooth, HDMI, 1xUSB 3.0	SD, MS, MMC, XD	magyar	Webcamera	új				
HP 655 Notebook	85748 Ft	15.60 inch	HD WXGA (1366x768) LED	AMD E series processzor E2-1800	1700 MHz	2048 MB	DDR3 1600MHz	320 GB	5400 rpm	Radeon™ HD 7340	- MB	2.45 Kg	2 év	6 cella	DVD-RW SuperMulti DL	Linux	igen	10/100/1000Mbps, WLAN a/b/g/n	802.11b/g/n	opció	3xUSB 2.0, VGA, HDMI	Memóriakártya-olvasó	magyar	Webcamera	új		Táska		
HPQ 635 Notebook	86535 Ft	15.60 inch	HD WXGA (1366x768) LED	AMD Brazos processzor E-450	1650 MHz	4096 MB	DDR3 1333MHz	320 GB	5400 rpm	AMD Radeon™ integrated graphics	- MB	2.36 Kg	2 év	6 cella	DVD-RW SuperMulti DL	Linux	igen	10/100Mbps, WLAN a/b/g/n	802.11b/g/n	opció	3xUSB 2.0, VGA, Bluetooth, HDMI	Memóriakártya-olvasó	magyar	Webcamera	új		Táska		
Asus X55U -SX035D Notebook	87323 Ft	15.60 inch	HD WXGA (1366x768) LED	AMD E series processzor E-450	1650 MHz	4096 MB	DDR3 1333MHz	500 GB	5400 rpm	AMD Radeon™ HD6320	- MB	2.45 Kg	2 év	6 cella	DVD-RW SuperMulti DL	opció	igen	10/100/1000Mbps, WLAN a/b/g/n	802.11b/g/n	opció	USB 2.0, VGA, HDMI, 1xUSB 3.0	Memóriakártya-olvasó	magyar	Webcamera	új	378 x 253 x 26,2-31,9 mm			
Asus X55A -SX041D Notebook	89685 Ft	15.60 inch	HD WXGA (1366x768) LED	Intel® Pentium™ M Dual-Core processzor B970	2300 MHz	4096 MB	DDR3 1333MHz	500 GB	5400 rpm	Intel® HD Graphics	- MB	2.54 Kg	2 év	6 cella	DVD-RW SuperMulti DL	opció	igen	10/100/1000Mbps, WLAN a/b/g/n	802.11b/g/n	opció	USB 2.0, VGA, HDMI, 1xUSB 3.0	Memóriakártya-olvasó	magyar	Webcamera	új	251 x 378 x 25,5-31,9 mm			
Fujitsu Lifebook AH531 Notebook	101496 Ft	15.60 inch	HD WXGA (1366x768) LED	Intel® Core™ i3 processzor 2328M	2200 MHz	2048 MB	DDR3 1333MHz	320 GB	5400 rpm	Intel HD Graphics 3000	- MB	2.50 Kg	3 év	6 cella	DVD-RW SuperMulti DL	opció	igen	10/100/1000Mbps, WLAN a/b/g/n	802.11b/g/n	opció	3xUSB 2.0, VGA, Bluetooth, HDMI	SD, MS, MS Pro, SDHC	magyar	Webcamera, Cseppálló billentyűzet	új				
Dell Inspiron N5040 Notebook	92047 Ft	15.60 inch	HD WXGA (1366x768) LED	Intel® Pentium™ M Dual-Core processzor P6200	2130 MHz	2048 MB	DDR3 1333MHz	500 GB	5400 rpm	Intel® HD Graphics	- MB	2.37 Kg	3 év	6 cella	DVD+-RW	Linux	igen	10/100Mbps, WLAN a/b/g/n	802.11b/g/n	opció	3xUSB 2.0, VGA, Bluetooth, HDMI	Memóriakártya-olvasó	magyar	Webcamera	új				
Acer AS7250G -4504G50Mnkk Notebook	93622 Ft	17.30 inch	WSXGA (1600x900) LED	AMD Dual Core processzor E450	1650 MHz	4096 MB	DDR3 1333MHz	500 GB	5400 rpm	AMD Radeon™ HD 7470M	1024 MB	3.25 Kg	1 év	6 cella	DVD-RW SuperMulti DL	Linux	igen	10/100/1000Mbps, WLAN a/b/g/n	802.11b/g/n	opció	3xUSB 2.0, VGA, HDMI	SD, MMC, micro SD	magyar	Webcamera	új				
Dell Inspiron Mini Duo 1090 (Sparta) Notebook	93622 Ft	10.10 inch	HD WXGA (1366x768) LED	Intel&reg Core™ processzor Dual N570	1660 MHz	2048 MB	DDR3 1333MHz	320 GB	7200 rpm	Intel® NM10 Express	- MB	1.54 Kg	2 év	4 cella	-	Windows 7 Home Premium 32bit	igen	WLAN g/n	802.11b/g	opció	2xUSB 2.0		magyar	HD Webcamera	új				
Lenovo Ideapad G585A Notebook	94409 Ft	15.60 inch	HD WXGA (1366x768) LED	AMD E series processzor E2-1800	1700 MHz	4096 MB	DDR3 1333MHz	500 GB	5400 rpm	AMD Mobility Radeon™ HD6470M	1024 MB	2.70 Kg	2 év	6 cella	DVD+-RW	opció	igen	10/100Mbps, WLAN a/b/g/n	802.11b/g/n	opció	4xUSB 2.0, HDMI	Memóriakártya-olvasó	magyar	HD Webcamera	új				
Packard Bell EASYNOTE F4087-GN-464HG Notebook	95984 Ft	15.60 inch	WXGA (1366x768) LED	Intel&reg Pentium™ Dual-Core processzor P6200	2000 MHz	4096 MB	DDR3 1333MHz	640 GB	5400 rpm	NVIDIA® GeForce® GT 610M	1024 MB		1 év	6 cella	DVD-RW SuperMulti DL	Linux	igen	10/100Mbps, WLAN a/b/g/n	802.11b/g/n	opció	3xUSB 2.0, VGA, HDMI	SD, MMC	magyar	Webcamera	új				
Asus X54C -SO407D Notebook	97559 Ft	15.60 inch	HD WXGA (1366x768) LED	Intel® Core™ i3 processzor 2350M	2300 MHz	4096 MB	DDR3 1333MHz	320 GB	5400 rpm	Intel HD Graphics 3000	- MB	2.60 Kg	2 év	4 cella	DVD-RW SuperMulti DL	opció	igen	10/100/1000Mbps, WLAN a/b/g/n	802.11b/g/n	opció	USB 2.0, VGA, HDMI, 1xUSB 3.0	Memóriakártya-olvasó	magyar	Webcamera	új	378 x 253 x 35,6-37,2 mm			
Lenovo ThinkPad Edge E135 Notebook	100709 Ft	11.60 inch	HD WXGA (1366x768) LED	AMD E series processzor E2-1800	1700 MHz	4096 MB	DDR3 1333MHz	320 GB	7200 rpm	Radeon™ HD 7340	- MB	1.47 Kg	1 év	6 cella	opció	Android 2.2	igen	10/100/1000Mbps, WLAN a/b/g/n	802.11b/g/n	opció	3xUSB 2.0, VGA, Bluetooth, HDMI, eSATA	Memóriakártya-olvasó	magyar	HD Webcamera	új				
Packard Bell EASYNOTE F4085-GN-475HG Notebook	98346 Ft	15.60 inch	WXGA (1366x768) LED	Intel&reg Pentium™ Dual-Core processzor P6200	2000 MHz	4096 MB	DDR3 1333MHz	640 GB	5400 rpm	NVIDIA® GeForce® GT 610M	1024 MB		1 év	6 cella	DVD-RW SuperMulti DL	Linux	igen	10/100Mbps, WLAN a/b/g/n	802.11b/g/n	opció	3xUSB 2.0, VGA, HDMI	SD, MMC	magyar	Webcamera	új				
Acer AS5560- 63424G50MN Notebook	99134 Ft	15.60 inch	HD WXGA (1366x768) LED	AMD A series processzor A6-3420	1500 MHz	4096 MB	DDR3 1333MHz	500 GB	5400 rpm	AMD Radeon™ HD 7480M	512 MB	2.59 Kg	1 év	6 cella	DVD-RW SuperMulti DL	Linux	igen	10/100/1000Mbps, WLAN a/b/g/n	igen	opció	2xUSB 2.0, HDMI, 1xUSB 3.0	Memóriakártya-olvasó	magyar	HD Webcamera	új				
Lenovo Ideapad G580GH Notebook	132205 Ft	15.60 inch	HD WXGA (1366x768) LED	Intel® Core™ i5 processzor 3210M	2500 - 3100 MHz	4096 MB	DDR3 1333MHz	500 GB	5400 rpm	Intel HD Graphics 4000	- MB	2.70 Kg	2 év	6 cella	DVD+-RW	opció	igen	10/100Mbps, WLAN a/b/g/n	802.11b/g/n	opció	4xUSB 2.0, HDMI	Memóriakártya-olvasó	magyar	HD Webcamera	új				
HP 630 Notebook	116457 Ft	15.60 inch	HD WXGA (1366x768) LED	Intel® Core™ i3 processzor 2310M	2100 MHz	4096 MB	DDR3 1333MHz	500 GB	5400 rpm	Intel HD Graphics 3000	- MB	2.53 Kg	2 év	6 cella	DVD-RW SuperMulti DL	Windows 7 Home Premium 64bit	igen	10/100Mbps, WLAN a/b/g/n	802.11b/g/n	opció	3xUSB 2.0, VGA, HDMI	Memóriakártya-olvasó	magyar	Webcamera	új				
Toshiba Satellite L750D-1F3 Notebook	99921 Ft	15.60 inch	HD WXGA (1366x768) LED	AMD A series processzor A4-3305M	1900 - 2500 MHz	4096 MB	DDR3 1333MHz	500 GB	5400 rpm	AMD Mobility Radeon™ HD6480G	- MB	2.50 Kg	2 év	6 cella	DVD-RW SuperMulti DL	opció	igen	10/100Mbps, WLAN a/b/g/n	802.11b/g/n	opció	2xUSB 2.0, VGA, Bluetooth, HDMI	SD, MS Pro, MMC, mini SD, micro SD, SDHC, SDXC	magyar	Webcamera	új	380 x 250 x 37 mm			
Asus X55U -SX003V Notebook	102283 Ft	15.60 inch	HD WXGA (1366x768) LED	AMD E series processzor E-450	1650 MHz	2048 MB	DDR3 1333MHz	320 GB	5400 rpm	AMD Radeon™ HD6320	- MB	2.45 Kg	2 év	6 cella	DVD-RW SuperMulti DL	Windows 7 Home Premium 64bit	igen	10/100/1000Mbps, WLAN a/b/g/n	802.11b/g/n	opció	USB 2.0, VGA, HDMI, 1xUSB 3.0	Memóriakártya-olvasó	magyar	Webcamera	új	378 x 253 x 26,2-31,9 mm			
Toshiba Satellite C660D-1H9 Notebook	103858 Ft	15.60 inch	HD WXGA (1366x768) LED	AMD E series processzor E-450	1650 MHz	4096 MB	DDR3 1333MHz	640 GB	5400 rpm	AMD Radeon™ HD6320	- MB	2.30 Kg	2 év	6 cella	DVD-RW SuperMulti DL	Windows 7 Home Premium 64bit	igen	10/100Mbps, WLAN a/b/g/n	802.11b/g/n	opció	2xUSB 2.0, VGA, Bluetooth	SD, MMC, mini SD, micro SD, SDHC, SDXC	magyar	Webcamera	új	380 x 254 x 35 mm			
Lenovo ThinkPad Edge E525 Notebook	105433 Ft	15.60 inch	HD WXGA (1366x768) LED	AMD E series processzor E2-3000M	1800 MHz	4096 MB	DDR3 1333MHz	500 GB	5400 rpm	AMD Mobility Radeon™ HD6480G	- MB	2.36 Kg	1 év	6 cella	DVD-RW SuperMulti DL	opció	igen	10/100/1000Mbps, WLAN a/b/g/n	802.11b/g/n	opció	4xUSB 2.0, Bluetooth, HDMI, eSATA		magyar	Webcamera, Ujjlenyomat olvasó	új				
Packard Bell EASYNOTE TS11-SB-452HG Notebook	106220 Ft	15.60 inch	HD WXGA (1366x768) LED	AMD Dual Core processzor A4-3300	1900 MHz	4096 MB	DDR3 1333MHz	500 GB	5400 rpm	AMD Mobility Radeon™ HD6470M	512 MB		1 év	6 cella	DVD SuperMulti	Windows 7 Home Premium 64bit	igen	10/100/1000Mbps, WLAN a/b/g/n	802.11b/g/n	opció	3xUSB 2.0, VGA, Bluetooth, HDMI	SD, MS, MS Pro, MMC, XD	magyar	HD Webcamera	új				
Packard Bell EASYNOTE TS45-HR-455HG Notebook	107795 Ft	15.60 inch	HD WXGA (1366x768) LED	Intel® Core™ i3 processzor 2330M	2200 MHz	4096 MB	DDR3 1066MHz	500 GB	5400 rpm	NVIDIA® GeForce® GT 520M	1024 MB		1 év	6 cella	DVD SuperMulti	Windows 7 Home Premium 64bit	igen	10/100/1000Mbps, WLAN a/b/g/n	802.11b/g/n	opció	3xUSB 2.0, VGA, Bluetooth, HDMI	SD, MS, MS Pro, MMC, XD	magyar	HD Webcamera	új				
Lenovo ThinkPad Edge E535 Notebook	113307 Ft	15.60 inch	HD WXGA (1366x768) LED	AMD A series processzor A4-3300M	1900 - 2500 MHz	4096 MB	DDR3 1333MHz	500 GB	5400 rpm	AMD Radeon™ integrated graphics	- MB	2.36 Kg	1 év	6 cella	DVD+-RW	Android 2.2	igen	10/100/1000Mbps, WLAN a/b/g/n	802.11b/g/n	opció	4xUSB 2.0, VGA, Bluetooth, HDMI, eSATA	Memóriakártya-olvasó	magyar	HD Webcamera	új				
Samsung NP300E5Z -A04HU Notebook	108583 Ft	15.60 inch	WXGA (1366x768) LED	Intel Pentium processzor B950	2100 MHz	4096 MB	DDR3 1333MHz	750 GB	5400 rpm	Intel® GMA HD	- MB	2.34 Kg	2 év	6 cella	DVD-RW SuperMulti DL	opció	igen	10/100/1000Mbps, WLAN a/b/g/n	igen	opció	3xUSB 2.0, VGA, Bluetooth, HDMI	SD, MS Pro, MMC, XD	magyar	Webcamera	új	366.9 x 240 x 29.9 x 31.6 mm			
Toshiba Satellite C855-12X Notebook	109370 Ft	15.60 inch	HD WXGA (1366x768) LED	Intel Pentium processzor B960	2200 MHz	4096 MB	DDR3 1333MHz	640 GB	5400 rpm	AMD Radeon™ HD 7610M	1024 MB	2.30 Kg	2 év	6 cella	DVD-RW SuperMulti DL	opció	igen	10/100Mbps, WLAN a/b/g/n	802.11b/g/n	opció	2xUSB 2.0, VGA, Bluetooth, HDMI, 1xUSB 3.0	SD, MS, MMC, mini SD, micro SD, SDHC, SDXC	magyar	HD Webcamera	új	380.0 x 242.0 x 33.52 mm			
Asus K53SD -SX1241D Notebook	110157 Ft	15.60 inch	HD WXGA (1366x768) LED	Intel® Pentium™ M Dual-Core processzor B970	2300 MHz	4096 MB	DDR3 1333MHz	500 GB	5400 rpm	NVIDIA® GeForce® GT 610M	2048 MB	2.60 Kg	2 év	6 cella	DVD-RW SuperMulti DL	opció	igen	10/100/1000Mbps, WLAN a/b/g/n	802.11b/g/n	opció	2xUSB 2.0, VGA, Bluetooth, HDMI, 1xUSB 3.0	Memóriakártya-olvasó	magyar	Webcamera	új	378 x 253 x 33,1-34,9 mm			
Acer V3-531G- B9704G50Makk Notebook	110945 Ft	15.60 inch	HD WXGA (1366x768) LED	Intel® Pentium™ M Dual-Core processzor B970	2300 MHz	4096 MB	DDR3 1333MHz	500 GB	5400 rpm	NVIDIA® GeForce® GT630M	1024 MB	2.40 Kg	1 év	6 cella	DVD-RW SuperMulti DL	Linux	igen	10/100/1000Mbps, WLAN a/b/g/n	802.11b/g/n	opció	2xUSB 2.0, Bluetooth, HDMI, 1xUSB 3.0	Memóriakártya-olvasó	magyar	HD Webcamera	új				
Lenovo ThinkPad Edge E335 Notebook	111732 Ft	13.30 inch	HD WXGA (1366x768) LED	AMD E series processzor E2-1800	1700 MHz	4096 MB	DDR3 1333MHz	500 GB	5400 rpm	Radeon™ HD 7340	- MB	1.75 Kg	1 év	6 cella	opció	opció	igen	10/100/1000Mbps, WLAN a/b/g/n	802.11b/g/n	opció	3xUSB 2.0, VGA, Bluetooth, HDMI	Memóriakártya-olvasó	magyar	HD Webcamera	új				
Packard Bell EASYNOTE TK81-SB-465HG Notebook	111732 Ft	15.60 inch	HD WXGA (1366x768) LED	AMD Phenom processzor X4 N970	2200 MHz	4096 MB	DDR3 1066MHz	640 GB	5400 rpm	AMD Radeon HD6650	1024 MB		1 év	6 cella	DVD-RW SuperMulti DL	Windows 7 Home Premium 64bit	igen	10/100/1000Mbps, WLAN a/b/g/n	802.11b/g/n	opció	3xUSB 2.0, VGA, Bluetooth, HDMI	SD, MMC	magyar	Webcamera	új				
Packard Bell EASYNOTE TK85-GN-451HG Notebook	112520 Ft	15.60 inch	HD WXGA (1366x768) LED	Intel&reg Pentium™ Dual-Core processzor P6200	2100 MHz	4096 MB	DDR3 1066MHz	500 GB	5400 rpm	NVIDIA® GeForce® GT 520M	1024 MB	2.60 Kg	1 év	6 cella	DVD-RW SuperMulti DL	Windows 7 Home Premium 64bit	igen	10/100Mbps, WLAN a/b/g/n	802.11b/g/n	opció	3xUSB 2.0, VGA, HDMI	SD, MMC	magyar	Webcamera	új				
Toshiba Satellite C855-12Q Notebook	112520 Ft	15.60 inch	HD WXGA (1366x768) LED	Intel® Core™ i3 processzor 2350M	2300 MHz	6144 MB	DDR3 1333MHz	640 GB	5400 rpm	Intel® HD Graphics	- MB	2.30 Kg	2 év	6 cella	DVD-RW SuperMulti DL	opció	igen	10/100Mbps, WLAN a/b/g/n	802.11b/g/n	opció	2xUSB 2.0, VGA, Bluetooth, HDMI, 1xUSB 3.0	SD, MMC, micro SD, SDHC, SDXC	magyar	HD Webcamera	új	380.0 x 242.0 x 33.52 mm			
Asus K53SD -SX1239D Notebook	113307 Ft	15.60 inch	HD WXGA (1366x768) LED	Intel® Pentium™ M Dual-Core processzor B970	2300 MHz	4096 MB	DDR3 1333MHz	500 GB	5400 rpm	NVIDIA® GeForce® GT 610M	2048 MB	2.60 Kg	2 év	6 cella	DVD-RW SuperMulti DL	opció	igen	10/100/1000Mbps, WLAN a/b/g/n	802.11b/g/n	opció	2xUSB 2.0, VGA, Bluetooth, HDMI, 1xUSB 3.0	Memóriakártya-olvasó	magyar	Webcamera	új	378 x 253 x 33,1-34,9 mm			
Asus K53BR -SX015V Notebook	114094 Ft	15.60 inch	HD WXGA (1366x768) LED	AMD E series processzor E-450	1650 MHz	4096 MB	DDR3 1333MHz	500 GB	5400 rpm	AMD Radeon™ HD 7470M	1024 MB	2.60 Kg	2 év	6 cella	DVD-RW SuperMulti DL	Windows 7 Home Premium 64bit	igen	10/100/1000Mbps, WLAN a/b/g/n	802.11b/g/n	opció	3xUSB 2.0, VGA, HDMI	Memóriakártya-olvasó	magyar	Webcamera	új	378 x 253 x 35,6-37,2 mm			
Packard Bell EASYNOTE TK81-SB-475HG Notebook	114882 Ft	15.60 inch	HD WXGA (1366x768) LED	AMD Phenom processzor X4 N970	2200 MHz	4096 MB	DDR3 1066MHz	750 GB	5400 rpm	AMD Radeon HD6650	1024 MB		1 év	6 cella	DVD-RW SuperMulti DL	Windows 7 Home Premium 64bit	igen	10/100/1000Mbps, WLAN a/b/g/n	802.11b/g/n	opció	3xUSB 2.0, VGA, Bluetooth, HDMI	SD, MMC	magyar	Webcamera	új				
Samsung NP300E5Z -S02HU Notebook	114882 Ft	15.60 inch	WXGA (1366x768) LED	Intel® Core™ i3 processzor 2310M	2100 MHz	4096 MB	DDR3 1333MHz	500 GB	5400 rpm	NVIDIA® GeForce® GT 520MX	512 MB	2.34 Kg	2 év	6 cella	DVD-RW SuperMulti DL	opció		10/100/1000Mbps, WLAN a/b/g/n	igen	opció	3xUSB 2.0, VGA, Bluetooth, HDMI	SD, MS Pro, MMC, XD	magyar	Webcamera	új	366.9 x 240 x 29.9 x 31.6 mm			
Acer AS5560G -63424G75Mnkk Notebook	115669 Ft	15.60 inch	HD WXGA (1366x768) LED	AMD A series processzor A6-3420	1500 MHz	4096 MB	DDR3 1333MHz	750 GB	5400 rpm	AMD Radeon™ HD 7670M	1024 MB	2.59 Kg	1 év	6 cella	DVD-RW SuperMulti DL	Linux	igen	10/100Mbps, WLAN a/b/g/n	802.11b/g/n	56Kbps	2xUSB 2.0, HDMI, 1xUSB 3.0	Memóriakártya-olvasó	magyar	Webcamera	új				
Samsung NP300V5A Notebook	120394 Ft	15.60 inch	WXGA (1366x768) LED	Intel® Core™ i3 processzor 2310M	2100 MHz	3072 MB	DDR3 1333MHz	320 GB	5400 rpm	NVIDIA® GeForce® GT 520MX	512 MB	2.40 Kg	2 év	6 cella	DVD-RW SuperMulti DL	Windows 7 Home Premium 64bit		10/100/1000Mbps, WLAN a/b/g/n	igen	opció	3xUSB 2.0, VGA, Bluetooth, HDMI	SD, MS Pro, MMC	magyar	Webcamera	új	366.9 x 240 x 29.9 x 31.6 mm			
HP Pavilion G6 Notebook	148740 Ft	15.60 inch	HD WXGA (1366x768) LED	Intel® Core™ i3 processzor 2350M	2300 MHz	4096 MB	DDR3 1333MHz	640 GB	5400 rpm	Intel HD Graphics 3000	- MB	2.48 Kg	2 év	6 cella	DVD+-RW	Windows 7 Home Premium 64bit	igen	10/100Mbps, WLAN a/b/g/n	802.11b/g/n	opció	USB 2.0, VGA, Bluetooth, HDMI, 2xUSB 3.0	Memóriakártya-olvasó	magyar	Webcamera	új				
Lenovo Ideapad B580 Notebook	139291 Ft	15.60 inch	HD WXGA (1366x768) LED	Intel® Core™ i5 processzor 3210M	2500 - 3100 MHz	4096 MB	DDR3 1333MHz	500 GB	5400 rpm	Intel HD Graphics 4000	- MB	2.70 Kg	2 év	6 cella	DVD+-RW	Windows 7 Home Premium 64bit	igen	10/100/1000Mbps, WLAN a/b/g/n	802.11b/g/n	opció	3xUSB 2.0, Bluetooth, HDMI	Memóriakártya-olvasó	magyar	HD Webcamera	új				
Dell Inspiron 5520 Notebook	164488 Ft	15.60 inch	HD WXGA (1366x768) LED	Intel® Core™ i7 processzor 3632QM	2200 - 3200 MHz	6144 MB	DDR3 1600MHz	750 GB	5400 rpm	Intel HD Graphics 4000	- MB	2.90 Kg	3 év	6 cella	DVD+-RW	Linux	igen	10/100/1000Mbps, WLAN a/b/g/n	802.11b/g/n	opció	VGA, Bluetooth, HDMI, 4xUSB 3.0	Memóriakártya-olvasó	magyar	HD Webcamera	új				
Packard Bell EASYNOTE TSX66-HR-451HG Notebook	127480 Ft	15.60 inch	HD WXGA (1366x768) LED	Intel® Core™ i5 processzor 2430M	2300 - 3000 MHz	4096 MB	DDR3 1066MHz	500 GB	5400 rpm	NVIDIA® GeForce® GT 520M	1024 MB		1 év	6 cella	DVD-RW SuperMulti DL	Windows 7 Home Premium 64bit	igen	10/100Mbps, WLAN a/b/g/n	802.11b/g/n	opció	3xUSB 2.0, VGA, Bluetooth, HDMI	SD, MS, MS Pro, MMC, XD	magyar	HD Webcamera	új				
Samsung NP300E5A -S01HU Notebook	127480 Ft	15.60 inch	WXGA (1366x768) LED	Intel® Core™ i3 processzor 2310M	2100 MHz	4096 MB	DDR3 1333MHz	500 GB	5400 rpm	NVIDIA® GeForce® GT 520MX	512 MB	2.34 Kg	2 év	6 cella	DVD-RW SuperMulti DL	Windows 7 Home Premium 64bit		10/100/1000Mbps, WLAN a/b/g/n	igen	opció	3xUSB 2.0, VGA, Bluetooth, HDMI	SD, MS Pro, MMC, XD	magyar	Webcamera	új	366.9 x 240 x 29.9 x 31.6 mm			
Toshiba Satellite C855-12J Notebook	127480 Ft	15.60 inch	HD WXGA (1366x768) LED	Intel Pentium processzor B960	2200 MHz	4096 MB	DDR3 1333MHz	500 GB	5400 rpm	AMD Radeon™ HD 7610M	1024 MB	2.30 Kg	2 év	6 cella	DVD-RW SuperMulti DL	Windows 7 Home Premium 64bit	igen	10/100Mbps, WLAN a/b/g/n	802.11b/g/n	opció	2xUSB 2.0, VGA, Bluetooth, HDMI, 1xUSB 3.0	SD, MMC, mini SD, micro SD, SDHC, SDXC	magyar	HD Webcamera	új	380.0 x 242.0 x 33.52 mm			
Packard Bell EASYNOTE TSX66-HR-461HG Notebook	129843 Ft	15.60 inch	HD WXGA (1366x768) LED	Intel® Core™ i5 processzor 2430M	2300 - 3000 MHz	4096 MB	DDR3 1066MHz	640 GB	5400 rpm	NVIDIA® GeForce® GT 520M	1024 MB		1 év	6 cella	DVD-RW SuperMulti DL	Windows 7 Home Premium 64bit	igen	10/100Mbps, WLAN a/b/g/n	802.11b/g/n	opció	3xUSB 2.0, VGA, Bluetooth, HDMI	SD, MS, MS Pro, MMC, XD	magyar	HD Webcamera	új				
Asus X54HR -SO205D Notebook	131417 Ft	15.60 inch	HD WXGA (1366x768)	Intel® Core™ i3 processzor 2350M	2300 MHz	4096 MB	DDR3 1333MHz	500 GB	5400 rpm	AMD Radeon™ HD 7470M	1024 MB		2 év	4 cella	DVD-RW SuperMulti DL	opció	igen	10/100/1000Mbps, WLAN a/b/g/n	802.11b/g/n	opció	USB 2.0, VGA, HDMI, 1xUSB 3.0	SD, MS, MMC, XD	magyar	Webcamera	új				
HP ProBook 4330s Notebook	133780 Ft	13.30 inch	HD WXGA (1366x768) LED	Intel® Core™ i3 processzor 2350M	2300 MHz	2048 MB	DDR3 1333MHz	320 GB	5400 rpm	Intel® HD Graphics 3000	- MB	2.10 Kg	3 év	6 cella	DVD-RW SuperMulti DL	Linux	igen	10/100/1000Mbps, WLAN a/b/g/n	802.11b/g/n	opció	4xUSB 2.0, VGA, Bluetooth, Express Card, HDMI	Memóriakártya-olvasó	magyar	HD Webcamera, Cseppálló billentyűzet	új	330 x 235 x 27.9 mm	Táska		
Asus K55VD -SX023D Notebook	138504 Ft	15.60 inch	HD WXGA (1366x768) LED	Intel® Core™ i5 processzor 3210M	2500 - 3100 MHz	4096 MB	DDR3 1600MHz	500 GB	5400 rpm	NVIDIA® GeForce® GT 610M	2048 MB	2.52 Kg	2 év	6 cella	DVD-RW SuperMulti DL	opció	igen	10/100/1000Mbps, WLAN a/b/g/n	802.11b/g/n	opció	VGA, Bluetooth, HDMI	Memóriakártya-olvasó	magyar	Webcamera	új	251 x 378 x 25,5-31,9 mm			
Packard Bell EASYNOTE TS11-HR-457HG Notebook	138504 Ft	15.60 inch	HD WXGA (1366x768) LED	Intel® Core™ i5 processzor 2430M	2400 MHz	4096 MB	DDR3 1066MHz	500 GB	5400 rpm	NVIDIA® GeForce® GT 540M	1024 MB		1 év	6 cella	DVD SuperMulti	Windows 7 Home Premium 64bit	igen	10/100/1000Mbps, WLAN a/b/g/n	802.11b/g/n	opció	3xUSB 2.0, VGA, Bluetooth, HDMI	SD, MS, MS Pro, MMC, XD	magyar	HD Webcamera	új				
Dell Latitude E5420 Notebook	139291 Ft	14.00 inch	HD WXGA (1366x768) LED	Intel® Core™ i3 processzor 2350M	2300 MHz	2048 MB	DDR3 1333MHz	500 GB	7200 rpm	Intel HD Graphics 3000	- MB	2.14 Kg	3 év	6 cella	DVD+-RW	opció	igen	10/100/1000Mbps, WLAN a/b/g/n	802.11b/g/n	opció	3xUSB 2.0, VGA, Bluetooth, HDMI, eSATA, Dock, USB 2.0 E-SATA, Power Share funkcióval		magyar	Ujjlenyomat olvasó, Billentyűzet megvilágítás, HD Webcamera	új				
Toshiba Satellite L850-11D Notebook	139291 Ft	15.60 inch	HD WXGA (1366x768) LED	Intel® Core™ i3 processzor 2350M	2300 MHz	4096 MB	DDR3 1333MHz	640 GB	5400 rpm	AMD Radeon™ HD7670	1024 MB	2.30 Kg	2 év	6 cella	DVD-RW SuperMulti DL	Windows 7 Home Premium 64bit	igen	10/100Mbps, WLAN a/b/g/n	802.11b/g/n	opció	USB 2.0, VGA, Bluetooth, HDMI, 2xUSB 3.0	SD, MMC, mini SD, micro SD, SDHC, SDXC	magyar	HD Webcamera	új	380.0 x 242.0 x 33.52 mm			
Lenovo Ideapad Z585A Notebook	140079 Ft	15.60 inch	HD WXGA (1366x768) LED	AMD A series processzor A6-4400M	2700 - 3200 MHz	4096 MB	DDR3 1333MHz	1000 GB	5400 rpm	AMD Radeon™ HD 7670M	2048 MB	2.50 Kg	2 év	6 cella	DVD+-RW	opció	igen	10/100Mbps, WLAN a/b/g/n	802.11b/g	opció	4xUSB 2.0, Bluetooth, HDMI	Memóriakártya-olvasó	magyar	HD Webcamera	új				
Dell Inspiron 5720 Notebook	162126 Ft	17.30 inch	WUGA (1600x900) LED	Intel® Core™ i5 processzor 3210M	2500 - 3100 MHz	4096 MB	DDR3 1600MHz	750 GB	5400 rpm	NVIDIA® GeForce® GT630M	1024 MB	3.28 Kg	3 év	6 cella	DVD+-RW	Linux	igen	10/100Mbps, WLAN a/b/g/n	802.11b/g/n	opció	VGA, Bluetooth, HDMI, 3xUSB 3.0, USB 3.0 E-SATA, Power Share funkcióval	Memóriakártya-olvasó	magyar	HD Webcamera	új				
Packard Bell EASYNOTE LS11-HR-465HG Notebook	147953 Ft	17.30 inch	HD WXGA (1600x900) LED	Intel® Core™ i5 processzor 2430M	2400 MHz	4096 MB	DDR3 1066MHz	640 GB	5400 rpm	AMD Mobility Radeon™ HD6650	1024 MB	3.30 Kg	1 év	6 cella	DVD SuperMulti	Windows 7 Home Premium 64bit	igen	10/100/1000Mbps, WLAN a/b/g/n	802.11b/g/n	opció	3xUSB 2.0, VGA, Bluetooth, HDMI, 1xUSB 3.0	SD, MS, MS Pro, MMC, XD	magyar	HD Webcamera	új				
Fujitsu Lifebook AH552 Notebook	197559 Ft	15.60 inch	HD WXGA (1366x768) LED	Intel® Core™ i5 processzor 3210M	2500 - 3100 MHz	4096 MB	DDR3 1600MHz	500 GB	5400 rpm	Intel HD Graphics 4000	- MB	2.20 Kg	2 év	8 cella	DVD-RW SuperMulti DL	Windows 7 Professional 64bit	igen	10/100/1000Mbps, WLAN a/b/g/n	802.11b/g/n	opció	3xUSB 2.0, Bluetooth, HDMI, eSATA, 1xUSB 3.0	SD	magyar	HD Webcamera	új	378 x 252 x 25,4 mm			
Dell Latitude E5530 Notebook	184173 Ft	15.60 inch	HD WXGA (1366x768) LED	Intel® Core™ i3 processzor 2350M	2300 MHz	4096 MB	DDR3 1600MHz	500 GB	7200 rpm	Intel HD Graphics 3000	- MB	2.33 Kg	3 év	6 cella	DVD+-RW	Windows 7 Professional 64bit	igen	10/100/1000Mbps, WLAN a/b/g/n	802.11b/g/n	opció	USB 2.0, VGA, Firewire, Bluetooth, HDMI, eSATA, 3xUSB 3.0, Dock	Memóriakártya-olvasó	magyar	Ujjlenyomat olvasó, Billentyűzet megvilágítás, HD Webcamera	új				
Toshiba Satellite L830-106 Notebook	155827 Ft	13.30 inch	HD WXGA (1366x768) LED	Intel® Core™ i3 processzor 2367M	1400 MHz	4 MB	DDR3 1333MHz	640 GB	5400 rpm	Radeon™ HD 7550M	1024 MB	1.68 Kg	2 év	6 cella	DVD-RW SuperMulti DL	Windows 7 Home Premium 64bit	igen	10/100Mbps, WLAN a/b/g/n	802.11b/g/n	56Kbps	USB 2.0, VGA, Bluetooth, HDMI, 2xUSB 3.0	SD, MMC, mini SD, micro SD, SDHC, SDXC	magyar	HD Webcamera	új	329 x 221 x 36.8 mm			
Dell Vostro 3560 Notebook	156614 Ft	15.60 inch	HD WXGA (1366x768) LED	Intel® Core™ i3 processzor 2370M	2400 MHz	4096 MB	DDR3 1600MHz	320 GB	7200 rpm	Intel HD Graphics 3000	- MB	2.57 Kg	3 év	6 cella	DVD-RW SuperMulti DL	opció	igen	10/100/1000Mbps, WLAN a/b/g/n	802.11b/g/n	opció	VGA, Bluetooth, Express Card, HDMI, 4xUSB 3.0	Memóriakártya-olvasó	magyar	HD Webcamera	új				
Asus P24A -PX007X Notebook	158976 Ft	11.60 inch	HD WXGA (1366x768) LED	Intel® Core™ i3 processzor 3110M	2400 MHz	4096 MB	DDR3 1600MHz	500 GB	5400 rpm	Intel HD Graphics 4000	- MB	1.50 Kg	2 év	6 cella	opció	Windows 7 Professional 64bit	igen	10/100/1000Mbps, WLAN a/b/g/n	802.11b/g/n	opció	USB 2.0, VGA, Bluetooth, HDMI, 2xUSB 3.0	Memóriakártya-olvasó	magyar	HD Webcamera	új	291 x 207 x 16-35 mm			
Dell Vostro 3360 Notebook	174724 Ft	13.30 inch	HD WXGA (1366x768) LED	Intel® Core™ i5 processzor 3317U	1700 MHz	4096 MB	DDR3 1600MHz	320 GB	7200 rpm	Intel HD Graphics 4000	- MB	1.67 Kg	3 év	4 cella	opció	Linux	igen	10/100/1000Mbps, WLAN a/b/g/n	802.11b/g/n	opció	VGA, Bluetooth, HDMI, 3xUSB 3.0, Dock	Memóriakártya-olvasó	magyar	HD Webcamera	új				
Lenovo Ideapad U410 Notebook	164488 Ft	14.00 inch	HD WXGA (1366x768) LED	Intel® Core™ i3 processzor 2377M	1500 MHz	4096 MB	DDR3 1333MHz	500 GB	5400 rpm	NVIDIA® GeForce® GT 610M	1024 MB	1.81 Kg	2 év	3 cella	opció	Windows 7 Home Premium 64bit	igen	10/100Mbps, WLAN a/b/g/n	802.11b/g/n	opció	2xUSB 2.0, Bluetooth, HDMI, 2xUSB 3.0	Memóriakártya-olvasó	magyar	HD Webcamera	új				
Sony Vaio VPCCA4S1E/W Notebook	166063 Ft	14.00 inch	HD WXGA (1366x768) LED	Intel® Core™ i3 processzor 2350M	2300 MHz	4096 MB	DDR3 1333MHz	640 GB	5400 rpm	AMD Mobility Radeon™ HD6470M	512 MB	2.45 Kg	2 év	6 cella	DVD+-RW	Windows 7 Home Premium 64bit	igen	10/100/1000Mbps, WLAN a/b/g/n	802.11b/g/n	opció	3xUSB 2.0, VGA, Bluetooth, HDMI, 1xUSB 3.0	SD, MS Pro, SDHC, SDXC	magyar	Rázkodás elleni merevlemezvédele, Gyorsulásmérő, Billentyűzet megvilágítás, HD Webcamera	új	341 x 27.9 x 235.2 mm			
Sony Vaio VPCCA4S1E/D Notebook	166063 Ft	14.00 inch	HD WXGA (1366x768) LED	Intel® Core™ i3 processzor 2350M	2300 MHz	4096 MB	DDR3 1333MHz	640 GB	5400 rpm	AMD Mobility Radeon™ HD6470M	512 MB	2.45 Kg	2 év	6 cella	DVD+-RW	Windows 7 Home Premium 64bit	igen	10/100/1000Mbps, WLAN a/b/g/n	802.11b/g/n	opció	3xUSB 2.0, VGA, Bluetooth, HDMI, 1xUSB 3.0	SD, MS Pro, SDHC, SDXC	magyar	Rázkodás elleni merevlemezvédele, Gyorsulásmérő, Billentyűzet megvilágítás, HD Webcamera	új	341 x 27.9 x 235.2 mm			
Sony Vaio VPCCA4S1E/G Notebook	166063 Ft	14.00 inch	HD WXGA (1366x768) LED	Intel® Core™ i3 processzor 2350M	2300 MHz	4096 MB	DDR3 1333MHz	640 GB	5400 rpm	AMD Mobility Radeon™ HD6470M	512 MB	2.45 Kg	2 év	6 cella	DVD+-RW	Windows 7 Home Premium 64bit	igen	10/100/1000Mbps, WLAN a/b/g/n	802.11b/g/n	opció	3xUSB 2.0, VGA, Bluetooth, HDMI, 1xUSB 3.0	SD, MS Pro, SDHC, SDXC	magyar	Rázkodás elleni merevlemezvédele, Gyorsulásmérő, Billentyűzet megvilágítás, HD Webcamera	új	341 x 27.9 x 235.2 mm			
Sony Vaio VPCCA4S1E/R Notebook	166063 Ft	14.00 inch	HD WXGA (1366x768) LED	Intel® Core™ i3 processzor 2350M	2300 MHz	4096 MB	DDR3 1333MHz	640 GB	5400 rpm	AMD Mobility Radeon™ HD6470M	512 MB	2.45 Kg	2 év	6 cella	DVD+-RW	Windows 7 Home Premium 64bit	igen	10/100/1000Mbps, WLAN a/b/g/n	802.11b/g/n	opció	3xUSB 2.0, VGA, Bluetooth, HDMI, 1xUSB 3.0	SD, MS Pro, SDHC, SDXC	magyar	Rázkodás elleni merevlemezvédele, Gyorsulásmérő, Billentyűzet megvilágítás, HD Webcamera	új	341 x 27.9 x 235.2 mm			
HP ProBook 6475b Notebook	176299 Ft	14.00 inch	Multi-Touch (1366x768) LED	AMD A series processzor A6-4400M	2700 - 3200 MHz	4096 MB	DDR3 1333MHz	500 GB	7200 rpm	NVIDIA® Tegra™ 2	- MB	2.03 Kg	3 év	6 cella	DVD+-RW	Windows 7 Professional 64bit	igen	10/100/1000Mbps, WLAN a/b/g/n	802.11b/g/n	opció	USB 2.0, VGA, Firewire, Bluetooth, eSATA, 2xUSB 3.0, Display Port, Dock	Memóriakártya-olvasó	magyar	Ujjlenyomat olvasó, HD Webcamera	új				
Toshiba Tecra R840-13T Notebook	178661 Ft	14.00 inch	HD WXGA (1366x768) LED	Intel® Core™ i5 processzor 2520M	2500 MHz	4096 MB	DDR3 1333MHz	500 GB	7200 rpm	AMD Radeon™ HD 6450M	1024 MB	1.99 Kg	3 év	6 cella	DVD-RW SuperMulti DL	Windows 7 Professional 64bit	igen	10/100/1000Mbps, WLAN a/b/g/n	802.11b/g/n	opció	2xUSB 2.0, VGA, Bluetooth, Express Card, 1xUSB 3.0, Display Port	SD, MMC, SDHC, SDXC	magyar	Webcamera, Ujjlenyomat olvasó	új	341x239x27.4 mm			
Acer V3-551G- 10468G1TMakk Notebook	180236 Ft	15.60 inch	HD WXGA (1366x768) LED	AMD A series processzor A10-4600M	2300 - 3000 MHz	8192 MB	DDR3 1333MHz	1000 GB	5400 rpm	AMD Radeon™ HD 7670M	2048 MB	2.40 Kg	1 év	6 cella	DVD-RW SuperMulti DL	Windows 7 Home Premium 64bit	igen	10/100Mbps, WLAN a/b/g/n	802.11b/g/n	opció	2xUSB 2.0, Bluetooth, HDMI, 1xUSB 3.0	Memóriakártya-olvasó	magyar	HD Webcamera	új				
Asus B53E -SO262X Notebook	183386 Ft	15.60 inch	HD WXGA (1366x768)	Intel® Core™ i3 processzor 2350M	2300 MHz	4096 MB	DDR3 1333MHz	500 GB	5400 rpm	Intel® HD Graphics	- MB	2.69 Kg	3 év	6 cella	DVD-RW SuperMulti DL	Windows 7 Professional 64bit	igen	10/100/1000Mbps, WLAN a/b/g/n	802.11b/g/n	opció	2xUSB 2.0, VGA, Bluetooth, HDMI, eSATA, 1xUSB 3.0, Display Port	Memóriakártya-olvasó	magyar	Rázkodás elleni merevlemezvédele, HD Webcamera, Cseppálló billentyűzet	új	384 x 263 x 33-35 mm			
Dell Inspiron 7520 Notebook	184961 Ft	15.60 inch	HD WXGA (1366x768) LED	Intel® Core™ i7 processzor 3612QM	2100 - 3100 MHz	6144 MB	DDR3 1600MHz	1000 GB	5400 rpm	AMD Radeon™ HD 7730M	2048 MB	2.76 Kg	3 év	6 cella	DVD-RW SuperMulti DL	Linux	igen	10/100/1000Mbps, WLAN a/b/g/n	802.11b/g/n	opció	VGA, Bluetooth, HDMI, eSATA, 3xUSB 3.0, USB 3.0 E-SATA, Power Share funkcióval	Memóriakártya-olvasó	magyar	HD Webcamera	új				
HP ProBook 4530s Notebook	186535 Ft	15.60 inch	HD WXGA (1366x768) LED	Intel® Core™ i5 processzor 2450M	2500 - 3100 MHz	8192 MB	DDR3 1333MHz	750 GB	7200 rpm	AMD Mobility Radeon™ HD 6490M	1024 MB	2.51 Kg	3 év	6 cella	DVD-RW SuperMulti DL	Windows 7 Home Premium 64bit	igen	10/100/1000Mbps, WLAN a/b/g/n	802.11b/g/n	opció	3xUSB 2.0, VGA, Bluetooth, HDMI, 1xUSB 3.0	Memóriakártya-olvasó	magyar	Ujjlenyomat olvasó, HD Webcamera	új		Táska		
Fujitsu Lifebook UH552 Notebook	212520 Ft	13.30 inch	HD WXGA (1366x768) LED	Intel® Core™ i5 processzor 3317U	1700 - 2500 MHz	4096 MB	DDR3 1600MHz	500 GB	5400 rpm	Intel HD Graphics 4000	- MB	1.60 Kg	2 év	4 cella	opció	Windows 7 Professional 64bit	igen	10/100/1000Mbps, WLAN a/b/g/n	802.11b/g/n	HSDPA	USB 2.0, Bluetooth, HDMI, 2xUSB 3.0	SD, MS, MS Pro, SDHC	magyar	HD Webcamera	új	323 x 234 x 18.0 mm			
Dell Vostro 3560 FHD Notebook	202283 Ft	15.60 inch	FULL HD (1920x1080) LED	Intel® Core™ i5 processzor 3210M	2500 MHz	4096 MB	DDR3 1600MHz	500 GB	7200 rpm	AMD Radeon™ HD7670	1024 MB	2.57 Kg	3 év	6 cella	Blue-Ray Combo	Linux	igen	10/100/1000Mbps, WLAN a/b/g/n	802.11b/g/n	opció	VGA, Bluetooth, Express Card, HDMI, 4xUSB 3.0	Memóriakártya-olvasó	magyar	Ujjlenyomat olvasó, Billentyűzet megvilágítás, HD Webcamera	új				
Acer Aspire S3- 391-53314G52add Notebook	194409 Ft	13.30 inch	HD WXGA (1366x768) LED	Intel® Core™ i5 processzor 3317U	1700 - 2600 MHz	4096 MB	DDR3 1333MHz	500 GB	5400 rpm	Intel® HD Graphics	- MB	1.49 Kg	3 év	3 cella	opció	Windows 7 Home Premium 64bit	igen	10/100/1000Mbps, WLAN a/b/g/n	802.11b/g/n	opció	2xUSB 2.0, VGA, Bluetooth	Memóriakártya-olvasó	magyar	SSD drive, HD Webcamera	új			20 GB	
Samsung NP-RC530 -S01HU Notebook	200709 Ft	15.60 inch	HD WXGA (1366x768) LED	Intel® Core™ i7 processzor 2670QM	2200 MHz	8192 MB	DDR3 1333MHz	1000 GB	5400 rpm	NVIDIA® GeForce® GT 540M	1024 MB	2.60 Kg	2 év	6 cella	DVD-RW SuperMulti DL	Windows 7 Home Premium 64bit	igen	10/100/1000Mbps, WLAN a/b/g/n	802.11b/g/n	opció	2xUSB 2.0, VGA, Bluetooth, HDMI, 2xUSB 3.0	SD, MMC, SDHC, SDXC	magyar	HD Webcamera	új	379.6 x 255.5 x 37 mm	Táska		
Acer M3-581TG -52464G52MNkk Notebook	202283 Ft	15.60 inch	HD WXGA (1366x768) LED	Intel® Core™ i5 processzor 2467M		4096 MB	DDR3 1333MHz	500 GB	5400 rpm	NVIDIA® GeForce® GT 640M	1024 MB	2.25 Kg	3 év	3 cella	DVD-RW SuperMulti DL	Windows 7 Home Premium 64bit	igen	10/100/1000Mbps, WLAN a/b/g/n	802.11b/g/n	opció	2xUSB 2.0, Bluetooth, HDMI, 1xUSB 3.0	Memóriakártya-olvasó	magyar	SSD drive, HD Webcamera	új			20 GB	
Asus B53E -SO266X Notebook	203858 Ft	15.60 inch	HD WXGA (1366x768)	Intel® Core™ i5 processzor 2450M	2500 - 3100 MHz	4096 MB	DDR3 1333MHz	500 GB	5400 rpm	Intel® HD Graphics	- MB	2.69 Kg	3 év	6 cella	DVD-RW SuperMulti DL	Windows 7 Professional 64bit	igen	10/100/1000Mbps, WLAN a/b/g/n	igen	opció	2xUSB 2.0, VGA, Bluetooth, HDMI, eSATA, 1xUSB 3.0, Display Port	Memóriakártya-olvasó	magyar	HD Webcamera	új	384 x 263 x 33-35 mm			
HP ProBook 6560b Notebook	203858 Ft	15.60 inch	HD WXGA (1366x768) LED	Intel® Core™ i5 processzor 2450M	2500 - 3100 MHz	4096 MB	DDR3 1333MHz	320 GB	7200 rpm	Intel HD Graphics 3000	- MB	2.70 Kg	3 év	6 cella	DVD+-RW	Windows 7 Professional 64bit	igen	10/100/1000Mbps, WLAN a/b/g/n	802.11b/g/n	56Kbps	4xUSB 2.0, VGA, Firewire, Bluetooth, eSATA, Display Port, Dock	Memóriakártya-olvasó	magyar	Ujjlenyomat olvasó, HD Webcamera	új				
Asus Zenbook U32VM-RO006X Notebook	207008 Ft	13.30 inch	HD WXGA (1366x768) LED	Intel® Core™ i5 processzor 3210M	2500 - 3100 MHz	4096 MB	DDR3 1600MHz	750 GB	5400 rpm	Intel HD Graphics 4000	- MB	1.84 Kg	2 év	8 cella	-	Windows 7 Professional 64bit	igen	WLAN a/b/g/n	802.11b/g/n	opció	USB 2.0, Bluetooth, 1xUSB 3.0, Micro HDMI	Memóriakártya-olvasó	magyar	HD Webcamera	új	328 x 238 x 13,4-26,1 mm	Táska + Egér		
Dell XPS L502X Notebook	207795 Ft	15.60 inch	HD WXGA (1366x768) LED	Intel® Core™ i5 processzor 2450M	2500 - 3100 MHz	4096 MB	DDR3 1333MHz	750 GB	7200 rpm	NVIDIA® GeForce® GT 525M	1024 MB	2.80 Kg	3 év	6 cella	DVD+-RW	Windows 7 Home Premium 64bit	Realtek ALC665	10/100Mbps, WLAN a/b/g/n	802.11b/g/n	opció	VGA, Bluetooth, HDMI, eSATA, 2xUSB 3.0, USB 2.0, Mini Display Port	SD, MS, MS Pro, MMC, XD, SDHC, SDXC, MSXC, SDIO	magyar	HD Webcamera	új	381x38.2x265.4 mm			
HP ProBook 6570b Notebook	236142 Ft	15.60 inch	HD+ WUGA (1600x900) LED	Intel® Core™ i5 processzor 3210M	2500 - 3100 MHz	4096 MB	DDR3 1600MHz	500 GB	7200 rpm	AMD Radeon™ HD 7570M	1024 MB	2.60 Kg	3 év	6 cella	DVD+-RW	Windows 7 Professional 64bit	igen	10/100/1000Mbps, WLAN a/b/g/n	802.11b/g/n	opció	2xUSB 2.0, VGA, Firewire, Bluetooth, eSATA, 2xUSB 3.0, Display Port, Dock	Memóriakártya-olvasó, ExpressCard(54mm)	magyar	Ujjlenyomat olvasó, HD Webcamera	új				
Lenovo ThinkPad x230i Notebook	210945 Ft	12.50 inch	HD WXGA (1366x768) LED	Intel® Core™ i3 processzor 2370M	2400 MHz	4096 MB	DDR3 1333MHz	320 GB	7200 rpm	Intel® HD Graphics	- MB	1.30 Kg	3 év	6 cella	-	Windows 7 Professional 64bit	igen	10/100/1000Mbps, WLAN a/b/g/n	802.11b/g/n	HSDPA foglalat	3xUSB 2.0, HDMI, Display Port	Memóriakártya-olvasó	magyar	Webcamera, Ujjlenyomat olvasó	új				
Toshiba Portege R830-113 Notebook	210945 Ft	13.30 inch	HD WXGA (1366x768) LED	Intel® Core™ i7 processzor 2620M	2700 MHz	4096 MB	DDR3 1333MHz	500 GB	7200 rpm	Intel® HD Graphics 3000	- MB	1.64 Kg	3 év	9 cella	DVD-RW SuperMulti DL	Windows 7 Professional 64bit	igen	10/100/1000Mbps, WLAN b/g	802.11b/g/n	opció	2xUSB 2.0, VGA, Bluetooth, HDMI, eSATA, 1xUSB 3.0	SD, MMC, SDHC, SDXC	magyar	Webcamera, Ujjlenyomat olvasó	új	316x227x44 mm			
Samsung NP530U4B -S01HU Notebook	212520 Ft	14.00 inch	HD WXGA (1366x768) LED	Intel® Core™ i5 processzor 2467M	1600 MHz	4 MB	DDR3 1333MHz	500 GB		Intel® HD Graphics	- MB	1.79 Kg	2 év	8 cella	DVD-RW SuperMulti DL	Windows 7 Home Premium 64bit	igen	10/100/1000Mbps, WLAN a/b/g/n	802.11b/g/n	opció	USB 2.0, Bluetooth, HDMI, 2xUSB 3.0	SD, MS, MS Pro, SDHC	magyar	Webcamera	új	333 x 229,5 x 20,9 mm			
Asus B33E -RO125X Notebook	214882 Ft	13.30 inch	HD WXGA (1366x768)	Intel® Core™ i5 processzor 2450M	2500 - 3100 MHz	4096 MB	DDR3 1333MHz	500 GB	7200 rpm	Intel® HD Graphics	- MB	1.96 Kg	3 év	4 cella	DVD-RW SuperMulti DL	Windows 7 Professional 64bit	igen	10/100/1000Mbps, WLAN a/b/g/n	802.11b/g/n	opció	2xUSB 2.0, VGA, Bluetooth, Express Card, HDMI, eSATA, 1xUSB 3.0, Dock	Memóriakártya-olvasó	magyar	Ujjlenyomat olvasó, HD Webcamera	új	326 x 226 x 297 mm	Táska		
Samsung NP400B2B -A01HU Notebook	214882 Ft	12.50 inch	HD WXGA (1366x768) LED	Intel® Core™ i5 processzor 2450M	2500 MHz	4096 MB	DDR3 1333MHz	500 GB	7200 rpm	Intel® HD Graphics	- MB	1.74 Kg	2 év	6 cella	-	Windows 7 Professional 64bit	igen	10/100/1000Mbps, WLAN a/b/g/n	802.11b/g/n	opció	2xUSB 2.0, Bluetooth, HDMI, eSATA, 1xUSB 3.0	SD, MS, MS Pro, SDHC	magyar	Webcamera, Ujjlenyomat olvasó, Aktív merevlemezvédelem	új	302.1 x 223.7 x 28.3 - 32.2 mm			
Toshiba Satellite P750-11G Notebook	217244 Ft	15.60 inch	HD WXGA (1366x768) 3D	Intel® Core™ i5 processzor 2410M	2300 MHz	4096 MB	DDR3 1333MHz	500 GB	7200 rpm	NVIDIA® GeForce® GT 540M	2048 MB	2.62 Kg	3 év	6 cella	DVD+-RW Dual Layer	Windows 7 Home Premium 64bit	igen	10/100/1000Mbps, WLAN a/b/g/n	802.11b/g/n	opció	3xUSB 2.0, VGA, Bluetooth, HDMI, 1xUSB 3.0	SD, MS, MS Pro, MMC, XD, SDHC, SDXC	magyar	Webcamera, Flash Memória, 4 GB	új	380.5x254x35.6 mm			
Lenovo ThinkPad T430i Notebook	218819 Ft	14.00 inch	HD+ WUGA (1600x900) LED	Intel® Core™ i3 processzor 2370M	2400 MHz	4096 MB	DDR3 1600MHz	500 GB	7200 rpm	Intel® HD Graphics	- MB	2.80 Kg	3 év	6 cella	DVD-RW SuperMulti DL	Windows 7 Professional 64bit	igen	10/100/1000Mbps, WLAN a/b/g/n	802.11b/g/n	opció	3xUSB 2.0, Express Card, HDMI, eSATA, Display Port, Dock	SD, MS, MS Pro, SDHC	magyar	Webcamera, Ujjlenyomat olvasó, UltraNav(Trackpoint & Touch pad), Billentyűzet megvilágítás	új				
Toshiba Portege R830-111 Notebook	220394 Ft	13.30 inch	HD WXGA (1366x768) LED	Intel® Core™ i5 processzor 2410M	2300 MHz	4096 MB	DDR3 1333MHz	500 GB	7200 rpm	Intel® HD Graphics 3000	- MB	1.64 Kg	3 év	9 cella	DVD-RW SuperMulti DL	Windows 7 Professional 64bit	igen	10/100/1000Mbps, WLAN b/g	802.11b/g/n	opció	2xUSB 2.0, VGA, Bluetooth, HDMI, eSATA, 1xUSB 3.0	SD, MMC, SDHC, SDXC	magyar	Webcamera, Ujjlenyomat olvasó	új	316x227x44 mm			
Dell Inspiron 7720 FHD Notebook	221969 Ft	17.30 inch	FULL HD (1920x1080) LED	Intel® Core™ i7 processzor 3610QM	2300 - 3300 MHz	6144 MB	DDR3 1600MHz	1000 GB	5400 rpm	NVIDIA® GeForce® GT 650M	2048 MB	3.28 Kg	3 év	6 cella	DVD-RW SuperMulti DL	Linux	igen	10/100Mbps, WLAN a/b/g/n	802.11b/g/n	opció	VGA, Bluetooth, HDMI, eSATA, 3xUSB 3.0, USB 3.0 E-SATA, Power Share funkcióval	Memóriakártya-olvasó	magyar	HD Webcamera	új				
Dell Vostro 3460 Notebook	221969 Ft	14.00 inch	HD WXGA (1366x768) LED	Intel® Core™ i7 processzor 3612Q	2100 MHz	8192 MB	DDR3 1600MHz	750 GB	7200 rpm	NVIDIA® GeForce® GT630M	1024 MB	2.23 Kg	3 év	6 cella	DVD-RW SuperMulti DL	Linux	igen	10/100/1000Mbps, WLAN a/b/g/n	802.11b/g/n	opció	VGA, Bluetooth, Express Card, HDMI, 4xUSB 3.0		magyar	Billentyűzet megvilágítás, HD Webcamera	új				
Lenovo Ideapad Y580 FHD Notebook	226693 Ft	15.60 inch	FULL HD (1920x1080) LED	Intel® Core™ i5 processzor 3210M	2500 - 3100 MHz	6144 MB	DDR3 1333MHz	1000 GB	5400 rpm	NVIDIA® GeForce® GT 660M	2048 MB	2.80 Kg	2 év	6 cella	DVD+-RW	Windows 7 Home Premium 64bit	igen	10/100/1000Mbps, WLAN a/b/g/n	802.11b/g/n	opció	2xUSB 2.0, VGA, Bluetooth, HDMI, 2xUSB 3.0	Memóriakártya-olvasó	magyar	Billentyűzet megvilágítás, HD Webcamera	új	385 x 255 x 35,7 mm			
Dell Inspiron 7520 FHD Notebook	230630 Ft	15.60 inch	FULL HD (1920x1080) LED	Intel® Core™ i7 processzor 3632QM	2200 - 3200 MHz	8192 MB	DDR3 1600MHz	1000 GB	5400 rpm	AMD Radeon™ HD 7730M	2048 MB	2.76 Kg	3 év	6 cella	Blue-Ray Combo	Windows 7 Home Premium 64bit	igen	10/100/1000Mbps, WLAN a/b/g/n	802.11b/g/n	opció	VGA, Bluetooth, HDMI, 3xUSB 3.0, USB 3.0 E-SATA, Power Share funkcióval	Memóriakártya-olvasó	magyar	SSD drive, HD Webcamera	új			32 GB	
Samsung NP700Z3A -S01HU Notebook	230630 Ft	14.00 inch	HD+ WUGA (1600x900) LED	Intel® Core™ i5 processzor 2450M	2500 MHz	6144 MB	DDR3 1333MHz	1000 GB	5400 rpm	AMD Mobility Radeon™ HD 6490M	1024 MB	2.32 Kg	2 év	8 cella	-	Windows 7 Home Premium 64bit		10/100/1000Mbps, WLAN a/b/g/n	802.11b/g/n	opció	USB 2.0, VGA, Bluetooth, HDMI, 2xUSB 3.0	SD, MMC, SDHC, SDXC	magyar	HD Webcamera	új				
Toshiba Qosmio F750-110 Notebook	230630 Ft	15.60 inch	HD WXGA (1366x768) LED	Intel® Core™ i5 processzor 2410M	2300 - 2900 MHz	8192 MB	DDR3 1333MHz	500 GB	7200 rpm	NVIDIA® GeForce® GT 540M	2048 MB	2.90 Kg	3 év	6 cella	Blue-Ray Combo	Windows 7 Home Premium 64bit	igen	10/100Mbps, WLAN a/b/g/n	802.11b/g/n	opció	3xUSB 2.0, VGA, Bluetooth, HDMI, 1xUSB 3.0	SD, MS, MS Pro, MMC, XD, MS Pro Duo, mini SD, micro SD, SDHC, SDXC	magyar	HD Webcamera, Flash Memória, 4 GB	új	384 x 263 x 36,3 mm			
Lenovo ThinkPad T420 Notebook	233780 Ft	14.00 inch	HD WXGA (1366x768) LED	Intel® Core™ i5 processzor 2520M	2500 - 3200 MHz	4096 MB	DDR3 1333MHz	320 GB	7200 rpm	Intel HD Graphics 3000	- MB	2.80 Kg	3 év	6 cella	DVD+-RW	Windows 7 Professional 64bit	igen	10/100/1000Mbps, WLAN a/b/g/n	802.11b/g/n	opció	3xUSB 2.0, VGA, Bluetooth, Display Port, Dock	Memóriakártya-olvasó	magyar	Ujjlenyomat olvasó, UltraNav(Trackpoint & Touch pad), Billentyűzet megvilágítás, HD Webcamera	új				
Fujitsu Lifebook E752 Notebook	236929 Ft	15.60 inch	HD+ WUGA (1600x900) LED	Intel® Core™ i5 processzor 2450M	2500 - 3100 MHz	4096 MB	DDR3 1333MHz	500 GB	7200 rpm	Intel HD Graphics 3000	- MB	2.50 Kg	3 év	6 cella	DVD-RW SuperMulti DL	Windows 7 Professional 64bit	igen	10/100/1000Mbps, WLAN a/b/g/n	802.11b/g/n	HSDPA foglalat	2xUSB 2.0, VGA, Bluetooth, 2xUSB 3.0, Display Port, USB 2.0 E-SATA, Power Share funkcióval	SD	magyar	Rázkodás elleni merevlemezvédele, HD Webcamera	új	372 x 245 x 35 mm			
Fujitsu Lifebook S752 Notebook	236929 Ft	14.00 inch	HD WXGA (1366x768) LED	Intel® Core™ i5 processzor 2450M	2500 - 3100 MHz	4096 MB	DDR3 1333MHz	500 GB	7200 rpm	Intel HD Graphics 3000	- MB	2.30 Kg	3 év	6 cella	DVD-RW SuperMulti DL	Windows 7 Professional 64bit	igen	10/100/1000Mbps, WLAN a/b/g/n	802.11b/g/n	HSDPA foglalat	2xUSB 2.0, VGA, Bluetooth, 2xUSB 3.0, Display Port, USB 2.0 E-SATA, Power Share funkcióval	SD	magyar	Rázkodás elleni merevlemezvédele, HD Webcamera	új	340 x 245 x 35 mm			
Acer Aspire S3-951-2464G32ISS Notebook	239291 Ft	13.30 inch	WXGAGS HD (1366x768) LED	Intel® Core™ i7 processzor 2637M	1700 - 2800 MHz	4096 MB	DDR3 1333MHz	500 GB	5400 rpm	Intel HD Graphics 3000	- MB	1.40 Kg	3 év	3 cella	-	Windows Vista Home Premium	igen	10/100/1000Mbps, WLAN a/b/g/n	802.11b/g/n	opció	2xUSB 2.0, VGA, HDMI, eSATA	SD, MMC	magyar	SSD drive, HD Webcamera	új			20 GB	
Asus Zenbook UX32VD-R3001V Notebook	239291 Ft	13.30 inch	HD WXGA (1366x768) LED	Intel® Core™ i5 processzor 3317U	1700 - 2600 MHz	4096 MB	DDR3 1600MHz	500 GB	5400 rpm	NVIDIA® GeForce® GT 620M	1024 MB	1.45 Kg	2 év	6 cella	-	Windows 7 Home Premium 64bit	igen	10/100Mbps, WLAN a/b/g/n	802.11b/g/n	opció	Bluetooth, HDMI, 3xUSB 3.0	Memóriakártya-olvasó	magyar	SSD drive, HD Webcamera	új	325 x 223 x 5.5-18 mm	Táska + átalakítók	24 GB	
Fujitsu Lifebook UH572 Notebook	244803 Ft	13.30 inch	HD WXGA (1366x768) LED	Intel® Core™ i5 processzor 3317U	1700 - 2400 MHz	4096 MB	DDR3 1600MHz	128 GB		Intel HD Graphics 4000	- MB	1.60 Kg	3 év	4 cella	opció	Windows 7 Professional 64bit	igen	10/100/1000Mbps, WLAN a/b/g/n	802.11b/g/n	HSDPA	USB 2.0, Bluetooth, HDMI, 2xUSB 3.0	SD, MS, MS Pro, SDHC	magyar	SSD drive, HD Webcamera	új				
Sony Vaio VPCF24M1E/B Notebook	244803 Ft	16.40 inch	WSXGA (1600x900) LED	Intel® Core™ i5 processzor 2450M	2500 - 3100 MHz	6144 MB	DDR3 1333MHz	640 GB		NVIDIA® GeForce® GT 540M	2048 MB		2 év	6 cella	Blue-Ray Combo	Windows 7 Professional 64bit	igen	10/100/1000Mbps, WLAN a/b/g/n	802.11b/g/n	opció	2xUSB 2.0, VGA, Bluetooth, HDMI, 1xUSB 3.0	SD, MS Pro, SDHC, SDXC	magyar	Webcamera, Rázkodás elleni merevlemezvédele, Gyorsulásmérő, Billentyűzet megvilágítás	új	398.5 x 33.1 x 271.5 mm			
Lenovo ThinkPad T530 Notebook	357402 Ft	15.60 inch	WUXGA (1920x1080) Full HD	Intel® Core™ i7 processzor 3610QM	2300 MHz	8192 MB	DDR3 1600MHz	500 GB	7200 rpm	NVIDIA® NVS 5400M	1024 MB	2.57 Kg	3 év	9 cella	DVD-RW SuperMulti DL	Windows 7 Professional 64bit	igen	10/100/1000Mbps, WLAN a/b/g/n	802.11b/g/n	HSDPA foglalat	3xUSB 2.0, Bluetooth, Express Card, HDMI, eSATA, 1xUSB 3.0, Display Port	Memóriakártya-olvasó	magyar	Webcamera, Ujjlenyomat olvasó, Dokkoló, Billentyűzet megvilágítás	új				
Toshiba Portégé Z830-11M Notebook	251890 Ft	13.30 inch	HD WXGA (1366x768) LED	Intel® Core™ i5 processzor 2467M	1600 - 2300 MHz	4096 MB	DDR3 1333MHz	128 GB		Intel HD Graphics 3000	- MB	1.12 Kg	3 év	8 cella	opció	Windows 7 Home Premium 64bit	igen	10/100/1000Mbps, WLAN a/b/g/n	802.11b/g/n	HSDPA	2xUSB 2.0, Bluetooth, DVI, HDMI, 1xUSB 3.0	SD, MMC, mini SD, micro SD, SDHC, SDXC	magyar	SSD drive, Mobiltelefon funkciók, HD Webcamera	új	316 x 227 x 8.3/15.9 mm			
Asus Zenbook UX31A-R5006V Notebook	255039 Ft	13.30 inch	HD WXGA++ (1600x900) LED	Intel® Core™ i5 processzor 3317U	1700 - 2600 MHz	4096 MB	DDR3 1600MHz	128 GB		Intel HD Graphics 4000	- MB	1.30 Kg	2 év	4 cella	-	Windows 7 Home Premium 64bit	igen	WLAN a/b/g/n	802.11b/g/n	opció	USB 2.0, Bluetooth, 1xUSB 3.0, Micro HDMI	Memóriakártya-olvasó	magyar	Webcamera, SSD drive, Billentyűzet megvilágítás	új	325 x 223 x 3-18 mm	Táska		
Sony Vaio VPCSE2F1E/S   Notebook	258189 Ft	15.50 inch	HD WXGA (1366x768) LED	Intel® Core™ i5 processzor 2450M	2500 - 3100 MHz	4096 MB	DDR3 1333MHz	640 GB	5400 rpm	AMD Mobility Radeon™ HD6630	1024 MB		2 év	6 cella	DVD+-RW	Windows 7 Home Premium 64bit	igen	10/100Mbps, WLAN a/b/g/n	802.11b/g/n	opció	2xUSB 2.0, Bluetooth, HDMI, 1xUSB 3.0	Memóriakártya-olvasó	magyar	Billentyűzet megvilágítás, HD Webcamera	új				
Lenovo ThinkPad T430 Notebook	261339 Ft	14.00 inch	HD+ WUGA (1600x900) LED	Intel® Core™ i5 processzor 3320M	2600 MHz	4096 MB	DDR3 1600MHz	500 GB	7200 rpm	Intel® HD Graphics	- MB	2.80 Kg	3 év	6 cella	DVD-RW SuperMulti DL	Windows 7 Professional 64bit	igen	10/100/1000Mbps, WLAN a/b/g/n	802.11b/g/n	HSDPA foglalat	3xUSB 2.0, HDMI, eSATA, Display Port, Dock	SD, MS, MS Pro, SDHC	magyar	Ujjlenyomat olvasó, UltraNav(Trackpoint & Touch pad), Dokkoló, Billentyűzet megvilágítás, HD Webcamera	új				
Toshiba Satellite P755-12G Notebook	272362 Ft	15.60 inch	HD WXGA (1366x768) 3D	Intel® Core™ i7 processzor 2670QM	2200 - 3100 MHz	8192 MB	DDR3 1333MHz	500 GB	7200 rpm	NVIDIA® GeForce® GT 540M	2048 MB	2.60 Kg	2 év	6 cella	Blue-Ray Combo	Windows 7 Home Premium 64bit	igen	10/100Mbps, WLAN a/b/g/n	802.11b/g/n	opció	3xUSB 2.0, VGA, Bluetooth, HDMI, 1xUSB 3.0	SD, MS, MS Pro, MMC, XD, mini SD, micro SD, SDHC, SDXC	magyar	Billentyűzet megvilágítás, HD Webcamera, Flash Memória, 4 GB	új	380,5 x 254 x 37,6 mm	NVIDIA® 3D Vision		
HP EliteBook 8570p Notebook	340866 Ft	15.60 inch	HD+ WUGA (1600x900) LED	Intel® Core™ i7 processzor 3520M	2900 - 3600 MHz	4096 MB	DDR3 1600MHz	500 GB	7200 rpm	AMD Radeon™ HD 7570M	1024 MB	2.85 Kg	3 év	6 cella	DVD-RW SuperMulti DL	Windows 7 Professional 64bit	igen	10/100/1000Mbps, WLAN a/b/g/n	802.11b/g/n	HSDPA	2xUSB 2.0, VGA, Firewire, Bluetooth, eSATA, 1xUSB 3.0, Display Port, Dock	Memóriakártya-olvasó	magyar	Ujjlenyomat olvasó, Billentyűzet megvilágítás, HD Webcamera	új				
Fujitsu Lifebook U772 Notebook	281811 Ft	14.00 inch	HD WXGA (1366x768) LED	Intel® Core™ i5 processzor 3317U	1700 - 2400 MHz	4096 MB	DDR3 1600MHz	500 GB	5400 rpm	Intel HD Graphics 4000	- MB	1.40 Kg	3 év	4 cella	opció	Windows 7 Professional 64bit	igen	10/100/1000Mbps, WLAN a/b/g/n	802.11b/g/n	opció	USB 2.0, Bluetooth, HDMI, 2xUSB 3.0, Dock	SD, SDHC, SDXC	magyar	Ujjlenyomat olvasó, Rázkodás elleni merevlemezvédele, SSD drive, Gyorsulásmérő, HD Webcamera	új	327 x 225 x 15.6 mm		32 GB	
Samsung NP900X3A -B01HU Notebook	284173 Ft	13.30 inch	WXGA (1366x768) LED	Intel® Core™ i5 processzor 2467M	1600 MHz	4096 MB	DDR3 1066MHz	128 GB		Intel® HD Graphics	- MB		2 év	6 cella	opció	Windows 7 Home Premium 64bit		10/100/1000Mbps, WLAN a/b/g/n	802.11b/g/n	opció	USB 2.0, VGA, Bluetooth, HDMI, 1xUSB 3.0	SD	magyar	SSD drive, HD Webcamera	új				
HP EliteBook 2170p Notebook	457402 Ft	11.60 inch	HD WXGA (1366x768) LED	Intel® Core™ i7 processzor 3667U	2000 MHz	4096 MB	DDR3 1600MHz	180 GB	7200 rpm	Intel HD Graphics 4000	- MB	1.42 Kg	3 év	6 cella	opció	Windows 7 Professional 64bit	igen	10/100/1000Mbps, WLAN a/b/g/n	802.11b/g/n	HSDPA	VGA, Bluetooth, eSATA, 2xUSB 3.0, Display Port, Dock, Firewire	Memóriakártya-olvasó	magyar	Ujjlenyomat olvasó, SSD drive, Billentyűzet megvilágítás, HD Webcamera	új				
Asus G55VW -S1142V Notebook	303071 Ft	15.60 inch	FULL HD (1920x1080) LED	Intel® Core™ i5 processzor 3210M	2500 - 3100 MHz	8192 MB	DDR3 1600MHz	750 GB	7200 rpm	NVIDIA® Tegra™ 2	2048 MB	3.80 Kg	2 év	8 cella	DVD-RW SuperMulti DL	Windows 7 Home Premium 64bit	igen	10/100/1000Mbps, WLAN a/b/g/n	802.11b/g/n	opció	VGA, Bluetooth, HDMI, 4xUSB 3.0, Mini Display Port	Memóriakártya-olvasó	magyar	Billentyűzet megvilágítás, HD Webcamera	új	384 x 299 x 20-51 mm	Táska + Egér		
HP EliteBook 8470p Notebook	340866 Ft	14.00 inch	HD+ WUGA (1600x900) LED	Intel® Core™ i7 processzor 3520M	2900 - 3600 MHz	4096 MB	DDR3 1600MHz	500 GB	7200 rpm	AMD Radeon™ HD 7570M	1024 MB	2.25 Kg	3 év	6 cella	DVD+-RW	Windows 7 Professional 64bit	igen	10/100/1000Mbps, WLAN a/b/g/n	802.11b/g/n	HSDPA	USB 2.0, VGA, Firewire, Bluetooth, eSATA, 2xUSB 3.0, Display Port, Dock	Memóriakártya-olvasó	magyar	Ujjlenyomat olvasó, Billentyűzet megvilágítás, HD Webcamera	új				
HP EliteBook 2570p Notebook	337717 Ft	12.50 inch	HD WXGA (1366x768) LED	Intel® Core™ i7 processzor 3520M	2900 - 3600 MHz	4096 MB	DDR3 1600MHz	500 GB	7200 rpm	Intel HD Graphics 4000	- MB	1.80 Kg	3 év	6 cella	DVD+-RW	Windows 7 Professional 64bit	igen	10/100/1000Mbps, WLAN a/b/g/n	802.11b/g/n	HSDPA foglalat	USB 2.0, VGA, Bluetooth, eSATA, 1xUSB 3.0, Display Port, Dock	Memóriakártya-olvasó	magyar	Ujjlenyomat olvasó, Billentyűzet megvilágítás, HD Webcamera	új				
Asus G55VW -S1140V Notebook	343228 Ft	15.60 inch	FULL HD (1920x1080) LED	Intel® Core™ i7 processzor 3610QM	2300 - 3300 MHz	8192 MB	DDR3 1600MHz	750 GB	7200 rpm	NVIDIA® GeForce® GT 660M	2048 MB	3.80 Kg	2 év	8 cella	DVD-RW SuperMulti DL	Windows 7 Home Premium 64bit	igen	10/100/1000Mbps, WLAN a/b/g/n	802.11b/g/n	opció	VGA, Bluetooth, HDMI, 4xUSB 3.0, Mini Display Port	Memóriakártya-olvasó	magyar	SSD drive, Billentyűzet megvilágítás, HD Webcamera	új	384 x 299 x 20-51 mm	Táska + Egér	128 GB	
Dell XPS 13 Notebook	358976 Ft	13.30 inch	HD WXGA (1366x768) LED	Intel® Core™ i5 processzor 2467M	1600 MHz	4096 MB	DDR3 1333MHz	256 GB		Intel HD Graphics 3000	- MB	1.36 Kg	3 év	6 cella	-	Windows 7 Home Premium 64bit	igen	10/100/1000Mbps	802.11b/g/n	opció	USB 2.0, Bluetooth, 1xUSB 3.0, Mini Display Port		angol	SSD drive, Billentyűzet megvilágítás, HD Webcamera	új				
HP EliteBook 8570w Notebook	350315 Ft	15.60 inch	FULL HD (1920x1080) LED	Intel® Core™ i5 processzor 3360M	2800 - 3500 MHz	4096 MB	DDR3 1600MHz	500 GB	7200 rpm	AMD FirePro M4000	1024 MB	3.10 Kg	3 év	8 cella	DVD-RW SuperMulti DL	Windows 7 Professional 64bit	igen	10/100/1000Mbps, WLAN a/b/g/n	802.11b/g/n	HSDPA foglalat	2xUSB 2.0, VGA, Firewire, Bluetooth, eSATA, 2xUSB 3.0, Display Port, Dock	Memóriakártya-olvasó	magyar	HD Webcamera	új				
Asus G75VW -T1321V Notebook	367638 Ft	17.30 inch	FULL HD (1920x1080) LED	Intel® Core™ i7 processzor 3610QM	2300 - 3300 MHz	8192 MB	DDR3 1600MHz	750 GB	7200 rpm	NVIDIA® GeForce® GT 660M	2048 MB	4.50 Kg	2 év	8 cella	DVD-RW SuperMulti DL	Windows 7 Home Premium 64bit	igen	10/100/1000Mbps, WLAN a/b/g/n	802.11b/g/n	opció	VGA, Bluetooth, HDMI, 4xUSB 3.0, Mini Display Port	Memóriakártya-olvasó	magyar	SSD drive, HD Webcamera	új	415 x 320 x 17-52 mm	Ajándék táska, egér	160 GB	
HP EliteBook 8470w Notebook	372362 Ft	14.00 inch	HD+ WUGA (1600x900) LED	Intel® Core™ i7 processzor 3610QM	2300 - 3300 MHz	4096 MB	DDR3 1600MHz	750 GB	7200 rpm	AMD FirePro M2000	- MB	2.50 Kg	3 év	6 cella	DVD-RW SuperMulti DL	Windows 7 Professional 64bit	igen	10/100/1000Mbps, WLAN a/b/g/n	802.11b/g/n	HSDPA foglalat	USB 2.0, VGA, Firewire, Bluetooth, eSATA, 2xUSB 3.0, Display Port, Dock	Memóriakártya-olvasó	magyar	Billentyűzet megvilágítás, HD Webcamera	új				
HP EliteBook 8770w Notebook	378661 Ft	17.30 inch	FULL HD (1920x1080) LED	Intel® Core™ i5 processzor 3360M	2800 - 3500 MHz	4096 MB	DDR3 1600MHz	500 GB	7200 rpm	AMD FirePro M4000	1024 MB	3.57 Kg	3 év	8 cella	DVD+-RW	Windows 7 Professional 64bit	igen	10/100/1000Mbps, WLAN a/b/g/n	802.11b/g/n	HSDPA foglalat	2xUSB 2.0, VGA, Firewire, Bluetooth, eSATA, 2xUSB 3.0, Display Port, Dock	Memóriakártya-olvasó	magyar	Ujjlenyomat olvasó, HD Webcamera	új				
Asus G55VW -IX143V Notebook	399134 Ft	15.60 inch	WXGA 3D FULL HD LED (1920x1080)	Intel® Core™ i7 processzor 3610QM	2300 - 3300 MHz	8192 MB	DDR3 1600MHz	750 GB	7200 rpm	NVIDIA® GeForce® GT 660M	2048 MB	3.80 Kg	2 év	8 cella	Blue-Ray RW	Windows 7 Professional 64bit	igen	10/100/1000Mbps, WLAN a/b/g/n	802.11b/g/n	opció	VGA, Bluetooth, HDMI, 4xUSB 3.0, Mini Display Port	Memóriakártya-olvasó	magyar	SSD drive, Billentyűzet megvilágítás, HD Webcamera	új	384 x 299 x 20-51 mm	táska, egér, headset,3D szemüveg	128 GB	
Fujitsu Lifebook T902 Notebook	404647 Ft	13.30 inch	HD+ WUGA (1600x900) LED	Intel® Core™ i5 processzor 3320M	2600 - 3300 MHz	4096 MB	DDR3 1600MHz	500 GB	7200 rpm	Intel HD Graphics 4000	- MB	1.89 Kg	3 év	6 cella	DVD-RW SuperMulti DL	Windows 7 Professional 64bit	igen	10/100/1000Mbps, WLAN a/b/g/n	802.11b/g/n	HSDPA foglalat	2xUSB 2.0, VGA, Bluetooth, HDMI, 2xUSB 3.0, Dock	Memóriakártya-olvasó	magyar	Ujjlenyomat olvasó, SIM kártya adapter, Érintőképernyő, HD Webcamera	új	326 x 244 x 27.1 mm			
Asus G75VW -9Z320V Notebook	431417 Ft	17.30 inch	WXGA 3D FULL HD LED (1920x1080)	Intel® Core™ i7 processzor 3610QM	2300 - 3300 MHz	8192 MB	DDR3 1600MHz	750 GB	7200 rpm	NVIDIA® GeForce® GT 660M	2048 MB	4.50 Kg	2 év	8 cella	Blue-Ray RW	Windows 7 Home Premium 64bit	igen	10/100/1000Mbps, WLAN a/b/g/n	802.11b/g/n	opció	VGA, Bluetooth, HDMI, 4xUSB 3.0, Mini Display Port	Memóriakártya-olvasó	magyar	SSD drive, Billentyűzet megvilágítás, HD Webcamera	új	415 x 320 x 17-52 mm	táska, egér, headset,3D szemüveg	256 GB	
